2024-04-05T11:11:26.933000,50:0b:cc:8e:9e:c6,1,-97
2024-04-05T11:11:27.244000,59:da:70:f0:a7:29,1,-96
2024-04-05T11:11:27.251000,65:ee:a6:5d:73:64,1,-80
2024-04-05T11:11:27.255000,ff:cb:d1:dc:df:ea,1,-49
2024-04-05T11:11:27.264000,dc:23:4f:a9:9a:46,0,-82
2024-04-05T11:11:27.277000,a0:de:0f:9b:a4:02,0,-82
2024-04-05T11:11:27.286000,a4:c1:38:e0:67:ae,0,-59
2024-04-05T11:11:27.293000,cb:94:54:ed:5d:28,1,-85
2024-04-05T11:11:27.349000,65:ee:a6:5d:73:64,1,-77
2024-04-05T11:11:27.380000,69:a7:43:2b:ec:af,1,-90
2024-04-05T11:11:27.671000,cb:94:54:ed:5d:28,1,-86
2024-04-05T11:11:27.710000,a0:de:0f:9b:a4:02,0,-85
2024-04-05T11:11:27.779000,14:13:0b:44:19:e5,0,-87
2024-04-05T11:11:27.803000,69:a7:43:2b:ec:af,1,-87
2024-04-05T11:11:27.920000,65:ee:a6:5d:73:64,1,-76
2024-04-05T11:11:27.949000,ff:cb:d1:dc:df:ea,1,-42
2024-04-05T11:11:28.091000,cb:94:54:ed:5d:28,1,-85
2024-04-05T11:11:28.117000,dc:23:4f:a9:9a:46,0,-93
2024-04-05T11:11:28.203000,65:ee:a6:5d:73:64,1,-78
2024-04-05T11:11:28.223000,69:a7:43:2b:ec:af,1,-90
2024-04-05T11:11:28.260000,a0:de:0f:9b:a4:02,0,-80
2024-04-05T11:11:28.509000,cb:94:54:ed:5d:28,1,-88
2024-04-05T11:11:28.777000,65:ee:a6:5d:73:64,1,-81
2024-04-05T11:11:28.800000,ff:cb:d1:dc:df:ea,1,-46
2024-04-05T11:11:28.820000,a0:de:0f:9b:a4:02,0,-83
2024-04-05T11:11:28.932000,cb:94:54:ed:5d:28,1,-81
2024-04-05T11:11:29.062000,65:ee:a6:5d:73:64,1,-75
2024-04-05T11:11:29.067000,14:13:0b:44:19:e5,0,-86
2024-04-05T11:11:29.080000,e8:d2:ed:ce:49:81,1,-55
2024-04-05T11:11:29.248000,a4:c1:38:e0:67:ae,0,-62
2024-04-05T11:11:29.350000,65:ee:a6:5d:73:64,1,-72
2024-04-05T11:11:29.354000,cb:94:54:ed:5d:28,1,-83
2024-04-05T11:11:29.374000,a0:de:0f:9b:a4:02,0,-81
2024-04-05T11:11:29.400000,50:0b:cc:8e:9e:c6,1,-96
2024-04-05T11:11:29.660000,ff:cb:d1:dc:df:ea,1,-42
2024-04-05T11:11:29.782000,cb:94:54:ed:5d:28,1,-79
2024-04-05T11:11:29.910000,69:a7:43:2b:ec:af,1,-93
2024-04-05T11:11:29.919000,65:ee:a6:5d:73:64,1,-83
2024-04-05T11:11:29.927000,a0:de:0f:9b:a4:02,0,-86
2024-04-05T11:11:30.129000,dc:23:4f:a9:9a:46,0,-91
2024-04-05T11:11:30.207000,cb:94:54:ed:5d:28,1,-80
2024-04-05T11:11:30.343000,69:a7:43:2b:ec:af,1,-85
2024-04-05T11:11:30.357000,14:13:0b:44:19:e5,0,-91
2024-04-05T11:11:30.499000,65:ee:a6:5d:73:64,1,-75
2024-04-05T11:11:30.519000,ff:cb:d1:dc:df:ea,1,-41
2024-04-05T11:11:30.768000,69:a7:43:2b:ec:af,1,-95
2024-04-05T11:11:30.780000,65:ee:a6:5d:73:64,1,-89
2024-04-05T11:11:31.031000,a0:de:0f:9b:a4:02,0,-83
2024-04-05T11:11:31.042000,50:0b:cc:8e:9e:c6,1,-100
2024-04-05T11:11:31.053000,cb:94:54:ed:5d:28,1,-83
2024-04-05T11:11:31.072000,65:ee:a6:5d:73:64,1,-72
2024-04-05T11:11:31.304000,a4:c1:38:e0:67:ae,0,-61
2024-04-05T11:11:31.359000,65:ee:a6:5d:73:64,1,-76
2024-04-05T11:11:31.374000,ff:cb:d1:dc:df:ea,1,-41
2024-04-05T11:11:31.474000,cb:94:54:ed:5d:28,1,-83
2024-04-05T11:11:31.582000,a0:de:0f:9b:a4:02,0,-85
2024-04-05T11:11:31.608000,69:a7:43:2b:ec:af,1,-87
2024-04-05T11:11:31.814000,c1:3f:bc:51:87:7b,1,-95
2024-04-05T11:11:31.857000,50:0b:cc:8e:9e:c6,1,-95
2024-04-05T11:11:31.901000,cb:94:54:ed:5d:28,1,-80
2024-04-05T11:11:31.927000,65:ee:a6:5d:73:64,1,-78
2024-04-05T11:11:32.031000,69:a7:43:2b:ec:af,1,-85
2024-04-05T11:11:32.132000,a0:de:0f:9b:a4:02,0,-82
2024-04-05T11:11:32.150000,50:0b:cc:8e:9e:c6,1,-97
2024-04-05T11:11:32.167000,dc:23:4f:a9:9a:46,0,-86
2024-04-05T11:11:32.213000,65:ee:a6:5d:73:64,1,-77
2024-04-05T11:11:32.232000,ff:cb:d1:dc:df:ea,1,-44
2024-04-05T11:11:32.323000,cb:94:54:ed:5d:28,1,-80
2024-04-05T11:11:32.451000,69:a7:43:2b:ec:af,1,-87
2024-04-05T11:11:32.499000,65:ee:a6:5d:73:64,1,-76
2024-04-05T11:11:32.685000,a0:de:0f:9b:a4:02,0,-84
2024-04-05T11:11:32.705000,a0:de:0f:9b:a4:02,0,-90
2024-04-05T11:11:32.744000,cb:94:54:ed:5d:28,1,-81
2024-04-05T11:11:32.873000,69:a7:43:2b:ec:af,1,-86
2024-04-05T11:11:32.929000,14:13:0b:44:19:e5,0,-86
2024-04-05T11:11:33.077000,65:ee:a6:5d:73:64,1,-75
2024-04-05T11:11:33.093000,ff:cb:d1:dc:df:ea,1,-46
2024-04-05T11:11:33.151000,c2:4b:e5:af:32:81,1,-95
2024-04-05T11:11:33.163000,cb:94:54:ed:5d:28,1,-81
2024-04-05T11:11:33.238000,a0:de:0f:9b:a4:02,0,-84
2024-04-05T11:11:33.259000,f8:dc:c0:ed:fc:01,1,-98
2024-04-05T11:11:33.294000,69:a7:43:2b:ec:af,1,-85
2024-04-05T11:11:33.362000,65:ee:a6:5d:73:64,1,-93
2024-04-05T11:11:33.441000,a4:c1:38:e0:67:ae,0,-61
2024-04-05T11:11:33.589000,cb:94:54:ed:5d:28,1,-86
2024-04-05T11:11:33.654000,65:ee:a6:5d:73:64,1,-75
2024-04-05T11:11:33.795000,a0:de:0f:9b:a4:02,0,-82
2024-04-05T11:11:33.813000,a0:de:0f:9b:a4:02,0,-83
2024-04-05T11:11:33.941000,65:ee:a6:5d:73:64,1,-77
2024-04-05T11:11:33.954000,ff:cb:d1:dc:df:ea,1,-41
2024-04-05T11:11:33.983000,66:6f:43:a7:1a:c8,1,-97
2024-04-05T11:11:34.011000,cb:94:54:ed:5d:28,1,-83
2024-04-05T11:11:34.053000,50:0b:cc:8e:9e:c6,1,-95
2024-04-05T11:11:34.094000,e8:d2:ed:ce:49:81,1,-55
2024-04-05T11:11:34.139000,69:a7:43:2b:ec:af,1,-88
2024-04-05T11:11:34.149000,dc:23:4f:a9:9a:46,0,-85
2024-04-05T11:11:34.214000,14:13:0b:44:19:e5,0,-82
2024-04-05T11:11:34.229000,65:ee:a6:5d:73:64,1,-87
2024-04-05T11:11:34.345000,a0:de:0f:9b:a4:02,0,-86
2024-04-05T11:11:34.434000,cb:94:54:ed:5d:28,1,-82
2024-04-05T11:11:34.514000,65:ee:a6:5d:73:64,1,-77
2024-04-05T11:11:34.565000,69:a7:43:2b:ec:af,1,-91
2024-04-05T11:11:34.797000,65:ee:a6:5d:73:64,1,-87
2024-04-05T11:11:34.807000,ff:cb:d1:dc:df:ea,1,-44
2024-04-05T11:11:34.853000,cb:94:54:ed:5d:28,1,-81
2024-04-05T11:11:34.891000,a0:de:0f:9b:a4:02,0,-80
2024-04-05T11:11:34.984000,69:a7:43:2b:ec:af,1,-90
2024-04-05T11:11:35.079000,65:ee:a6:5d:73:64,1,-81
2024-04-05T11:11:35.087000,66:6f:43:a7:1a:c8,1,-94
2024-04-05T11:11:35.152000,dc:23:4f:a9:9a:46,0,-83
2024-04-05T11:11:35.166000,c2:4b:e5:af:32:81,1,-97
2024-04-05T11:11:35.171000,50:0b:cc:8e:9e:c6,1,-95
2024-04-05T11:11:35.368000,65:ee:a6:5d:73:64,1,-79
2024-04-05T11:11:35.405000,69:a7:43:2b:ec:af,1,-95
2024-04-05T11:11:35.432000,50:0b:cc:8e:9e:c6,1,-94
2024-04-05T11:11:35.444000,a0:de:0f:9b:a4:02,0,-81
2024-04-05T11:11:35.657000,65:ee:a6:5d:73:64,1,-73
2024-04-05T11:11:35.662000,ff:cb:d1:dc:df:ea,1,-38
2024-04-05T11:11:35.701000,cb:94:54:ed:5d:28,1,-81
2024-04-05T11:11:35.832000,69:a7:43:2b:ec:af,1,-91
2024-04-05T11:11:35.858000,a4:c1:38:e0:67:ae,0,-65
2024-04-05T11:11:35.942000,65:ee:a6:5d:73:64,1,-83
2024-04-05T11:11:36.120000,cb:94:54:ed:5d:28,1,-80
2024-04-05T11:11:36.157000,dc:23:4f:a9:9a:46,0,-90
2024-04-05T11:11:36.233000,65:ee:a6:5d:73:64,1,-73
2024-04-05T11:11:36.238000,48:70:1e:63:17:41,0,-96
2024-04-05T11:11:36.252000,69:a7:43:2b:ec:af,1,-90
2024-04-05T11:11:36.353000,14:13:0b:44:19:e5,0,-85
2024-04-05T11:11:36.400000,14:13:0b:44:19:e5,0,-82
2024-04-05T11:11:36.422000,14:13:0b:44:19:e5,0,-84
2024-04-05T11:11:36.469000,14:13:0b:44:19:e5,0,-87
2024-04-05T11:11:36.493000,14:13:0b:44:19:e5,0,-83
2024-04-05T11:11:36.516000,14:13:0b:44:19:e5,0,-81
2024-04-05T11:11:36.524000,65:ee:a6:5d:73:64,1,-75
2024-04-05T11:11:36.528000,ff:cb:d1:dc:df:ea,1,-44
2024-04-05T11:11:36.543000,14:13:0b:44:19:e5,0,-84
2024-04-05T11:11:36.550000,a0:de:0f:9b:a4:02,0,-83
2024-04-05T11:11:36.561000,cb:94:54:ed:5d:28,1,-82
2024-04-05T11:11:36.571000,14:13:0b:44:19:e5,0,-86
2024-04-05T11:11:36.580000,14:13:0b:44:19:e5,0,-85
2024-04-05T11:11:36.600000,14:13:0b:44:19:e5,0,-85
2024-04-05T11:11:36.608000,e8:d2:ed:ce:49:81,1,-57
2024-04-05T11:11:36.627000,14:13:0b:44:19:e5,0,-85
2024-04-05T11:11:36.645000,14:13:0b:44:19:e5,0,-81
2024-04-05T11:11:36.667000,14:13:0b:44:19:e5,0,-82
2024-04-05T11:11:36.687000,14:13:0b:44:19:e5,0,-85
2024-04-05T11:11:36.710000,14:13:0b:44:19:e5,0,-85
2024-04-05T11:11:36.733000,14:13:0b:44:19:e5,0,-81
2024-04-05T11:11:36.754000,14:13:0b:44:19:e5,0,-85
2024-04-05T11:11:36.798000,14:13:0b:44:19:e5,0,-87
2024-04-05T11:11:36.813000,50:0b:cc:8e:9e:c6,1,-94
2024-04-05T11:11:36.823000,14:13:0b:44:19:e5,0,-81
2024-04-05T11:11:36.841000,14:13:0b:44:19:e5,0,-85
2024-04-05T11:11:36.862000,14:13:0b:44:19:e5,0,-84
2024-04-05T11:11:36.887000,14:13:0b:44:19:e5,0,-85
2024-04-05T11:11:36.906000,14:13:0b:44:19:e5,0,-80
2024-04-05T11:11:36.927000,14:13:0b:44:19:e5,0,-84
2024-04-05T11:11:36.949000,14:13:0b:44:19:e5,0,-86
2024-04-05T11:11:36.966000,cb:94:54:ed:5d:28,1,-81
2024-04-05T11:11:36.975000,14:13:0b:44:19:e5,0,-82
2024-04-05T11:11:36.992000,14:13:0b:44:19:e5,0,-84
2024-04-05T11:11:37.003000,48:70:1e:63:17:41,0,-94
2024-04-05T11:11:37.013000,14:13:0b:44:19:e5,0,-85
2024-04-05T11:11:37.037000,14:13:0b:44:19:e5,0,-85
2024-04-05T11:11:37.061000,14:13:0b:44:19:e5,0,-81
2024-04-05T11:11:37.083000,14:13:0b:44:19:e5,0,-85
2024-04-05T11:11:37.091000,65:ee:a6:5d:73:64,1,-76
2024-04-05T11:11:37.095000,69:a7:43:2b:ec:af,1,-88
2024-04-05T11:11:37.105000,a0:de:0f:9b:a4:02,0,-87
2024-04-05T11:11:37.118000,14:13:0b:44:19:e5,0,-85
2024-04-05T11:11:37.130000,14:13:0b:44:19:e5,0,-84
2024-04-05T11:11:37.152000,14:13:0b:44:19:e5,0,-82
2024-04-05T11:11:37.163000,dc:23:4f:a9:9a:46,0,-83
2024-04-05T11:11:37.176000,14:13:0b:44:19:e5,0,-81
2024-04-05T11:11:37.199000,14:13:0b:44:19:e5,0,-83
2024-04-05T11:11:37.225000,48:70:1e:63:17:41,0,-90
2024-04-05T11:11:37.247000,14:13:0b:44:19:e5,0,-84
2024-04-05T11:11:37.271000,14:13:0b:44:19:e5,0,-81
2024-04-05T11:11:37.296000,14:13:0b:44:19:e5,0,-80
2024-04-05T11:11:37.333000,48:70:1e:63:17:41,0,-91
2024-04-05T11:11:37.339000,14:13:0b:44:19:e5,0,-84
2024-04-05T11:11:37.356000,14:13:0b:44:19:e5,0,-81
2024-04-05T11:11:37.378000,14:13:0b:44:19:e5,0,-84
2024-04-05T11:11:37.385000,ff:cb:d1:dc:df:ea,1,-46
2024-04-05T11:11:37.401000,cb:94:54:ed:5d:28,1,-82
2024-04-05T11:11:37.412000,14:13:0b:44:19:e5,0,-84
2024-04-05T11:11:37.422000,14:13:0b:44:19:e5,0,-81
2024-04-05T11:11:37.442000,14:13:0b:44:19:e5,0,-82
2024-04-05T11:11:37.463000,14:13:0b:44:19:e5,0,-86
2024-04-05T11:11:37.487000,14:13:0b:44:19:e5,0,-86
2024-04-05T11:11:37.519000,69:a7:43:2b:ec:af,1,-84
2024-04-05T11:11:37.529000,14:13:0b:44:19:e5,0,-86
2024-04-05T11:11:37.570000,14:13:0b:44:19:e5,0,-82
2024-04-05T11:11:37.589000,14:13:0b:44:19:e5,0,-85
2024-04-05T11:11:37.610000,14:13:0b:44:19:e5,0,-86
2024-04-05T11:11:37.632000,14:13:0b:44:19:e5,0,-82
2024-04-05T11:11:37.648000,a0:de:0f:9b:a4:02,0,-81
2024-04-05T11:11:37.659000,65:ee:a6:5d:73:64,1,-77
2024-04-05T11:11:37.680000,14:13:0b:44:19:e5,0,-84
2024-04-05T11:11:37.703000,14:13:0b:44:19:e5,0,-85
2024-04-05T11:11:37.722000,14:13:0b:44:19:e5,0,-82
2024-04-05T11:11:37.742000,14:13:0b:44:19:e5,0,-84
2024-04-05T11:11:37.763000,14:13:0b:44:19:e5,0,-85
2024-04-05T11:11:37.782000,14:13:0b:44:19:e5,0,-81
2024-04-05T11:11:37.808000,14:13:0b:44:19:e5,0,-85
2024-04-05T11:11:37.823000,cb:94:54:ed:5d:28,1,-81
2024-04-05T11:11:37.852000,14:13:0b:44:19:e5,0,-85
2024-04-05T11:11:37.873000,14:13:0b:44:19:e5,0,-82
2024-04-05T11:11:37.918000,14:13:0b:44:19:e5,0,-84
2024-04-05T11:11:37.939000,14:13:0b:44:19:e5,0,-86
2024-04-05T11:11:37.948000,65:ee:a6:5d:73:64,1,-86
2024-04-05T11:11:37.959000,14:13:0b:44:19:e5,0,-82
2024-04-05T11:11:37.975000,48:70:1e:63:17:41,0,-90
2024-04-05T11:11:37.982000,14:13:0b:44:19:e5,0,-84
2024-04-05T11:11:37.999000,14:13:0b:44:19:e5,0,-86
2024-04-05T11:11:38.022000,14:13:0b:44:19:e5,0,-81
2024-04-05T11:11:38.042000,14:13:0b:44:19:e5,0,-86
2024-04-05T11:11:38.063000,14:13:0b:44:19:e5,0,-85
2024-04-05T11:11:38.082000,14:13:0b:44:19:e5,0,-80
2024-04-05T11:11:38.102000,14:13:0b:44:19:e5,0,-85
2024-04-05T11:11:38.120000,66:6f:43:a7:1a:c8,1,-100
2024-04-05T11:11:38.147000,14:13:0b:44:19:e5,0,-85
2024-04-05T11:11:38.163000,dc:23:4f:a9:9a:46,0,-86
2024-04-05T11:11:38.193000,48:70:1e:63:17:41,0,-91
2024-04-05T11:11:38.200000,a0:de:0f:9b:a4:02,0,-80
2024-04-05T11:11:38.212000,14:13:0b:44:19:e5,0,-85
2024-04-05T11:11:38.233000,cb:94:54:ed:5d:28,1,-83
2024-04-05T11:11:38.242000,65:ee:a6:5d:73:64,1,-77
2024-04-05T11:11:38.246000,ff:cb:d1:dc:df:ea,1,-40
2024-04-05T11:11:38.257000,14:13:0b:44:19:e5,0,-82
2024-04-05T11:11:38.281000,14:13:0b:44:19:e5,0,-85
2024-04-05T11:11:38.302000,48:70:1e:63:17:41,0,-99
2024-04-05T11:11:38.308000,14:13:0b:44:19:e5,0,-85
2024-04-05T11:11:38.323000,14:13:0b:44:19:e5,0,-81
2024-04-05T11:11:38.343000,14:13:0b:44:19:e5,0,-85
2024-04-05T11:11:38.367000,69:a7:43:2b:ec:af,1,-88
2024-04-05T11:11:38.389000,14:13:0b:44:19:e5,0,-86
2024-04-05T11:11:38.410000,14:13:0b:44:19:e5,0,-81
2024-04-05T11:11:38.431000,14:13:0b:44:19:e5,0,-83
2024-04-05T11:11:38.475000,14:13:0b:44:19:e5,0,-82
2024-04-05T11:11:38.500000,14:13:0b:44:19:e5,0,-80
2024-04-05T11:11:38.518000,65:ee:a6:5d:73:64,1,-86
2024-04-05T11:11:38.561000,14:13:0b:44:19:e5,0,-81
2024-04-05T11:11:38.581000,14:13:0b:44:19:e5,0,-85
2024-04-05T11:11:38.602000,14:13:0b:44:19:e5,0,-86
2024-04-05T11:11:38.625000,14:13:0b:44:19:e5,0,-81
2024-04-05T11:11:38.644000,14:13:0b:44:19:e5,0,-84
2024-04-05T11:11:38.652000,cb:94:54:ed:5d:28,1,-83
2024-04-05T11:11:38.667000,14:13:0b:44:19:e5,0,-86
2024-04-05T11:11:38.692000,14:13:0b:44:19:e5,0,-86
2024-04-05T11:11:38.711000,14:13:0b:44:19:e5,0,-82
2024-04-05T11:11:38.731000,14:13:0b:44:19:e5,0,-84
2024-04-05T11:11:38.752000,14:13:0b:44:19:e5,0,-86
2024-04-05T11:11:38.759000,a0:de:0f:9b:a4:02,0,-86
2024-04-05T11:11:38.777000,14:13:0b:44:19:e5,0,-85
2024-04-05T11:11:38.792000,69:a7:43:2b:ec:af,1,-89
2024-04-05T11:11:38.809000,65:ee:a6:5d:73:64,1,-74
2024-04-05T11:11:38.819000,14:13:0b:44:19:e5,0,-84
2024-04-05T11:11:38.843000,14:13:0b:44:19:e5,0,-86
2024-04-05T11:11:38.865000,14:13:0b:44:19:e5,0,-82
2024-04-05T11:11:38.884000,14:13:0b:44:19:e5,0,-85
2024-04-05T11:11:38.930000,14:13:0b:44:19:e5,0,-84
2024-04-05T11:11:38.950000,14:13:0b:44:19:e5,0,-82
2024-04-05T11:11:38.969000,14:13:0b:44:19:e5,0,-84
2024-04-05T11:11:38.994000,14:13:0b:44:19:e5,0,-85
2024-04-05T11:11:39.018000,14:13:0b:44:19:e5,0,-86
2024-04-05T11:11:39.042000,14:13:0b:44:19:e5,0,-81
2024-04-05T11:11:39.062000,14:13:0b:44:19:e5,0,-84
2024-04-05T11:11:39.070000,48:70:1e:63:17:41,0,-94
2024-04-05T11:11:39.076000,cb:94:54:ed:5d:28,1,-82
2024-04-05T11:11:39.097000,ff:cb:d1:dc:df:ea,1,-42
2024-04-05T11:11:39.107000,14:13:0b:44:19:e5,0,-81
2024-04-05T11:11:39.115000,e8:d2:ed:ce:49:81,1,-53
2024-04-05T11:11:39.149000,14:13:0b:44:19:e5,0,-85
2024-04-05T11:11:39.173000,14:13:0b:44:19:e5,0,-85
2024-04-05T11:11:39.197000,14:13:0b:44:19:e5,0,-85
2024-04-05T11:11:39.211000,69:a7:43:2b:ec:af,1,-90
2024-04-05T11:11:39.220000,14:13:0b:44:19:e5,0,-82
2024-04-05T11:11:39.237000,14:13:0b:44:19:e5,0,-85
2024-04-05T11:11:39.258000,14:13:0b:44:19:e5,0,-85
2024-04-05T11:11:39.277000,14:13:0b:44:19:e5,0,-81
2024-04-05T11:11:39.284000,48:70:1e:63:17:41,0,-93
2024-04-05T11:11:39.307000,a0:de:0f:9b:a4:02,0,-80
2024-04-05T11:11:39.319000,14:13:0b:44:19:e5,0,-85
2024-04-05T11:11:39.338000,14:13:0b:44:19:e5,0,-81
2024-04-05T11:11:39.361000,14:13:0b:44:19:e5,0,-86
2024-04-05T11:11:39.383000,14:13:0b:44:19:e5,0,-86
2024-04-05T11:11:39.390000,65:ee:a6:5d:73:64,1,-86
2024-04-05T11:11:39.402000,14:13:0b:44:19:e5,0,-82
2024-04-05T11:11:39.422000,14:13:0b:44:19:e5,0,-85
2024-04-05T11:11:39.443000,14:13:0b:44:19:e5,0,-85
2024-04-05T11:11:39.468000,14:13:0b:44:19:e5,0,-85
2024-04-05T11:11:39.487000,14:13:0b:44:19:e5,0,-82
2024-04-05T11:11:39.494000,cb:94:54:ed:5d:28,1,-81
2024-04-05T11:11:39.507000,14:13:0b:44:19:e5,0,-84
2024-04-05T11:11:39.532000,14:13:0b:44:19:e5,0,-86
2024-04-05T11:11:39.551000,14:13:0b:44:19:e5,0,-82
2024-04-05T11:11:39.574000,14:13:0b:44:19:e5,0,-84
2024-04-05T11:11:39.620000,14:13:0b:44:19:e5,0,-85
2024-04-05T11:11:39.640000,14:13:0b:44:19:e5,0,-81
2024-04-05T11:11:39.662000,14:13:0b:44:19:e5,0,-83
2024-04-05T11:11:39.673000,65:ee:a6:5d:73:64,1,-77
2024-04-05T11:11:39.687000,14:13:0b:44:19:e5,0,-85
2024-04-05T11:11:39.719000,48:70:1e:63:17:41,0,-90
2024-04-05T11:11:39.731000,14:13:0b:44:19:e5,0,-81
2024-04-05T11:11:39.754000,14:13:0b:44:19:e5,0,-84
2024-04-05T11:11:39.779000,14:13:0b:44:19:e5,0,-85
2024-04-05T11:11:39.803000,14:13:0b:44:19:e5,0,-86
2024-04-05T11:11:39.822000,14:13:0b:44:19:e5,0,-82
2024-04-05T11:11:39.842000,14:13:0b:44:19:e5,0,-85
2024-04-05T11:11:39.855000,a0:de:0f:9b:a4:02,0,-80
2024-04-05T11:11:39.889000,14:13:0b:44:19:e5,0,-86
2024-04-05T11:11:39.911000,14:13:0b:44:19:e5,0,-82
2024-04-05T11:11:39.921000,cb:94:54:ed:5d:28,1,-81
2024-04-05T11:11:39.937000,14:13:0b:44:19:e5,0,-83
2024-04-05T11:11:39.952000,ff:cb:d1:dc:df:ea,1,-38
2024-04-05T11:11:39.973000,14:13:0b:44:19:e5,0,-83
2024-04-05T11:11:39.997000,14:13:0b:44:19:e5,0,-83
2024-04-05T11:11:40.019000,14:13:0b:44:19:e5,0,-82
2024-04-05T11:11:40.045000,48:70:1e:63:17:41,0,-94
2024-04-05T11:11:40.111000,14:13:0b:44:19:e5,0,-84
2024-04-05T11:11:40.134000,14:13:0b:44:19:e5,0,-86
2024-04-05T11:11:40.172000,dc:23:4f:a9:9a:46,0,-87
2024-04-05T11:11:40.184000,14:13:0b:44:19:e5,0,-82
2024-04-05T11:11:40.201000,14:13:0b:44:19:e5,0,-85
2024-04-05T11:11:40.208000,a4:c1:38:e0:67:ae,0,-63
2024-04-05T11:11:40.226000,14:13:0b:44:19:e5,0,-85
2024-04-05T11:11:40.241000,14:13:0b:44:19:e5,0,-82
2024-04-05T11:11:40.248000,65:ee:a6:5d:73:64,1,-77
2024-04-05T11:11:40.261000,48:70:1e:63:17:41,0,-93
2024-04-05T11:11:40.267000,14:13:0b:44:19:e5,0,-84
2024-04-05T11:11:40.284000,14:13:0b:44:19:e5,0,-85
2024-04-05T11:11:40.302000,14:13:0b:44:19:e5,0,-81
2024-04-05T11:11:40.324000,14:13:0b:44:19:e5,0,-84
2024-04-05T11:11:40.344000,cb:94:54:ed:5d:28,1,-81
2024-04-05T11:11:40.354000,14:13:0b:44:19:e5,0,-84
2024-04-05T11:11:40.372000,14:13:0b:44:19:e5,0,-85
2024-04-05T11:11:40.391000,14:13:0b:44:19:e5,0,-81
2024-04-05T11:11:40.403000,a0:de:0f:9b:a4:02,0,-86
2024-04-05T11:11:40.437000,14:13:0b:44:19:e5,0,-84
2024-04-05T11:11:40.458000,14:13:0b:44:19:e5,0,-86
2024-04-05T11:11:40.478000,14:13:0b:44:19:e5,0,-82
2024-04-05T11:11:40.487000,69:a7:43:2b:ec:af,1,-84
2024-04-05T11:11:40.501000,14:13:0b:44:19:e5,0,-84
2024-04-05T11:11:40.522000,14:13:0b:44:19:e5,0,-85
2024-04-05T11:11:40.534000,65:ee:a6:5d:73:64,1,-88
2024-04-05T11:11:40.541000,14:13:0b:44:19:e5,0,-81
2024-04-05T11:11:40.562000,14:13:0b:44:19:e5,0,-86
2024-04-05T11:11:40.607000,14:13:0b:44:19:e5,0,-86
2024-04-05T11:11:40.649000,14:13:0b:44:19:e5,0,-85
2024-04-05T11:11:40.672000,14:13:0b:44:19:e5,0,-85
2024-04-05T11:11:40.691000,14:13:0b:44:19:e5,0,-81
2024-04-05T11:11:40.713000,14:13:0b:44:19:e5,0,-85
2024-04-05T11:11:40.734000,14:13:0b:44:19:e5,0,-84
2024-04-05T11:11:40.753000,14:13:0b:44:19:e5,0,-82
2024-04-05T11:11:40.769000,cb:94:54:ed:5d:28,1,-80
2024-04-05T11:11:40.778000,14:13:0b:44:19:e5,0,-84
2024-04-05T11:11:40.798000,14:13:0b:44:19:e5,0,-87
2024-04-05T11:11:40.809000,ff:cb:d1:dc:df:ea,1,-44
2024-04-05T11:11:40.822000,14:13:0b:44:19:e5,0,-84
2024-04-05T11:11:40.830000,65:ee:a6:5d:73:64,1,-75
2024-04-05T11:11:40.841000,14:13:0b:44:19:e5,0,-81
2024-04-05T11:11:40.861000,14:13:0b:44:19:e5,0,-85
2024-04-05T11:11:40.878000,70:61:ee:55:de:05,0,-99
2024-04-05T11:11:40.889000,14:13:0b:44:19:e5,0,-85
2024-04-05T11:11:40.902000,69:a7:43:2b:ec:af,1,-86
2024-04-05T11:11:40.921000,14:13:0b:44:19:e5,0,-87
2024-04-05T11:11:40.932000,14:13:0b:44:19:e5,0,-83
2024-04-05T11:11:40.998000,14:13:0b:44:19:e5,0,-87
2024-04-05T11:11:41.022000,14:13:0b:44:19:e5,0,-82
2024-04-05T11:11:41.090000,14:13:0b:44:19:e5,0,-86
2024-04-05T11:11:41.111000,14:13:0b:44:19:e5,0,-82
2024-04-05T11:11:41.119000,65:ee:a6:5d:73:64,1,-78
2024-04-05T11:11:41.132000,14:13:0b:44:19:e5,0,-86
2024-04-05T11:11:41.149000,66:6f:43:a7:1a:c8,1,-95
2024-04-05T11:11:41.158000,14:13:0b:44:19:e5,0,-85
2024-04-05T11:11:41.180000,14:13:0b:44:19:e5,0,-86
2024-04-05T11:11:41.188000,dc:23:4f:a9:9a:46,0,-84
2024-04-05T11:11:41.203000,cb:94:54:ed:5d:28,1,-80
2024-04-05T11:11:41.221000,14:13:0b:44:19:e5,0,-84
2024-04-05T11:11:41.242000,14:13:0b:44:19:e5,0,-86
2024-04-05T11:11:41.267000,14:13:0b:44:19:e5,0,-86
2024-04-05T11:11:41.275000,f8:dc:c0:ed:fc:01,1,-95
2024-04-05T11:11:41.307000,14:13:0b:44:19:e5,0,-83
2024-04-05T11:11:41.329000,14:13:0b:44:19:e5,0,-86
2024-04-05T11:11:41.350000,14:13:0b:44:19:e5,0,-82
2024-04-05T11:11:41.370000,14:13:0b:44:19:e5,0,-86
2024-04-05T11:11:41.397000,65:ee:a6:5d:73:64,1,-88
2024-04-05T11:11:41.424000,66:6f:43:a7:1a:c8,1,-95
2024-04-05T11:11:41.505000,a0:de:0f:9b:a4:02,0,-80
2024-04-05T11:11:41.607000,e8:d2:ed:ce:49:81,1,-57
2024-04-05T11:11:41.620000,cb:94:54:ed:5d:28,1,-83
2024-04-05T11:11:41.671000,ff:cb:d1:dc:df:ea,1,-46
2024-04-05T11:11:41.681000,65:ee:a6:5d:73:64,1,-77
2024-04-05T11:11:41.748000,69:a7:43:2b:ec:af,1,-87
2024-04-05T11:11:42.045000,cb:94:54:ed:5d:28,1,-82
2024-04-05T11:11:42.058000,a0:de:0f:9b:a4:02,0,-79
2024-04-05T11:11:42.172000,69:a7:43:2b:ec:af,1,-89
2024-04-05T11:11:42.182000,dc:23:4f:a9:9a:46,0,-84
2024-04-05T11:11:42.257000,65:ee:a6:5d:73:64,1,-73
2024-04-05T11:11:42.327000,50:0b:cc:8e:9e:c6,1,-99
2024-04-05T11:11:42.403000,a4:c1:38:e0:67:ae,0,-65
2024-04-05T11:11:42.470000,cb:94:54:ed:5d:28,1,-80
2024-04-05T11:11:42.527000,ff:cb:d1:dc:df:ea,1,-39
2024-04-05T11:11:42.547000,65:ee:a6:5d:73:64,1,-77
2024-04-05T11:11:42.592000,69:a7:43:2b:ec:af,1,-85
2024-04-05T11:11:42.601000,50:0b:cc:8e:9e:c6,1,-97
2024-04-05T11:11:42.615000,a0:de:0f:9b:a4:02,0,-80
2024-04-05T11:11:42.658000,14:13:0b:44:19:e5,0,-84
2024-04-05T11:11:42.805000,66:6f:43:a7:1a:c8,1,-97
2024-04-05T11:11:42.890000,cb:94:54:ed:5d:28,1,-81
2024-04-05T11:11:43.124000,65:ee:a6:5d:73:64,1,-77
2024-04-05T11:11:43.145000,50:0b:cc:8e:9e:c6,1,-95
2024-04-05T11:11:43.163000,a0:de:0f:9b:a4:02,0,-84
2024-04-05T11:11:43.194000,dc:23:4f:a9:9a:46,0,-84
2024-04-05T11:11:43.278000,f8:dc:c0:ed:fc:01,1,-98
2024-04-05T11:11:43.312000,cb:94:54:ed:5d:28,1,-81
2024-04-05T11:11:43.385000,ff:cb:d1:dc:df:ea,1,-46
2024-04-05T11:11:43.437000,69:a7:43:2b:ec:af,1,-89
2024-04-05T11:11:43.637000,66:6f:43:a7:1a:c8,1,-99
2024-04-05T11:11:43.691000,65:ee:a6:5d:73:64,1,-77
2024-04-05T11:11:43.708000,a0:de:0f:9b:a4:02,0,-80
2024-04-05T11:11:43.733000,cb:94:54:ed:5d:28,1,-81
2024-04-05T11:11:43.858000,69:a7:43:2b:ec:af,1,-85
2024-04-05T11:11:43.908000,66:6f:43:a7:1a:c8,1,-95
2024-04-05T11:11:43.944000,14:13:0b:44:19:e5,0,-83
2024-04-05T11:11:44.117000,e8:d2:ed:ce:49:81,1,-53
2024-04-05T11:11:44.185000,66:6f:43:a7:1a:c8,1,-96
2024-04-05T11:11:44.202000,dc:23:4f:a9:9a:46,0,-84
2024-04-05T11:11:44.247000,ff:cb:d1:dc:df:ea,1,-46
2024-04-05T11:11:44.264000,65:ee:a6:5d:73:64,1,-77
2024-04-05T11:11:44.271000,a0:de:0f:9b:a4:02,0,-79
2024-04-05T11:11:44.289000,69:a7:43:2b:ec:af,1,-82
2024-04-05T11:11:44.504000,a4:c1:38:e0:67:ae,0,-64
2024-04-05T11:11:44.547000,65:ee:a6:5d:73:64,1,-88
2024-04-05T11:11:44.705000,69:a7:43:2b:ec:af,1,-88
2024-04-05T11:11:44.814000,a0:de:0f:9b:a4:02,0,-86
2024-04-05T11:11:44.837000,65:ee:a6:5d:73:64,1,-75
2024-04-05T11:11:45.003000,cb:94:54:ed:5d:28,1,-81
2024-04-05T11:11:45.018000,66:6f:43:a7:1a:c8,1,-99
2024-04-05T11:11:45.101000,ff:cb:d1:dc:df:ea,1,-43
2024-04-05T11:11:45.119000,65:ee:a6:5d:73:64,1,-88
2024-04-05T11:11:45.130000,69:a7:43:2b:ec:af,1,-86
2024-04-05T11:11:45.200000,dc:23:4f:a9:9a:46,0,-84
2024-04-05T11:11:45.233000,14:13:0b:44:19:e5,0,-86
2024-04-05T11:11:45.364000,a0:de:0f:9b:a4:02,0,-80
2024-04-05T11:11:45.403000,65:ee:a6:5d:73:64,1,-78
2024-04-05T11:11:45.430000,cb:94:54:ed:5d:28,1,-82
2024-04-05T11:11:45.557000,69:a7:43:2b:ec:af,1,-94
2024-04-05T11:11:45.618000,50:0b:cc:8e:9e:c6,1,-101
2024-04-05T11:11:45.691000,65:ee:a6:5d:73:64,1,-87
2024-04-05T11:11:45.851000,cb:94:54:ed:5d:28,1,-83
2024-04-05T11:11:45.924000,a0:de:0f:9b:a4:02,0,-86
2024-04-05T11:11:45.959000,ff:cb:d1:dc:df:ea,1,-46
2024-04-05T11:11:45.971000,69:a7:43:2b:ec:af,1,-94
2024-04-05T11:11:45.986000,65:ee:a6:5d:73:64,1,-76
2024-04-05T11:11:46.167000,50:0b:cc:8e:9e:c6,1,-97
2024-04-05T11:11:46.269000,65:ee:a6:5d:73:64,1,-78
2024-04-05T11:11:46.392000,69:a7:43:2b:ec:af,1,-94
2024-04-05T11:11:46.473000,a0:de:0f:9b:a4:02,0,-81
2024-04-05T11:11:46.518000,14:13:0b:44:19:e5,0,-86
2024-04-05T11:11:46.625000,e8:d2:ed:ce:49:81,1,-57
2024-04-05T11:11:46.660000,66:6f:43:a7:1a:c8,1,-100
2024-04-05T11:11:46.692000,cb:94:54:ed:5d:28,1,-82
2024-04-05T11:11:46.808000,a4:c1:38:e0:67:ae,0,-64
2024-04-05T11:11:46.818000,ff:cb:d1:dc:df:ea,1,-37
2024-04-05T11:11:46.839000,65:ee:a6:5d:73:64,1,-78
2024-04-05T11:11:46.931000,66:6f:43:a7:1a:c8,1,-93
2024-04-05T11:11:47.117000,cb:94:54:ed:5d:28,1,-82
2024-04-05T11:11:47.128000,65:ee:a6:5d:73:64,1,-86
2024-04-05T11:11:47.200000,dc:23:4f:a9:9a:46,0,-89
2024-04-05T11:11:47.241000,69:a7:43:2b:ec:af,1,-89
2024-04-05T11:11:47.421000,65:ee:a6:5d:73:64,1,-75
2024-04-05T11:11:47.481000,66:6f:43:a7:1a:c8,1,-98
2024-04-05T11:11:47.543000,cb:94:54:ed:5d:28,1,-82
2024-04-05T11:11:47.579000,a0:de:0f:9b:a4:02,0,-81
2024-04-05T11:11:47.674000,ff:cb:d1:dc:df:ea,1,-49
2024-04-05T11:11:47.707000,65:ee:a6:5d:73:64,1,-78
2024-04-05T11:11:47.805000,14:13:0b:44:19:e5,0,-83
2024-04-05T11:11:47.964000,cb:94:54:ed:5d:28,1,-81
2024-04-05T11:11:48.097000,69:a7:43:2b:ec:af,1,-89
2024-04-05T11:11:48.135000,a0:de:0f:9b:a4:02,0,-81
2024-04-05T11:11:48.204000,dc:23:4f:a9:9a:46,0,-83
2024-04-05T11:11:48.283000,65:ee:a6:5d:73:64,1,-77
2024-04-05T11:11:48.380000,50:0b:cc:8e:9e:c6,1,-100
2024-04-05T11:11:48.388000,cb:94:54:ed:5d:28,1,-82
2024-04-05T11:11:48.527000,ff:cb:d1:dc:df:ea,1,-39
2024-04-05T11:11:48.568000,65:ee:a6:5d:73:64,1,-88
2024-04-05T11:11:48.815000,cb:94:54:ed:5d:28,1,-84
2024-04-05T11:11:48.858000,65:ee:a6:5d:73:64,1,-74
2024-04-05T11:11:49.069000,a4:c1:38:e0:67:ae,0,-61
2024-04-05T11:11:49.090000,14:13:0b:44:19:e5,0,-82
2024-04-05T11:11:49.131000,e8:d2:ed:ce:49:81,1,-52
2024-04-05T11:11:49.141000,65:ee:a6:5d:73:64,1,-84
2024-04-05T11:11:49.209000,dc:23:4f:a9:9a:46,0,-86
2024-04-05T11:11:49.237000,a0:de:0f:9b:a4:02,0,-82
2024-04-05T11:11:49.247000,cb:94:54:ed:5d:28,1,-82
2024-04-05T11:11:49.388000,ff:cb:d1:dc:df:ea,1,-44
2024-04-05T11:11:49.419000,69:a7:43:2b:ec:af,1,-86
2024-04-05T11:11:49.437000,65:ee:a6:5d:73:64,1,-76
2024-04-05T11:11:49.475000,50:0b:cc:8e:9e:c6,1,-98
2024-04-05T11:11:49.664000,cb:94:54:ed:5d:28,1,-81
2024-04-05T11:11:49.709000,65:ee:a6:5d:73:64,1,-86
2024-04-05T11:11:49.771000,69:a7:43:2b:ec:af,1,-86
2024-04-05T11:11:49.787000,a0:de:0f:9b:a4:02,0,-88
2024-04-05T11:11:49.993000,65:ee:a6:5d:73:64,1,-77
2024-04-05T11:11:50.091000,cb:94:54:ed:5d:28,1,-83
2024-04-05T11:11:50.241000,ff:cb:d1:dc:df:ea,1,-41
2024-04-05T11:11:50.279000,65:ee:a6:5d:73:64,1,-87
2024-04-05T11:11:50.378000,14:13:0b:44:19:e5,0,-82
2024-04-05T11:11:50.515000,cb:94:54:ed:5d:28,1,-82
2024-04-05T11:11:50.573000,65:ee:a6:5d:73:64,1,-77
2024-04-05T11:11:50.611000,69:a7:43:2b:ec:af,1,-92
2024-04-05T11:11:50.859000,65:ee:a6:5d:73:64,1,-79
2024-04-05T11:11:50.883000,a0:de:0f:9b:a4:02,0,-83
2024-04-05T11:11:51.033000,69:a7:43:2b:ec:af,1,-88
2024-04-05T11:11:51.099000,ff:cb:d1:dc:df:ea,1,-42
2024-04-05T11:11:51.224000,dc:23:4f:a9:9a:46,0,-85
2024-04-05T11:11:51.355000,cb:94:54:ed:5d:28,1,-82
2024-04-05T11:11:51.433000,65:ee:a6:5d:73:64,1,-75
2024-04-05T11:11:51.437000,a0:de:0f:9b:a4:02,0,-79
2024-04-05T11:11:51.452000,a4:c1:38:e0:67:ae,0,-64
2024-04-05T11:11:51.640000,e8:d2:ed:ce:49:81,1,-55
2024-04-05T11:11:51.663000,50:0b:cc:8e:9e:c6,1,-98
2024-04-05T11:11:51.672000,14:13:0b:44:19:e5,0,-90
2024-04-05T11:11:51.719000,65:ee:a6:5d:73:64,1,-82
2024-04-05T11:11:51.775000,cb:94:54:ed:5d:28,1,-81
2024-04-05T11:11:51.879000,69:a7:43:2b:ec:af,1,-85
2024-04-05T11:11:51.935000,50:0b:cc:8e:9e:c6,1,-96
2024-04-05T11:11:51.961000,ff:cb:d1:dc:df:ea,1,-50
2024-04-05T11:11:51.982000,a0:de:0f:9b:a4:02,0,-87
2024-04-05T11:11:52.007000,65:ee:a6:5d:73:64,1,-74
2024-04-05T11:11:52.200000,cb:94:54:ed:5d:28,1,-82
2024-04-05T11:11:52.295000,69:a7:43:2b:ec:af,1,-91
2024-04-05T11:11:52.528000,a0:de:0f:9b:a4:02,0,-83
2024-04-05T11:11:52.578000,65:ee:a6:5d:73:64,1,-74
2024-04-05T11:11:52.622000,cb:94:54:ed:5d:28,1,-80
2024-04-05T11:11:52.720000,69:a7:43:2b:ec:af,1,-88
2024-04-05T11:11:52.820000,ff:cb:d1:dc:df:ea,1,-41
2024-04-05T11:11:52.859000,65:ee:a6:5d:73:64,1,-79
2024-04-05T11:11:52.949000,14:13:0b:44:19:e5,0,-81
2024-04-05T11:11:53.035000,50:0b:cc:8e:9e:c6,1,-103
2024-04-05T11:11:53.044000,cb:94:54:ed:5d:28,1,-82
2024-04-05T11:11:53.082000,a0:de:0f:9b:a4:02,0,-80
2024-04-05T11:11:53.141000,69:a7:43:2b:ec:af,1,-85
2024-04-05T11:11:53.150000,65:ee:a6:5d:73:64,1,-75
2024-04-05T11:11:53.223000,dc:23:4f:a9:9a:46,0,-83
2024-04-05T11:11:53.314000,50:0b:cc:8e:9e:c6,1,-95
2024-04-05T11:11:53.429000,65:ee:a6:5d:73:64,1,-79
2024-04-05T11:11:53.467000,cb:94:54:ed:5d:28,1,-81
2024-04-05T11:11:53.561000,a4:c1:38:e0:67:ae,0,-65
2024-04-05T11:11:53.568000,69:a7:43:2b:ec:af,1,-83
2024-04-05T11:11:53.630000,a0:de:0f:9b:a4:02,0,-86
2024-04-05T11:11:53.683000,ff:cb:d1:dc:df:ea,1,-45
2024-04-05T11:11:53.713000,65:ee:a6:5d:73:64,1,-73
2024-04-05T11:11:53.887000,cb:94:54:ed:5d:28,1,-80
2024-04-05T11:11:53.992000,69:a7:43:2b:ec:af,1,-86
2024-04-05T11:11:54.001000,65:ee:a6:5d:73:64,1,-79
2024-04-05T11:11:54.183000,a0:de:0f:9b:a4:02,0,-81
2024-04-05T11:11:54.233000,dc:23:4f:a9:9a:46,0,-83
2024-04-05T11:11:54.245000,14:13:0b:44:19:e5,0,-82
2024-04-05T11:11:54.289000,65:ee:a6:5d:73:64,1,-75
2024-04-05T11:11:54.313000,cb:94:54:ed:5d:28,1,-82
2024-04-05T11:11:54.415000,69:a7:43:2b:ec:af,1,-83
2024-04-05T11:11:54.537000,ff:cb:d1:dc:df:ea,1,-46
2024-04-05T11:11:54.569000,65:ee:a6:5d:73:64,1,-80
2024-04-05T11:11:54.685000,50:0b:cc:8e:9e:c6,1,-101
2024-04-05T11:11:54.734000,cb:94:54:ed:5d:28,1,-78
2024-04-05T11:11:54.827000,69:a7:43:2b:ec:af,1,-92
2024-04-05T11:11:54.857000,65:ee:a6:5d:73:64,1,-74
2024-04-05T11:11:54.962000,50:0b:cc:8e:9e:c6,1,-98
2024-04-05T11:11:55.142000,65:ee:a6:5d:73:64,1,-80
2024-04-05T11:11:55.155000,cb:94:54:ed:5d:28,1,-82
2024-04-05T11:11:55.241000,dc:23:4f:a9:9a:46,0,-86
2024-04-05T11:11:55.393000,ff:cb:d1:dc:df:ea,1,-45
2024-04-05T11:11:55.434000,65:ee:a6:5d:73:64,1,-75
2024-04-05T11:11:55.574000,cb:94:54:ed:5d:28,1,-80
2024-04-05T11:11:55.676000,69:a7:43:2b:ec:af,1,-89
2024-04-05T11:11:55.717000,65:ee:a6:5d:73:64,1,-74
2024-04-05T11:11:55.768000,a4:c1:38:e0:67:ae,0,-64
2024-04-05T11:11:55.839000,a0:de:0f:9b:a4:02,0,-81
2024-04-05T11:11:56.000000,cb:94:54:ed:5d:28,1,-82
2024-04-05T11:11:56.017000,65:ee:a6:5d:73:64,1,-78
2024-04-05T11:11:56.069000,50:0b:cc:8e:9e:c6,1,-97
2024-04-05T11:11:56.096000,69:a7:43:2b:ec:af,1,-90
2024-04-05T11:11:56.250000,dc:23:4f:a9:9a:46,0,-82
2024-04-05T11:11:56.278000,ff:cb:d1:dc:df:ea,1,-48
2024-04-05T11:11:56.297000,65:ee:a6:5d:73:64,1,-74
2024-04-05T11:11:56.345000,50:0b:cc:8e:9e:c6,1,-94
2024-04-05T11:11:56.378000,14:13:0b:44:19:e5,0,-82
2024-04-05T11:11:56.394000,a0:de:0f:9b:a4:02,0,-84
2024-04-05T11:11:56.423000,14:13:0b:44:19:e5,0,-82
2024-04-05T11:11:56.430000,cb:94:54:ed:5d:28,1,-81
2024-04-05T11:11:56.443000,14:13:0b:44:19:e5,0,-83
2024-04-05T11:11:56.463000,14:13:0b:44:19:e5,0,-84
2024-04-05T11:11:56.484000,14:13:0b:44:19:e5,0,-88
2024-04-05T11:11:56.503000,14:13:0b:44:19:e5,0,-83
2024-04-05T11:11:56.523000,14:13:0b:44:19:e5,0,-82
2024-04-05T11:11:56.545000,14:13:0b:44:19:e5,0,-89
2024-04-05T11:11:56.588000,14:13:0b:44:19:e5,0,-83
2024-04-05T11:11:56.609000,14:13:0b:44:19:e5,0,-82
2024-04-05T11:11:56.634000,14:13:0b:44:19:e5,0,-88
2024-04-05T11:11:56.645000,e8:d2:ed:ce:49:81,1,-56
2024-04-05T11:11:56.654000,14:13:0b:44:19:e5,0,-82
2024-04-05T11:11:56.675000,14:13:0b:44:19:e5,0,-82
2024-04-05T11:11:56.721000,14:13:0b:44:19:e5,0,-88
2024-04-05T11:11:56.743000,14:13:0b:44:19:e5,0,-82
2024-04-05T11:11:56.763000,14:13:0b:44:19:e5,0,-82
2024-04-05T11:11:56.788000,14:13:0b:44:19:e5,0,-83
2024-04-05T11:11:56.809000,14:13:0b:44:19:e5,0,-87
2024-04-05T11:11:56.832000,14:13:0b:44:19:e5,0,-84
2024-04-05T11:11:56.844000,cb:94:54:ed:5d:28,1,-82
2024-04-05T11:11:56.853000,14:13:0b:44:19:e5,0,-82
2024-04-05T11:11:56.861000,65:ee:a6:5d:73:64,1,-73
2024-04-05T11:11:56.900000,14:13:0b:44:19:e5,0,-86
2024-04-05T11:11:56.922000,14:13:0b:44:19:e5,0,-83
2024-04-05T11:11:56.938000,69:a7:43:2b:ec:af,1,-92
2024-04-05T11:11:56.947000,14:13:0b:44:19:e5,0,-82
2024-04-05T11:11:56.964000,14:13:0b:44:19:e5,0,-86
2024-04-05T11:11:56.989000,14:13:0b:44:19:e5,0,-89
2024-04-05T11:11:57.011000,14:13:0b:44:19:e5,0,-81
2024-04-05T11:11:57.034000,14:13:0b:44:19:e5,0,-80
2024-04-05T11:11:57.055000,14:13:0b:44:19:e5,0,-87
2024-04-05T11:11:57.079000,14:13:0b:44:19:e5,0,-87
2024-04-05T11:11:57.099000,14:13:0b:44:19:e5,0,-84
2024-04-05T11:11:57.112000,ff:cb:d1:dc:df:ea,1,-41
2024-04-05T11:11:57.123000,14:13:0b:44:19:e5,0,-81
2024-04-05T11:11:57.144000,14:13:0b:44:19:e5,0,-92
2024-04-05T11:11:57.151000,65:ee:a6:5d:73:64,1,-84
2024-04-05T11:11:57.164000,14:13:0b:44:19:e5,0,-84
2024-04-05T11:11:57.189000,14:13:0b:44:19:e5,0,-83
2024-04-05T11:11:57.209000,14:13:0b:44:19:e5,0,-83
2024-04-05T11:11:57.232000,14:13:0b:44:19:e5,0,-89
2024-04-05T11:11:57.253000,14:13:0b:44:19:e5,0,-83
2024-04-05T11:11:57.262000,dc:23:4f:a9:9a:46,0,-89
2024-04-05T11:11:57.278000,14:13:0b:44:19:e5,0,-83
2024-04-05T11:11:57.299000,14:13:0b:44:19:e5,0,-83
2024-04-05T11:11:57.321000,14:13:0b:44:19:e5,0,-90
2024-04-05T11:11:57.341000,14:13:0b:44:19:e5,0,-84
2024-04-05T11:11:57.360000,14:13:0b:44:19:e5,0,-83
2024-04-05T11:11:57.381000,14:13:0b:44:19:e5,0,-89
2024-04-05T11:11:57.404000,14:13:0b:44:19:e5,0,-83
2024-04-05T11:11:57.425000,14:13:0b:44:19:e5,0,-84
2024-04-05T11:11:57.437000,65:ee:a6:5d:73:64,1,-77
2024-04-05T11:11:57.448000,14:13:0b:44:19:e5,0,-82
2024-04-05T11:11:57.471000,14:13:0b:44:19:e5,0,-89
2024-04-05T11:11:57.486000,a0:de:0f:9b:a4:02,0,-81
2024-04-05T11:11:57.497000,a0:de:0f:9b:a4:02,0,-80
2024-04-05T11:11:57.507000,14:13:0b:44:19:e5,0,-85
2024-04-05T11:11:57.515000,14:13:0b:44:19:e5,0,-82
2024-04-05T11:11:57.534000,14:13:0b:44:19:e5,0,-91
2024-04-05T11:11:57.553000,14:13:0b:44:19:e5,0,-85
2024-04-05T11:11:57.574000,14:13:0b:44:19:e5,0,-82
2024-04-05T11:11:57.595000,14:13:0b:44:19:e5,0,-93
2024-04-05T11:11:57.619000,14:13:0b:44:19:e5,0,-94
2024-04-05T11:11:57.641000,14:13:0b:44:19:e5,0,-85
2024-04-05T11:11:57.663000,14:13:0b:44:19:e5,0,-83
2024-04-05T11:11:57.685000,14:13:0b:44:19:e5,0,-91
2024-04-05T11:11:57.692000,cb:94:54:ed:5d:28,1,-81
2024-04-05T11:11:57.709000,14:13:0b:44:19:e5,0,-91
2024-04-05T11:11:57.728000,14:13:0b:44:19:e5,0,-84
2024-04-05T11:11:57.750000,14:13:0b:44:19:e5,0,-84
2024-04-05T11:11:57.775000,14:13:0b:44:19:e5,0,-89
2024-04-05T11:11:57.799000,14:13:0b:44:19:e5,0,-89
2024-04-05T11:11:57.821000,14:13:0b:44:19:e5,0,-83
2024-04-05T11:11:57.841000,14:13:0b:44:19:e5,0,-83
2024-04-05T11:11:57.863000,14:13:0b:44:19:e5,0,-90
2024-04-05T11:11:57.883000,14:13:0b:44:19:e5,0,-84
2024-04-05T11:11:57.903000,14:13:0b:44:19:e5,0,-82
2024-04-05T11:11:57.924000,14:13:0b:44:19:e5,0,-91
2024-04-05T11:11:57.949000,14:13:0b:44:19:e5,0,-90
2024-04-05T11:11:57.956000,a4:c1:38:e0:67:ae,0,-59
2024-04-05T11:11:57.973000,14:13:0b:44:19:e5,0,-87
2024-04-05T11:11:57.993000,14:13:0b:44:19:e5,0,-83
2024-04-05T11:11:58.008000,65:ee:a6:5d:73:64,1,-73
2024-04-05T11:11:58.033000,14:13:0b:44:19:e5,0,-84
2024-04-05T11:11:58.040000,a0:de:0f:9b:a4:02,0,-84
2024-04-05T11:11:58.054000,14:13:0b:44:19:e5,0,-83
2024-04-05T11:11:58.098000,14:13:0b:44:19:e5,0,-92
2024-04-05T11:11:58.112000,cb:94:54:ed:5d:28,1,-83
2024-04-05T11:11:58.122000,14:13:0b:44:19:e5,0,-85
2024-04-05T11:11:58.144000,14:13:0b:44:19:e5,0,-85
2024-04-05T11:11:58.189000,14:13:0b:44:19:e5,0,-87
2024-04-05T11:11:58.211000,14:13:0b:44:19:e5,0,-82
2024-04-05T11:11:58.231000,14:13:0b:44:19:e5,0,-82
2024-04-05T11:11:58.252000,14:13:0b:44:19:e5,0,-88
2024-04-05T11:11:58.260000,dc:23:4f:a9:9a:46,0,-83
2024-04-05T11:11:58.298000,14:13:0b:44:19:e5,0,-85
2024-04-05T11:11:58.318000,14:13:0b:44:19:e5,0,-85
2024-04-05T11:11:58.344000,14:13:0b:44:19:e5,0,-93
2024-04-05T11:11:58.364000,14:13:0b:44:19:e5,0,-82
2024-04-05T11:11:58.384000,14:13:0b:44:19:e5,0,-82
2024-04-05T11:11:58.408000,14:13:0b:44:19:e5,0,-81
2024-04-05T11:11:58.431000,14:13:0b:44:19:e5,0,-90
2024-04-05T11:11:58.451000,14:13:0b:44:19:e5,0,-84
2024-04-05T11:11:58.475000,14:13:0b:44:19:e5,0,-82
2024-04-05T11:11:58.520000,14:13:0b:44:19:e5,0,-91
2024-04-05T11:11:58.538000,cb:94:54:ed:5d:28,1,-81
2024-04-05T11:11:58.547000,14:13:0b:44:19:e5,0,-84
2024-04-05T11:11:58.565000,14:13:0b:44:19:e5,0,-82
2024-04-05T11:11:58.580000,65:ee:a6:5d:73:64,1,-74
2024-04-05T11:11:58.588000,a0:de:0f:9b:a4:02,0,-79
2024-04-05T11:11:58.608000,14:13:0b:44:19:e5,0,-90
2024-04-05T11:11:58.627000,14:13:0b:44:19:e5,0,-85
2024-04-05T11:11:58.668000,14:13:0b:44:19:e5,0,-88
2024-04-05T11:11:58.687000,14:13:0b:44:19:e5,0,-83
2024-04-05T11:11:58.710000,14:13:0b:44:19:e5,0,-81
2024-04-05T11:11:58.731000,14:13:0b:44:19:e5,0,-89
2024-04-05T11:11:58.754000,14:13:0b:44:19:e5,0,-83
2024-04-05T11:11:58.778000,14:13:0b:44:19:e5,0,-83
2024-04-05T11:11:58.798000,14:13:0b:44:19:e5,0,-83
2024-04-05T11:11:58.819000,14:13:0b:44:19:e5,0,-90
2024-04-05T11:11:58.841000,14:13:0b:44:19:e5,0,-84
2024-04-05T11:11:58.860000,14:13:0b:44:19:e5,0,-82
2024-04-05T11:11:58.881000,14:13:0b:44:19:e5,0,-92
2024-04-05T11:11:58.901000,14:13:0b:44:19:e5,0,-83
2024-04-05T11:11:58.924000,14:13:0b:44:19:e5,0,-83
2024-04-05T11:11:58.955000,cb:94:54:ed:5d:28,1,-83
2024-04-05T11:11:58.970000,14:13:0b:44:19:e5,0,-92
2024-04-05T11:11:58.990000,14:13:0b:44:19:e5,0,-86
2024-04-05T11:11:59.010000,14:13:0b:44:19:e5,0,-84
2024-04-05T11:11:59.031000,14:13:0b:44:19:e5,0,-90
2024-04-05T11:11:59.051000,14:13:0b:44:19:e5,0,-88
2024-04-05T11:11:59.071000,14:13:0b:44:19:e5,0,-85
2024-04-05T11:11:59.100000,50:0b:cc:8e:9e:c6,1,-97
2024-04-05T11:11:59.137000,14:13:0b:44:19:e5,0,-86
2024-04-05T11:11:59.145000,a0:de:0f:9b:a4:02,0,-82
2024-04-05T11:11:59.167000,65:ee:a6:5d:73:64,1,-76
2024-04-05T11:11:59.171000,e8:d2:ed:ce:49:81,1,-53
2024-04-05T11:11:59.181000,14:13:0b:44:19:e5,0,-84
2024-04-05T11:11:59.188000,14:13:0b:44:19:e5,0,-89
2024-04-05T11:11:59.201000,14:13:0b:44:19:e5,0,-83
2024-04-05T11:11:59.220000,14:13:0b:44:19:e5,0,-82
2024-04-05T11:11:59.243000,14:13:0b:44:19:e5,0,-90
2024-04-05T11:11:59.287000,14:13:0b:44:19:e5,0,-83
2024-04-05T11:11:59.329000,14:13:0b:44:19:e5,0,-89
2024-04-05T11:11:59.348000,14:13:0b:44:19:e5,0,-83
2024-04-05T11:11:59.368000,14:13:0b:44:19:e5,0,-81
2024-04-05T11:11:59.376000,cb:94:54:ed:5d:28,1,-79
2024-04-05T11:11:59.389000,14:13:0b:44:19:e5,0,-89
2024-04-05T11:11:59.412000,14:13:0b:44:19:e5,0,-83
2024-04-05T11:11:59.431000,65:ee:a6:5d:73:64,1,-92
2024-04-05T11:11:59.453000,14:13:0b:44:19:e5,0,-88
2024-04-05T11:11:59.473000,14:13:0b:44:19:e5,0,-83
2024-04-05T11:11:59.493000,14:13:0b:44:19:e5,0,-81
2024-04-05T11:11:59.515000,14:13:0b:44:19:e5,0,-88
2024-04-05T11:11:59.538000,14:13:0b:44:19:e5,0,-87
2024-04-05T11:11:59.557000,14:13:0b:44:19:e5,0,-83
2024-04-05T11:11:59.601000,14:13:0b:44:19:e5,0,-87
2024-04-05T11:11:59.622000,14:13:0b:44:19:e5,0,-82
2024-04-05T11:11:59.641000,14:13:0b:44:19:e5,0,-82
2024-04-05T11:11:59.680000,ff:cb:d1:dc:df:ea,1,-46
2024-04-05T11:11:59.691000,14:13:0b:44:19:e5,0,-89
2024-04-05T11:11:59.698000,a0:de:0f:9b:a4:02,0,-81
2024-04-05T11:11:59.711000,14:13:0b:44:19:e5,0,-83
2024-04-05T11:11:59.719000,65:ee:a6:5d:73:64,1,-78
2024-04-05T11:11:59.730000,14:13:0b:44:19:e5,0,-83
2024-04-05T11:11:59.754000,14:13:0b:44:19:e5,0,-90
2024-04-05T11:11:59.774000,14:13:0b:44:19:e5,0,-84
2024-04-05T11:11:59.818000,14:13:0b:44:19:e5,0,-83
2024-04-05T11:11:59.839000,14:13:0b:44:19:e5,0,-89
2024-04-05T11:11:59.861000,14:13:0b:44:19:e5,0,-84
2024-04-05T11:11:59.880000,14:13:0b:44:19:e5,0,-84
2024-04-05T11:11:59.893000,69:a7:43:2b:ec:af,1,-90
2024-04-05T11:11:59.903000,14:13:0b:44:19:e5,0,-87
2024-04-05T11:11:59.924000,14:13:0b:44:19:e5,0,-84
2024-04-05T11:11:59.945000,14:13:0b:44:19:e5,0,-81
2024-04-05T11:12:00.004000,65:ee:a6:5d:73:64,1,-89
2024-04-05T11:12:00.010000,14:13:0b:44:19:e5,0,-82
2024-04-05T11:12:00.034000,14:13:0b:44:19:e5,0,-84
2024-04-05T11:12:00.045000,a4:c1:38:e0:67:ae,0,-66
2024-04-05T11:12:00.059000,14:13:0b:44:19:e5,0,-84
2024-04-05T11:12:00.085000,14:13:0b:44:19:e5,0,-85
2024-04-05T11:12:00.104000,14:13:0b:44:19:e5,0,-82
2024-04-05T11:12:00.124000,14:13:0b:44:19:e5,0,-82
2024-04-05T11:12:00.189000,14:13:0b:44:19:e5,0,-84
2024-04-05T11:12:00.209000,14:13:0b:44:19:e5,0,-83
2024-04-05T11:12:00.221000,cb:94:54:ed:5d:28,1,-79
2024-04-05T11:12:00.248000,a0:de:0f:9b:a4:02,0,-88
2024-04-05T11:12:00.259000,14:13:0b:44:19:e5,0,-87
2024-04-05T11:12:00.272000,dc:23:4f:a9:9a:46,0,-83
2024-04-05T11:12:00.284000,14:13:0b:44:19:e5,0,-82
2024-04-05T11:12:00.300000,14:13:0b:44:19:e5,0,-80
2024-04-05T11:12:00.311000,69:a7:43:2b:ec:af,1,-91
2024-04-05T11:12:00.322000,14:13:0b:44:19:e5,0,-88
2024-04-05T11:12:00.341000,14:13:0b:44:19:e5,0,-81
2024-04-05T11:12:00.360000,14:13:0b:44:19:e5,0,-81
2024-04-05T11:12:00.381000,14:13:0b:44:19:e5,0,-88
2024-04-05T11:12:00.403000,14:13:0b:44:19:e5,0,-85
2024-04-05T11:12:00.423000,14:13:0b:44:19:e5,0,-84
2024-04-05T11:12:00.469000,14:13:0b:44:19:e5,0,-90
2024-04-05T11:12:00.488000,14:13:0b:44:19:e5,0,-83
2024-04-05T11:12:00.508000,14:13:0b:44:19:e5,0,-82
2024-04-05T11:12:00.532000,14:13:0b:44:19:e5,0,-90
2024-04-05T11:12:00.554000,14:13:0b:44:19:e5,0,-84
2024-04-05T11:12:00.573000,14:13:0b:44:19:e5,0,-81
2024-04-05T11:12:00.580000,65:ee:a6:5d:73:64,1,-74
2024-04-05T11:12:00.598000,14:13:0b:44:19:e5,0,-82
2024-04-05T11:12:00.641000,14:13:0b:44:19:e5,0,-83
2024-04-05T11:12:00.649000,cb:94:54:ed:5d:28,1,-80
2024-04-05T11:12:00.664000,14:13:0b:44:19:e5,0,-84
2024-04-05T11:12:00.709000,14:13:0b:44:19:e5,0,-92
2024-04-05T11:12:00.729000,14:13:0b:44:19:e5,0,-84
2024-04-05T11:12:00.736000,69:a7:43:2b:ec:af,1,-86
2024-04-05T11:12:00.754000,14:13:0b:44:19:e5,0,-85
2024-04-05T11:12:00.799000,a0:de:0f:9b:a4:02,0,-86
2024-04-05T11:12:00.809000,14:13:0b:44:19:e5,0,-88
2024-04-05T11:12:00.819000,14:13:0b:44:19:e5,0,-81
2024-04-05T11:12:00.839000,14:13:0b:44:19:e5,0,-82
2024-04-05T11:12:00.861000,14:13:0b:44:19:e5,0,-92
2024-04-05T11:12:00.909000,14:13:0b:44:19:e5,0,-86
2024-04-05T11:12:00.929000,14:13:0b:44:19:e5,0,-82
2024-04-05T11:12:00.950000,14:13:0b:44:19:e5,0,-90
2024-04-05T11:12:00.969000,14:13:0b:44:19:e5,0,-84
2024-04-05T11:12:00.991000,14:13:0b:44:19:e5,0,-84
2024-04-05T11:12:01.032000,14:13:0b:44:19:e5,0,-83
2024-04-05T11:12:01.057000,14:13:0b:44:19:e5,0,-85
2024-04-05T11:12:01.075000,cb:94:54:ed:5d:28,1,-82
2024-04-05T11:12:01.121000,14:13:0b:44:19:e5,0,-84
2024-04-05T11:12:01.134000,59:da:70:f0:a7:29,1,-99
2024-04-05T11:12:01.142000,65:ee:a6:5d:73:64,1,-89
2024-04-05T11:12:01.146000,69:a7:43:2b:ec:af,1,-93
2024-04-05T11:12:01.163000,14:13:0b:44:19:e5,0,-91
2024-04-05T11:12:01.182000,14:13:0b:44:19:e5,0,-84
2024-04-05T11:12:01.204000,14:13:0b:44:19:e5,0,-84
2024-04-05T11:12:01.252000,14:13:0b:44:19:e5,0,-90
2024-04-05T11:12:01.271000,14:13:0b:44:19:e5,0,-84
2024-04-05T11:12:01.282000,dc:23:4f:a9:9a:46,0,-82
2024-04-05T11:12:01.294000,14:13:0b:44:19:e5,0,-84
2024-04-05T11:12:01.314000,14:13:0b:44:19:e5,0,-92
2024-04-05T11:12:01.334000,14:13:0b:44:19:e5,0,-84
2024-04-05T11:12:01.348000,a0:de:0f:9b:a4:02,0,-82
2024-04-05T11:12:01.379000,14:13:0b:44:19:e5,0,-82
2024-04-05T11:12:01.399000,14:13:0b:44:19:e5,0,-90
2024-04-05T11:12:01.423000,65:ee:a6:5d:73:64,1,-74
2024-04-05T11:12:01.571000,69:a7:43:2b:ec:af,1,-86
2024-04-05T11:12:01.655000,e8:d2:ed:ce:49:81,1,-55
2024-04-05T11:12:01.902000,a0:de:0f:9b:a4:02,0,-81
2024-04-05T11:12:01.991000,69:a7:43:2b:ec:af,1,-96
2024-04-05T11:12:02.009000,65:ee:a6:5d:73:64,1,-75
2024-04-05T11:12:02.255000,ff:cb:d1:dc:df:ea,1,-47
2024-04-05T11:12:02.284000,dc:23:4f:a9:9a:46,0,-85
2024-04-05T11:12:02.308000,65:ee:a6:5d:73:64,1,-80
2024-04-05T11:12:02.341000,cb:94:54:ed:5d:28,1,-80
2024-04-05T11:12:02.351000,a4:c1:38:e0:67:ae,0,-62
2024-04-05T11:12:02.450000,a0:de:0f:9b:a4:02,0,-83
2024-04-05T11:12:02.685000,14:13:0b:44:19:e5,0,-86
2024-04-05T11:12:02.763000,cb:94:54:ed:5d:28,1,-82
2024-04-05T11:12:02.844000,69:a7:43:2b:ec:af,1,-83
2024-04-05T11:12:02.865000,65:ee:a6:5d:73:64,1,-77
2024-04-05T11:12:02.869000,65:ee:a6:5d:73:64,1,-73
2024-04-05T11:12:03.003000,a0:de:0f:9b:a4:02,0,-81
2024-04-05T11:12:03.118000,ff:cb:d1:dc:df:ea,1,-50
2024-04-05T11:12:03.190000,cb:94:54:ed:5d:28,1,-79
2024-04-05T11:12:03.294000,dc:23:4f:a9:9a:46,0,-85
2024-04-05T11:12:03.433000,65:ee:a6:5d:73:64,1,-77
2024-04-05T11:12:03.559000,a0:de:0f:9b:a4:02,0,-83
2024-04-05T11:12:03.614000,cb:94:54:ed:5d:28,1,-81
2024-04-05T11:12:03.685000,69:a7:43:2b:ec:af,1,-86
2024-04-05T11:12:03.781000,50:0b:cc:8e:9e:c6,1,-97
2024-04-05T11:12:03.970000,ff:cb:d1:dc:df:ea,1,-46
2024-04-05T11:12:03.981000,14:13:0b:44:19:e5,0,-83
2024-04-05T11:12:04.003000,65:ee:a6:5d:73:64,1,-75
2024-04-05T11:12:04.032000,cb:94:54:ed:5d:28,1,-83
2024-04-05T11:12:04.051000,50:0b:cc:8e:9e:c6,1,-98
2024-04-05T11:12:04.111000,a0:de:0f:9b:a4:02,0,-80
2024-04-05T11:12:04.158000,e8:d2:ed:ce:49:81,1,-52
2024-04-05T11:12:04.292000,65:ee:a6:5d:73:64,1,-83
2024-04-05T11:12:04.300000,dc:23:4f:a9:9a:46,0,-91
2024-04-05T11:12:04.461000,cb:94:54:ed:5d:28,1,-83
2024-04-05T11:12:04.480000,a4:c1:38:e0:67:ae,0,-60
2024-04-05T11:12:04.525000,69:a7:43:2b:ec:af,1,-86
2024-04-05T11:12:04.575000,65:ee:a6:5d:73:64,1,-76
2024-04-05T11:12:04.579000,65:ee:a6:5d:73:64,1,-76
2024-04-05T11:12:04.664000,a0:de:0f:9b:a4:02,0,-82
2024-04-05T11:12:04.833000,ff:cb:d1:dc:df:ea,1,-47
2024-04-05T11:12:04.864000,65:ee:a6:5d:73:64,1,-93
2024-04-05T11:12:04.885000,cb:94:54:ed:5d:28,1,-83
2024-04-05T11:12:05.153000,65:ee:a6:5d:73:64,1,-74
2024-04-05T11:12:05.260000,14:13:0b:44:19:e5,0,-83
2024-04-05T11:12:05.303000,dc:23:4f:a9:9a:46,0,-85
2024-04-05T11:12:05.382000,69:a7:43:2b:ec:af,1,-88
2024-04-05T11:12:05.439000,65:ee:a6:5d:73:64,1,-77
2024-04-05T11:12:05.687000,ff:cb:d1:dc:df:ea,1,-43
2024-04-05T11:12:05.723000,65:ee:a6:5d:73:64,1,-76
2024-04-05T11:12:05.727000,cb:94:54:ed:5d:28,1,-79
2024-04-05T11:12:05.766000,a0:de:0f:9b:a4:02,0,-80
2024-04-05T11:12:05.775000,a0:de:0f:9b:a4:02,0,-82
2024-04-05T11:12:05.786000,69:a7:43:2b:ec:af,1,-90
2024-04-05T11:12:06.009000,65:ee:a6:5d:73:64,1,-79
2024-04-05T11:12:06.210000,69:a7:43:2b:ec:af,1,-89
2024-04-05T11:12:06.295000,65:ee:a6:5d:73:64,1,-75
2024-04-05T11:12:06.303000,dc:23:4f:a9:9a:46,0,-84
2024-04-05T11:12:06.321000,a0:de:0f:9b:a4:02,0,-84
2024-04-05T11:12:06.540000,ff:cb:d1:dc:df:ea,1,-50
2024-04-05T11:12:06.582000,65:ee:a6:5d:73:64,1,-75
2024-04-05T11:12:06.659000,a4:c1:38:e0:67:ae,0,-63
2024-04-05T11:12:06.666000,e8:d2:ed:ce:49:81,1,-56
2024-04-05T11:12:06.991000,cb:94:54:ed:5d:28,1,-83
2024-04-05T11:12:07.142000,59:da:70:f0:a7:29,1,-97
2024-04-05T11:12:07.150000,65:ee:a6:5d:73:64,1,-74
2024-04-05T11:12:07.306000,dc:23:4f:a9:9a:46,0,-89
2024-04-05T11:12:07.318000,dc:23:4f:a9:9a:46,0,-84
2024-04-05T11:12:07.399000,ff:cb:d1:dc:df:ea,1,-41
2024-04-05T11:12:07.416000,cb:94:54:ed:5d:28,1,-82
2024-04-05T11:12:07.437000,a0:de:0f:9b:a4:02,0,-84
2024-04-05T11:12:07.618000,50:0b:cc:8e:9e:c6,1,-95
2024-04-05T11:12:07.716000,65:ee:a6:5d:73:64,1,-91
2024-04-05T11:12:07.833000,cb:94:54:ed:5d:28,1,-83
2024-04-05T11:12:07.851000,14:13:0b:44:19:e5,0,-92
2024-04-05T11:12:07.889000,50:0b:cc:8e:9e:c6,1,-96
2024-04-05T11:12:07.906000,69:a7:43:2b:ec:af,1,-90
2024-04-05T11:12:07.969000,a0:de:0f:9b:a4:02,0,-86
2024-04-05T11:12:08.250000,cb:94:54:ed:5d:28,1,-83
2024-04-05T11:12:08.259000,ff:cb:d1:dc:df:ea,1,-47
2024-04-05T11:12:08.292000,65:ee:a6:5d:73:64,1,-76
2024-04-05T11:12:08.310000,dc:23:4f:a9:9a:46,0,-85
2024-04-05T11:12:08.579000,65:ee:a6:5d:73:64,1,-90
2024-04-05T11:12:08.671000,cb:94:54:ed:5d:28,1,-83
2024-04-05T11:12:08.738000,69:a7:43:2b:ec:af,1,-90
2024-04-05T11:12:08.868000,65:ee:a6:5d:73:64,1,-73
2024-04-05T11:12:09.008000,a4:c1:38:e0:67:ae,0,-64
2024-04-05T11:12:09.062000,a0:de:0f:9b:a4:02,0,-82
2024-04-05T11:12:09.090000,cb:94:54:ed:5d:28,1,-82
2024-04-05T11:12:09.114000,ff:cb:d1:dc:df:ea,1,-38
2024-04-05T11:12:09.134000,14:13:0b:44:19:e5,0,-90
2024-04-05T11:12:09.148000,65:ee:a6:5d:73:64,1,-84
2024-04-05T11:12:09.166000,69:a7:43:2b:ec:af,1,-96
2024-04-05T11:12:09.175000,e8:d2:ed:ce:49:81,1,-52
2024-04-05T11:12:09.242000,c2:4b:e5:af:32:81,1,-94
2024-04-05T11:12:09.318000,dc:23:4f:a9:9a:46,0,-86
2024-04-05T11:12:09.439000,65:ee:a6:5d:73:64,1,-75
2024-04-05T11:12:09.513000,cb:94:54:ed:5d:28,1,-82
2024-04-05T11:12:09.538000,50:0b:cc:8e:9e:c6,1,-97
2024-04-05T11:12:09.586000,69:a7:43:2b:ec:af,1,-85
2024-04-05T11:12:09.596000,69:a7:43:2b:ec:af,1,-89
2024-04-05T11:12:09.612000,a0:de:0f:9b:a4:02,0,-81
2024-04-05T11:12:09.720000,65:ee:a6:5d:73:64,1,-86
2024-04-05T11:12:09.810000,50:0b:cc:8e:9e:c6,1,-94
2024-04-05T11:12:09.939000,cb:94:54:ed:5d:28,1,-81
2024-04-05T11:12:09.969000,ff:cb:d1:dc:df:ea,1,-45
2024-04-05T11:12:10.303000,65:ee:a6:5d:73:64,1,-76
2024-04-05T11:12:10.318000,dc:23:4f:a9:9a:46,0,-85
2024-04-05T11:12:10.358000,cb:94:54:ed:5d:28,1,-81
2024-04-05T11:12:10.411000,14:13:0b:44:19:e5,0,-89
2024-04-05T11:12:10.431000,69:a7:43:2b:ec:af,1,-86
2024-04-05T11:12:10.590000,65:ee:a6:5d:73:64,1,-87
2024-04-05T11:12:10.638000,50:0b:cc:8e:9e:c6,1,-101
2024-04-05T11:12:10.713000,a0:de:0f:9b:a4:02,0,-82
2024-04-05T11:12:10.784000,cb:94:54:ed:5d:28,1,-81
2024-04-05T11:12:10.833000,ff:cb:d1:dc:df:ea,1,-50
2024-04-05T11:12:10.853000,69:a7:43:2b:ec:af,1,-84
2024-04-05T11:12:10.880000,65:ee:a6:5d:73:64,1,-75
2024-04-05T11:12:11.159000,a4:c1:38:e0:67:ae,0,-63
2024-04-05T11:12:11.166000,65:ee:a6:5d:73:64,1,-87
2024-04-05T11:12:11.196000,50:0b:cc:8e:9e:c6,1,-97
2024-04-05T11:12:11.209000,cb:94:54:ed:5d:28,1,-82
2024-04-05T11:12:11.270000,a0:de:0f:9b:a4:02,0,-84
2024-04-05T11:12:11.282000,69:a7:43:2b:ec:af,1,-84
2024-04-05T11:12:11.324000,dc:23:4f:a9:9a:46,0,-88
2024-04-05T11:12:11.448000,65:ee:a6:5d:73:64,1,-76
2024-04-05T11:12:11.626000,cb:94:54:ed:5d:28,1,-81
2024-04-05T11:12:11.673000,e8:d2:ed:ce:49:81,1,-56
2024-04-05T11:12:11.689000,de:8c:da:3f:f8:50,1,-97
2024-04-05T11:12:11.698000,14:13:0b:44:19:e5,0,-88
2024-04-05T11:12:11.731000,65:ee:a6:5d:73:64,1,-86
2024-04-05T11:12:11.823000,a0:de:0f:9b:a4:02,0,-82
2024-04-05T11:12:12.020000,65:ee:a6:5d:73:64,1,-74
2024-04-05T11:12:12.044000,cb:94:54:ed:5d:28,1,-80
2024-04-05T11:12:12.123000,69:a7:43:2b:ec:af,1,-86
2024-04-05T11:12:12.299000,65:ee:a6:5d:73:64,1,-86
2024-04-05T11:12:12.327000,dc:23:4f:a9:9a:46,0,-84
2024-04-05T11:12:12.379000,a0:de:0f:9b:a4:02,0,-86
2024-04-05T11:12:12.463000,cb:94:54:ed:5d:28,1,-81
2024-04-05T11:12:12.544000,69:a7:43:2b:ec:af,1,-89
2024-04-05T11:12:12.572000,50:0b:cc:8e:9e:c6,1,-97
2024-04-05T11:12:12.589000,65:ee:a6:5d:73:64,1,-75
2024-04-05T11:12:12.871000,65:ee:a6:5d:73:64,1,-87
2024-04-05T11:12:12.891000,cb:94:54:ed:5d:28,1,-82
2024-04-05T11:12:12.929000,a0:de:0f:9b:a4:02,0,-82
2024-04-05T11:12:12.965000,69:a7:43:2b:ec:af,1,-93
2024-04-05T11:12:12.990000,14:13:0b:44:19:e5,0,-96
2024-04-05T11:12:13.162000,65:ee:a6:5d:73:64,1,-76
2024-04-05T11:12:13.312000,a4:c1:38:e0:67:ae,0,-59
2024-04-05T11:12:13.327000,cb:94:54:ed:5d:28,1,-81
2024-04-05T11:12:13.347000,dc:23:4f:a9:9a:46,0,-86
2024-04-05T11:12:13.383000,69:a7:43:2b:ec:af,1,-83
2024-04-05T11:12:13.406000,ff:cb:d1:dc:df:ea,1,-42
2024-04-05T11:12:13.425000,ff:cb:d1:dc:df:ea,1,-51
2024-04-05T11:12:13.444000,65:ee:a6:5d:73:64,1,-87
2024-04-05T11:12:13.485000,a0:de:0f:9b:a4:02,0,-82
2024-04-05T11:12:13.803000,69:a7:43:2b:ec:af,1,-85
2024-04-05T11:12:14.026000,65:ee:a6:5d:73:64,1,-73
2024-04-05T11:12:14.034000,a0:de:0f:9b:a4:02,0,-83
2024-04-05T11:12:14.161000,cb:94:54:ed:5d:28,1,-85
2024-04-05T11:12:14.179000,e8:d2:ed:ce:49:81,1,-53
2024-04-05T11:12:14.223000,69:a7:43:2b:ec:af,1,-90
2024-04-05T11:12:14.260000,ff:cb:d1:dc:df:ea,1,-45
2024-04-05T11:12:14.269000,14:13:0b:44:19:e5,0,-96
2024-04-05T11:12:14.312000,65:ee:a6:5d:73:64,1,-85
2024-04-05T11:12:14.338000,dc:23:4f:a9:9a:46,0,-86
2024-04-05T11:12:14.495000,50:0b:cc:8e:9e:c6,1,-92
2024-04-05T11:12:14.578000,a0:de:0f:9b:a4:02,0,-81
2024-04-05T11:12:14.589000,cb:94:54:ed:5d:28,1,-83
2024-04-05T11:12:14.599000,65:ee:a6:5d:73:64,1,-76
2024-04-05T11:12:14.652000,69:a7:43:2b:ec:af,1,-89
2024-04-05T11:12:14.884000,65:ee:a6:5d:73:64,1,-83
2024-04-05T11:12:15.013000,cb:94:54:ed:5d:28,1,-82
2024-04-05T11:12:15.070000,69:a7:43:2b:ec:af,1,-90
2024-04-05T11:12:15.121000,ff:cb:d1:dc:df:ea,1,-49
2024-04-05T11:12:15.131000,a0:de:0f:9b:a4:02,0,-88
2024-04-05T11:12:15.169000,59:da:70:f0:a7:29,1,-99
2024-04-05T11:12:15.177000,65:ee:a6:5d:73:64,1,-74
2024-04-05T11:12:15.349000,dc:23:4f:a9:9a:46,0,-81
2024-04-05T11:12:15.433000,cb:94:54:ed:5d:28,1,-81
2024-04-05T11:12:15.459000,65:ee:a6:5d:73:64,1,-76
2024-04-05T11:12:15.555000,14:13:0b:44:19:e5,0,-94
2024-04-05T11:12:15.679000,a4:c1:38:e0:67:ae,0,-59
2024-04-05T11:12:15.686000,a0:de:0f:9b:a4:02,0,-84
2024-04-05T11:12:15.743000,65:ee:a6:5d:73:64,1,-79
2024-04-05T11:12:15.856000,cb:94:54:ed:5d:28,1,-78
2024-04-05T11:12:15.920000,69:a7:43:2b:ec:af,1,-92
2024-04-05T11:12:15.976000,ff:cb:d1:dc:df:ea,1,-45
2024-04-05T11:12:16.236000,a0:de:0f:9b:a4:02,0,-83
2024-04-05T11:12:16.283000,cb:94:54:ed:5d:28,1,-82
2024-04-05T11:12:16.345000,69:a7:43:2b:ec:af,1,-94
2024-04-05T11:12:16.354000,dc:23:4f:a9:9a:46,0,-86
2024-04-05T11:12:16.406000,14:13:0b:44:19:e5,0,-95
2024-04-05T11:12:16.425000,14:13:0b:44:19:e5,0,-94
2024-04-05T11:12:16.445000,14:13:0b:44:19:e5,0,-92
2024-04-05T11:12:16.492000,14:13:0b:44:19:e5,0,-98
2024-04-05T11:12:16.512000,14:13:0b:44:19:e5,0,-94
2024-04-05T11:12:16.532000,14:13:0b:44:19:e5,0,-90
2024-04-05T11:12:16.556000,14:13:0b:44:19:e5,0,-95
2024-04-05T11:12:16.578000,14:13:0b:44:19:e5,0,-97
2024-04-05T11:12:16.596000,65:ee:a6:5d:73:64,1,-86
2024-04-05T11:12:16.640000,14:13:0b:44:19:e5,0,-95
2024-04-05T11:12:16.659000,14:13:0b:44:19:e5,0,-96
2024-04-05T11:12:16.680000,14:13:0b:44:19:e5,0,-88
2024-04-05T11:12:16.687000,e8:d2:ed:ce:49:81,1,-56
2024-04-05T11:12:16.704000,14:13:0b:44:19:e5,0,-97
2024-04-05T11:12:16.724000,14:13:0b:44:19:e5,0,-93
2024-04-05T11:12:16.745000,14:13:0b:44:19:e5,0,-91
2024-04-05T11:12:16.791000,14:13:0b:44:19:e5,0,-95
2024-04-05T11:12:16.798000,a0:de:0f:9b:a4:02,0,-83
2024-04-05T11:12:16.814000,14:13:0b:44:19:e5,0,-96
2024-04-05T11:12:16.835000,ff:cb:d1:dc:df:ea,1,-47
2024-04-05T11:12:16.858000,14:13:0b:44:19:e5,0,-90
2024-04-05T11:12:16.884000,65:ee:a6:5d:73:64,1,-73
2024-04-05T11:12:16.899000,14:13:0b:44:19:e5,0,-97
2024-04-05T11:12:16.922000,14:13:0b:44:19:e5,0,-91
2024-04-05T11:12:16.971000,14:13:0b:44:19:e5,0,-96
2024-04-05T11:12:17.036000,14:13:0b:44:19:e5,0,-100
2024-04-05T11:12:17.076000,14:13:0b:44:19:e5,0,-89
2024-04-05T11:12:17.098000,14:13:0b:44:19:e5,0,-90
2024-04-05T11:12:17.123000,14:13:0b:44:19:e5,0,-94
2024-04-05T11:12:17.131000,cb:94:54:ed:5d:28,1,-80
2024-04-05T11:12:17.143000,14:13:0b:44:19:e5,0,-92
2024-04-05T11:12:17.163000,14:13:0b:44:19:e5,0,-90
2024-04-05T11:12:17.186000,14:13:0b:44:19:e5,0,-98
2024-04-05T11:12:17.209000,14:13:0b:44:19:e5,0,-94
2024-04-05T11:12:17.232000,14:13:0b:44:19:e5,0,-95
2024-04-05T11:12:17.255000,14:13:0b:44:19:e5,0,-89
2024-04-05T11:12:17.301000,14:13:0b:44:19:e5,0,-94
2024-04-05T11:12:17.340000,a0:de:0f:9b:a4:02,0,-81
2024-04-05T11:12:17.354000,dc:23:4f:a9:9a:46,0,-92
2024-04-05T11:12:17.380000,14:13:0b:44:19:e5,0,-96
2024-04-05T11:12:17.403000,14:13:0b:44:19:e5,0,-90
2024-04-05T11:12:17.424000,14:13:0b:44:19:e5,0,-94
2024-04-05T11:12:17.444000,14:13:0b:44:19:e5,0,-97
2024-04-05T11:12:17.453000,65:ee:a6:5d:73:64,1,-74
2024-04-05T11:12:17.466000,14:13:0b:44:19:e5,0,-89
2024-04-05T11:12:17.511000,14:13:0b:44:19:e5,0,-98
2024-04-05T11:12:17.534000,14:13:0b:44:19:e5,0,-95
2024-04-05T11:12:17.548000,cb:94:54:ed:5d:28,1,-84
2024-04-05T11:12:17.557000,14:13:0b:44:19:e5,0,-90
2024-04-05T11:12:17.602000,14:13:0b:44:19:e5,0,-98
2024-04-05T11:12:17.624000,14:13:0b:44:19:e5,0,-95
2024-04-05T11:12:17.648000,14:13:0b:44:19:e5,0,-96
2024-04-05T11:12:17.670000,14:13:0b:44:19:e5,0,-91
2024-04-05T11:12:17.691000,ff:cb:d1:dc:df:ea,1,-42
2024-04-05T11:12:17.735000,14:13:0b:44:19:e5,0,-90
2024-04-05T11:12:17.760000,14:13:0b:44:19:e5,0,-89
2024-04-05T11:12:17.782000,14:13:0b:44:19:e5,0,-97
2024-04-05T11:12:17.792000,a4:c1:38:e0:67:ae,0,-65
2024-04-05T11:12:17.825000,14:13:0b:44:19:e5,0,-89
2024-04-05T11:12:17.867000,14:13:0b:44:19:e5,0,-96
2024-04-05T11:12:17.889000,14:13:0b:44:19:e5,0,-96
2024-04-05T11:12:17.912000,14:13:0b:44:19:e5,0,-88
2024-04-05T11:12:17.934000,14:13:0b:44:19:e5,0,-99
2024-04-05T11:12:17.956000,14:13:0b:44:19:e5,0,-96
2024-04-05T11:12:17.975000,cb:94:54:ed:5d:28,1,-84
2024-04-05T11:12:17.984000,14:13:0b:44:19:e5,0,-94
2024-04-05T11:12:18.003000,14:13:0b:44:19:e5,0,-90
2024-04-05T11:12:18.024000,65:ee:a6:5d:73:64,1,-74
2024-04-05T11:12:18.048000,14:13:0b:44:19:e5,0,-97
2024-04-05T11:12:18.072000,14:13:0b:44:19:e5,0,-95
2024-04-05T11:12:18.091000,14:13:0b:44:19:e5,0,-88
2024-04-05T11:12:18.112000,14:13:0b:44:19:e5,0,-98
2024-04-05T11:12:18.132000,14:13:0b:44:19:e5,0,-93
2024-04-05T11:12:18.155000,14:13:0b:44:19:e5,0,-90
2024-04-05T11:12:18.178000,14:13:0b:44:19:e5,0,-92
2024-04-05T11:12:18.199000,14:13:0b:44:19:e5,0,-97
2024-04-05T11:12:18.222000,14:13:0b:44:19:e5,0,-93
2024-04-05T11:12:18.242000,14:13:0b:44:19:e5,0,-89
2024-04-05T11:12:18.288000,14:13:0b:44:19:e5,0,-96
2024-04-05T11:12:18.304000,65:ee:a6:5d:73:64,1,-82
2024-04-05T11:12:18.308000,14:13:0b:44:19:e5,0,-94
2024-04-05T11:12:18.352000,14:13:0b:44:19:e5,0,-96
2024-04-05T11:12:18.359000,dc:23:4f:a9:9a:46,0,-85
2024-04-05T11:12:18.396000,14:13:0b:44:19:e5,0,-89
2024-04-05T11:12:18.403000,cb:94:54:ed:5d:28,1,-81
2024-04-05T11:12:18.438000,14:13:0b:44:19:e5,0,-95
2024-04-05T11:12:18.446000,a0:de:0f:9b:a4:02,0,-84
2024-04-05T11:12:18.468000,69:a7:43:2b:ec:af,1,-95
2024-04-05T11:12:18.488000,14:13:0b:44:19:e5,0,-96
2024-04-05T11:12:18.504000,14:13:0b:44:19:e5,0,-88
2024-04-05T11:12:18.519000,14:13:0b:44:19:e5,0,-95
2024-04-05T11:12:18.532000,14:13:0b:44:19:e5,0,-97
2024-04-05T11:12:18.546000,50:0b:cc:8e:9e:c6,1,-95
2024-04-05T11:12:18.555000,14:13:0b:44:19:e5,0,-95
2024-04-05T11:12:18.572000,14:13:0b:44:19:e5,0,-88
2024-04-05T11:12:18.589000,65:ee:a6:5d:73:64,1,-75
2024-04-05T11:12:18.615000,14:13:0b:44:19:e5,0,-95
2024-04-05T11:12:18.635000,14:13:0b:44:19:e5,0,-91
2024-04-05T11:12:18.699000,14:13:0b:44:19:e5,0,-95
2024-04-05T11:12:18.720000,14:13:0b:44:19:e5,0,-90
2024-04-05T11:12:18.762000,14:13:0b:44:19:e5,0,-95
2024-04-05T11:12:18.783000,14:13:0b:44:19:e5,0,-89
2024-04-05T11:12:18.804000,14:13:0b:44:19:e5,0,-96
2024-04-05T11:12:18.822000,cb:94:54:ed:5d:28,1,-83
2024-04-05T11:12:18.848000,14:13:0b:44:19:e5,0,-93
2024-04-05T11:12:18.871000,14:13:0b:44:19:e5,0,-90
2024-04-05T11:12:18.880000,69:a7:43:2b:ec:af,1,-85
2024-04-05T11:12:18.918000,14:13:0b:44:19:e5,0,-97
2024-04-05T11:12:18.938000,14:13:0b:44:19:e5,0,-93
2024-04-05T11:12:18.978000,14:13:0b:44:19:e5,0,-95
2024-04-05T11:12:18.993000,a0:de:0f:9b:a4:02,0,-82
2024-04-05T11:12:19.020000,14:13:0b:44:19:e5,0,-89
2024-04-05T11:12:19.041000,14:13:0b:44:19:e5,0,-96
2024-04-05T11:12:19.064000,14:13:0b:44:19:e5,0,-95
2024-04-05T11:12:19.083000,14:13:0b:44:19:e5,0,-89
2024-04-05T11:12:19.131000,14:13:0b:44:19:e5,0,-97
2024-04-05T11:12:19.153000,14:13:0b:44:19:e5,0,-94
2024-04-05T11:12:19.164000,65:ee:a6:5d:73:64,1,-75
2024-04-05T11:12:19.172000,14:13:0b:44:19:e5,0,-91
2024-04-05T11:12:19.190000,e8:d2:ed:ce:49:81,1,-53
2024-04-05T11:12:19.218000,14:13:0b:44:19:e5,0,-96
2024-04-05T11:12:19.238000,14:13:0b:44:19:e5,0,-94
2024-04-05T11:12:19.245000,cb:94:54:ed:5d:28,1,-84
2024-04-05T11:12:19.262000,14:13:0b:44:19:e5,0,-88
2024-04-05T11:12:19.279000,14:13:0b:44:19:e5,0,-96
2024-04-05T11:12:19.300000,69:a7:43:2b:ec:af,1,-87
2024-04-05T11:12:19.309000,14:13:0b:44:19:e5,0,-95
2024-04-05T11:12:19.321000,14:13:0b:44:19:e5,0,-89
2024-04-05T11:12:19.345000,14:13:0b:44:19:e5,0,-98
2024-04-05T11:12:19.355000,dc:23:4f:a9:9a:46,0,-86
2024-04-05T11:12:19.370000,14:13:0b:44:19:e5,0,-93
2024-04-05T11:12:19.383000,14:13:0b:44:19:e5,0,-89
2024-04-05T11:12:19.404000,ff:cb:d1:dc:df:ea,1,-42
2024-04-05T11:12:19.425000,14:13:0b:44:19:e5,0,-97
2024-04-05T11:12:19.446000,14:13:0b:44:19:e5,0,-89
2024-04-05T11:12:19.453000,65:ee:a6:5d:73:64,1,-75
2024-04-05T11:12:19.468000,14:13:0b:44:19:e5,0,-89
2024-04-05T11:12:19.494000,14:13:0b:44:19:e5,0,-97
2024-04-05T11:12:19.536000,14:13:0b:44:19:e5,0,-88
2024-04-05T11:12:19.543000,a0:de:0f:9b:a4:02,0,-81
2024-04-05T11:12:19.558000,14:13:0b:44:19:e5,0,-89
2024-04-05T11:12:19.582000,14:13:0b:44:19:e5,0,-98
2024-04-05T11:12:19.628000,14:13:0b:44:19:e5,0,-95
2024-04-05T11:12:19.652000,14:13:0b:44:19:e5,0,-89
2024-04-05T11:12:19.667000,cb:94:54:ed:5d:28,1,-85
2024-04-05T11:12:19.716000,14:13:0b:44:19:e5,0,-90
2024-04-05T11:12:19.725000,69:a7:43:2b:ec:af,1,-89
2024-04-05T11:12:19.741000,14:13:0b:44:19:e5,0,-89
2024-04-05T11:12:19.766000,14:13:0b:44:19:e5,0,-96
2024-04-05T11:12:19.787000,14:13:0b:44:19:e5,0,-94
2024-04-05T11:12:19.812000,14:13:0b:44:19:e5,0,-92
2024-04-05T11:12:19.835000,14:13:0b:44:19:e5,0,-89
2024-04-05T11:12:19.851000,a4:c1:38:e0:67:ae,0,-60
2024-04-05T11:12:19.858000,14:13:0b:44:19:e5,0,-96
2024-04-05T11:12:19.875000,14:13:0b:44:19:e5,0,-93
2024-04-05T11:12:19.895000,14:13:0b:44:19:e5,0,-90
2024-04-05T11:12:19.942000,14:13:0b:44:19:e5,0,-95
2024-04-05T11:12:19.962000,14:13:0b:44:19:e5,0,-97
2024-04-05T11:12:19.982000,14:13:0b:44:19:e5,0,-90
2024-04-05T11:12:20.026000,65:ee:a6:5d:73:64,1,-76
2024-04-05T11:12:20.052000,14:13:0b:44:19:e5,0,-93
2024-04-05T11:12:20.072000,14:13:0b:44:19:e5,0,-89
2024-04-05T11:12:20.087000,cb:94:54:ed:5d:28,1,-82
2024-04-05T11:12:20.140000,14:13:0b:44:19:e5,0,-93
2024-04-05T11:12:20.154000,69:a7:43:2b:ec:af,1,-91
2024-04-05T11:12:20.165000,14:13:0b:44:19:e5,0,-90
2024-04-05T11:12:20.186000,14:13:0b:44:19:e5,0,-98
2024-04-05T11:12:20.205000,14:13:0b:44:19:e5,0,-95
2024-04-05T11:12:20.230000,14:13:0b:44:19:e5,0,-95
2024-04-05T11:12:20.252000,14:13:0b:44:19:e5,0,-91
2024-04-05T11:12:20.268000,ff:cb:d1:dc:df:ea,1,-45
2024-04-05T11:12:20.295000,14:13:0b:44:19:e5,0,-92
2024-04-05T11:12:20.314000,65:ee:a6:5d:73:64,1,-81
2024-04-05T11:12:20.336000,14:13:0b:44:19:e5,0,-98
2024-04-05T11:12:20.359000,14:13:0b:44:19:e5,0,-95
2024-04-05T11:12:20.379000,14:13:0b:44:19:e5,0,-94
2024-04-05T11:12:20.400000,14:13:0b:44:19:e5,0,-90
2024-04-05T11:12:20.421000,14:13:0b:44:19:e5,0,-98
2024-04-05T11:12:20.440000,14:13:0b:44:19:e5,0,-93
2024-04-05T11:12:20.463000,14:13:0b:44:19:e5,0,-90
2024-04-05T11:12:20.485000,14:13:0b:44:19:e5,0,-96
2024-04-05T11:12:20.505000,cb:94:54:ed:5d:28,1,-82
2024-04-05T11:12:20.530000,14:13:0b:44:19:e5,0,-93
2024-04-05T11:12:20.553000,14:13:0b:44:19:e5,0,-88
2024-04-05T11:12:20.573000,69:a7:43:2b:ec:af,1,-92
2024-04-05T11:12:20.603000,65:ee:a6:5d:73:64,1,-74
2024-04-05T11:12:20.620000,14:13:0b:44:19:e5,0,-95
2024-04-05T11:12:20.641000,14:13:0b:44:19:e5,0,-88
2024-04-05T11:12:20.648000,a0:de:0f:9b:a4:02,0,-82
2024-04-05T11:12:20.662000,14:13:0b:44:19:e5,0,-95
2024-04-05T11:12:20.684000,14:13:0b:44:19:e5,0,-95
2024-04-05T11:12:20.706000,14:13:0b:44:19:e5,0,-89
2024-04-05T11:12:20.766000,14:13:0b:44:19:e5,0,-90
2024-04-05T11:12:20.811000,14:13:0b:44:19:e5,0,-97
2024-04-05T11:12:20.851000,14:13:0b:44:19:e5,0,-89
2024-04-05T11:12:20.891000,65:ee:a6:5d:73:64,1,-77
2024-04-05T11:12:20.901000,14:13:0b:44:19:e5,0,-95
2024-04-05T11:12:20.931000,cb:94:54:ed:5d:28,1,-83
2024-04-05T11:12:20.940000,14:13:0b:44:19:e5,0,-90
2024-04-05T11:12:20.962000,14:13:0b:44:19:e5,0,-96
2024-04-05T11:12:20.983000,14:13:0b:44:19:e5,0,-94
2024-04-05T11:12:20.995000,69:a7:43:2b:ec:af,1,-97
2024-04-05T11:12:21.006000,14:13:0b:44:19:e5,0,-90
2024-04-05T11:12:21.024000,14:13:0b:44:19:e5,0,-95
2024-04-05T11:12:21.044000,14:13:0b:44:19:e5,0,-95
2024-04-05T11:12:21.065000,14:13:0b:44:19:e5,0,-90
2024-04-05T11:12:21.090000,14:13:0b:44:19:e5,0,-92
2024-04-05T11:12:21.113000,14:13:0b:44:19:e5,0,-96
2024-04-05T11:12:21.120000,ff:cb:d1:dc:df:ea,1,-48
2024-04-05T11:12:21.156000,14:13:0b:44:19:e5,0,-91
2024-04-05T11:12:21.174000,65:ee:a6:5d:73:64,1,-74
2024-04-05T11:12:21.180000,14:13:0b:44:19:e5,0,-90
2024-04-05T11:12:21.199000,a0:de:0f:9b:a4:02,0,-85
2024-04-05T11:12:21.224000,14:13:0b:44:19:e5,0,-95
2024-04-05T11:12:21.243000,14:13:0b:44:19:e5,0,-90
2024-04-05T11:12:21.265000,14:13:0b:44:19:e5,0,-96
2024-04-05T11:12:21.284000,14:13:0b:44:19:e5,0,-94
2024-04-05T11:12:21.303000,14:13:0b:44:19:e5,0,-90
2024-04-05T11:12:21.325000,14:13:0b:44:19:e5,0,-94
2024-04-05T11:12:21.344000,14:13:0b:44:19:e5,0,-93
2024-04-05T11:12:21.354000,cb:94:54:ed:5d:28,1,-82
2024-04-05T11:12:21.364000,dc:23:4f:a9:9a:46,0,-87
2024-04-05T11:12:21.379000,14:13:0b:44:19:e5,0,-96
2024-04-05T11:12:21.408000,14:13:0b:44:19:e5,0,-94
2024-04-05T11:12:21.415000,69:a7:43:2b:ec:af,1,-92
2024-04-05T11:12:21.424000,14:13:0b:44:19:e5,0,-90
2024-04-05T11:12:21.454000,65:ee:a6:5d:73:64,1,-84
2024-04-05T11:12:21.692000,e8:d2:ed:ce:49:81,1,-55
2024-04-05T11:12:21.744000,65:ee:a6:5d:73:64,1,-76
2024-04-05T11:12:21.750000,a0:de:0f:9b:a4:02,0,-81
2024-04-05T11:12:21.774000,cb:94:54:ed:5d:28,1,-83
2024-04-05T11:12:21.833000,69:a7:43:2b:ec:af,1,-92
2024-04-05T11:12:21.975000,ff:cb:d1:dc:df:ea,1,-45
2024-04-05T11:12:22.001000,a4:c1:38:e0:67:ae,0,-67
2024-04-05T11:12:22.024000,65:ee:a6:5d:73:64,1,-83
2024-04-05T11:12:22.114000,50:0b:cc:8e:9e:c6,1,-97
2024-04-05T11:12:22.195000,cb:94:54:ed:5d:28,1,-83
2024-04-05T11:12:22.305000,a0:de:0f:9b:a4:02,0,-83
2024-04-05T11:12:22.314000,65:ee:a6:5d:73:64,1,-74
2024-04-05T11:12:22.376000,dc:23:4f:a9:9a:46,0,-86
2024-04-05T11:12:22.601000,65:ee:a6:5d:73:64,1,-77
2024-04-05T11:12:22.615000,cb:94:54:ed:5d:28,1,-82
2024-04-05T11:12:22.682000,69:a7:43:2b:ec:af,1,-95
2024-04-05T11:12:22.708000,14:13:0b:44:19:e5,0,-90
2024-04-05T11:12:22.835000,ff:cb:d1:dc:df:ea,1,-47
2024-04-05T11:12:22.856000,a0:de:0f:9b:a4:02,0,-84
2024-04-05T11:12:22.884000,65:ee:a6:5d:73:64,1,-75
2024-04-05T11:12:23.036000,cb:94:54:ed:5d:28,1,-82
2024-04-05T11:12:23.166000,65:ee:a6:5d:73:64,1,-84
2024-04-05T11:12:23.381000,dc:23:4f:a9:9a:46,0,-89
2024-04-05T11:12:23.406000,a0:de:0f:9b:a4:02,0,-81
2024-04-05T11:12:23.453000,65:ee:a6:5d:73:64,1,-75
2024-04-05T11:12:23.462000,cb:94:54:ed:5d:28,1,-83
2024-04-05T11:12:23.695000,ff:cb:d1:dc:df:ea,1,-42
2024-04-05T11:12:23.733000,65:ee:a6:5d:73:64,1,-84
2024-04-05T11:12:23.890000,cb:94:54:ed:5d:28,1,-80
2024-04-05T11:12:23.950000,69:a7:43:2b:ec:af,1,-88
2024-04-05T11:12:23.968000,a0:de:0f:9b:a4:02,0,-82
2024-04-05T11:12:23.995000,14:13:0b:44:19:e5,0,-96
2024-04-05T11:12:24.026000,65:ee:a6:5d:73:64,1,-75
2024-04-05T11:12:24.105000,a4:c1:38:e0:67:ae,0,-66
2024-04-05T11:12:24.194000,e8:d2:ed:ce:49:81,1,-55
2024-04-05T11:12:24.315000,cb:94:54:ed:5d:28,1,-81
2024-04-05T11:12:24.372000,69:a7:43:2b:ec:af,1,-86
2024-04-05T11:12:24.388000,dc:23:4f:a9:9a:46,0,-84
2024-04-05T11:12:24.549000,ff:cb:d1:dc:df:ea,1,-45
2024-04-05T11:12:24.601000,65:ee:a6:5d:73:64,1,-84
2024-04-05T11:12:24.741000,cb:94:54:ed:5d:28,1,-83
2024-04-05T11:12:24.791000,69:a7:43:2b:ec:af,1,-86
2024-04-05T11:12:24.889000,65:ee:a6:5d:73:64,1,-75
2024-04-05T11:12:25.053000,a0:de:0f:9b:a4:02,0,-81
2024-04-05T11:12:25.168000,65:ee:a6:5d:73:64,1,-85
2024-04-05T11:12:25.226000,69:a7:43:2b:ec:af,1,-85
2024-04-05T11:12:25.245000,c2:4b:e5:af:32:81,1,-99
2024-04-05T11:12:25.282000,14:13:0b:44:19:e5,0,-94
2024-04-05T11:12:25.381000,dc:23:4f:a9:9a:46,0,-85
2024-04-05T11:12:25.411000,ff:cb:d1:dc:df:ea,1,-50
2024-04-05T11:12:25.451000,65:ee:a6:5d:73:64,1,-76
2024-04-05T11:12:25.576000,cb:94:54:ed:5d:28,1,-81
2024-04-05T11:12:25.605000,a0:de:0f:9b:a4:02,0,-82
2024-04-05T11:12:25.633000,69:a7:43:2b:ec:af,1,-85
2024-04-05T11:12:26.004000,cb:94:54:ed:5d:28,1,-83
2024-04-05T11:12:26.028000,65:ee:a6:5d:73:64,1,-74
2024-04-05T11:12:26.055000,69:a7:43:2b:ec:af,1,-87
2024-04-05T11:12:26.152000,a0:de:0f:9b:a4:02,0,-86
2024-04-05T11:12:22.114000,50:0b:cc:8e:9e:c6,1,-97
