2024-04-05T11:00:57.593000,14:13:0b:44:19:e5,0,-93
2024-04-05T11:00:58.504000,a0:de:0f:9b:a4:02,0,-89
2024-04-05T11:00:58.514000,14:13:0b:44:19:e5,0,-92
2024-04-05T11:00:58.522000,14:13:0b:44:19:e5,0,-85
2024-04-05T11:00:58.529000,14:13:0b:44:19:e5,0,-90
2024-04-05T11:00:58.537000,14:13:0b:44:19:e5,0,-87
2024-04-05T11:00:58.544000,ff:cb:d1:dc:df:ea,1,-44
2024-04-05T11:00:58.553000,14:13:0b:44:19:e5,0,-89
2024-04-05T11:00:58.560000,14:13:0b:44:19:e5,0,-92
2024-04-05T11:00:58.566000,14:13:0b:44:19:e5,0,-85
2024-04-05T11:00:58.575000,14:13:0b:44:19:e5,0,-92
2024-04-05T11:00:58.582000,14:13:0b:44:19:e5,0,-93
2024-04-05T11:00:58.589000,14:13:0b:44:19:e5,0,-88
2024-04-05T11:00:58.597000,14:13:0b:44:19:e5,0,-90
2024-04-05T11:00:58.605000,cb:94:54:ed:5d:28,1,-81
2024-04-05T11:00:58.615000,14:13:0b:44:19:e5,0,-87
2024-04-05T11:00:58.622000,14:13:0b:44:19:e5,0,-92
2024-04-05T11:00:58.628000,14:13:0b:44:19:e5,0,-93
2024-04-05T11:00:58.635000,14:13:0b:44:19:e5,0,-88
2024-04-05T11:00:58.642000,dc:23:4f:a9:9a:46,0,-86
2024-04-05T11:00:58.656000,14:13:0b:44:19:e5,0,-91
2024-04-05T11:00:58.662000,14:13:0b:44:19:e5,0,-85
2024-04-05T11:00:58.670000,45:99:46:38:8f:31,1,-77
2024-04-05T11:00:58.674000,14:13:0b:44:19:e5,0,-95
2024-04-05T11:00:58.681000,14:13:0b:44:19:e5,0,-87
2024-04-05T11:00:58.689000,14:13:0b:44:19:e5,0,-93
2024-04-05T11:00:58.697000,14:13:0b:44:19:e5,0,-94
2024-04-05T11:00:58.704000,14:13:0b:44:19:e5,0,-94
2024-04-05T11:00:58.711000,14:13:0b:44:19:e5,0,-96
2024-04-05T11:00:58.719000,14:13:0b:44:19:e5,0,-89
2024-04-05T11:00:58.728000,14:13:0b:44:19:e5,0,-92
2024-04-05T11:00:58.735000,14:13:0b:44:19:e5,0,-96
2024-04-05T11:00:58.742000,cb:94:54:ed:5d:28,1,-81
2024-04-05T11:00:58.751000,14:13:0b:44:19:e5,0,-95
2024-04-05T11:00:58.759000,45:99:46:38:8f:31,1,-77
2024-04-05T11:00:58.763000,14:13:0b:44:19:e5,0,-88
2024-04-05T11:00:58.777000,14:13:0b:44:19:e5,0,-96
2024-04-05T11:00:58.785000,14:13:0b:44:19:e5,0,-89
2024-04-05T11:00:58.793000,14:13:0b:44:19:e5,0,-92
2024-04-05T11:00:58.800000,14:13:0b:44:19:e5,0,-94
2024-04-05T11:00:58.807000,14:13:0b:44:19:e5,0,-89
2024-04-05T11:00:58.814000,ff:cb:d1:dc:df:ea,1,-46
2024-04-05T11:00:58.823000,14:13:0b:44:19:e5,0,-92
2024-04-05T11:00:58.830000,14:13:0b:44:19:e5,0,-96
2024-04-05T11:00:58.837000,14:13:0b:44:19:e5,0,-88
2024-04-05T11:00:58.844000,45:99:46:38:8f:31,1,-76
2024-04-05T11:00:58.849000,14:13:0b:44:19:e5,0,-88
2024-04-05T11:00:58.856000,a0:de:0f:9b:a4:02,0,-87
2024-04-05T11:00:58.865000,14:13:0b:44:19:e5,0,-91
2024-04-05T11:00:58.872000,14:13:0b:44:19:e5,0,-89
2024-04-05T11:00:58.879000,14:13:0b:44:19:e5,0,-90
2024-04-05T11:00:58.887000,cb:94:54:ed:5d:28,1,-81
2024-04-05T11:00:58.896000,14:13:0b:44:19:e5,0,-86
2024-04-05T11:00:58.904000,14:13:0b:44:19:e5,0,-88
2024-04-05T11:00:58.911000,14:13:0b:44:19:e5,0,-94
2024-04-05T11:00:58.917000,14:13:0b:44:19:e5,0,-93
2024-04-05T11:00:58.931000,14:13:0b:44:19:e5,0,-86
2024-04-05T11:00:58.954000,14:13:0b:44:19:e5,0,-89
2024-04-05T11:00:58.977000,14:13:0b:44:19:e5,0,-90
2024-04-05T11:00:59.000000,14:13:0b:44:19:e5,0,-93
2024-04-05T11:00:59.018000,dc:23:4f:a9:9a:46,0,-86
2024-04-05T11:00:59.031000,14:13:0b:44:19:e5,0,-85
2024-04-05T11:00:59.048000,14:13:0b:44:19:e5,0,-87
2024-04-05T11:00:59.070000,14:13:0b:44:19:e5,0,-90
2024-04-05T11:00:59.092000,14:13:0b:44:19:e5,0,-92
2024-04-05T11:00:59.113000,50:0b:cc:8e:9e:c6,1,-99
2024-04-05T11:00:59.138000,14:13:0b:44:19:e5,0,-86
2024-04-05T11:00:59.159000,14:13:0b:44:19:e5,0,-91
2024-04-05T11:00:59.178000,14:13:0b:44:19:e5,0,-90
2024-04-05T11:00:59.194000,cb:94:54:ed:5d:28,1,-81
2024-04-05T11:00:59.203000,14:13:0b:44:19:e5,0,-85
2024-04-05T11:00:59.241000,a0:de:0f:9b:a4:02,0,-87
2024-04-05T11:00:59.251000,45:99:46:38:8f:31,1,-75
2024-04-05T11:00:59.255000,14:13:0b:44:19:e5,0,-90
2024-04-05T11:00:59.269000,14:13:0b:44:19:e5,0,-89
2024-04-05T11:00:59.292000,a4:c1:38:e0:67:ae,0,-65
2024-04-05T11:00:59.317000,14:13:0b:44:19:e5,0,-86
2024-04-05T11:00:59.338000,14:13:0b:44:19:e5,0,-91
2024-04-05T11:00:59.361000,14:13:0b:44:19:e5,0,-91
2024-04-05T11:00:59.383000,14:13:0b:44:19:e5,0,-87
2024-04-05T11:00:59.408000,14:13:0b:44:19:e5,0,-84
2024-04-05T11:00:59.425000,ff:cb:d1:dc:df:ea,1,-44
2024-04-05T11:00:59.434000,ff:cb:d1:dc:df:ea,1,-42
2024-04-05T11:00:59.451000,14:13:0b:44:19:e5,0,-91
2024-04-05T11:00:59.496000,14:13:0b:44:19:e5,0,-86
2024-04-05T11:00:59.520000,14:13:0b:44:19:e5,0,-94
2024-04-05T11:00:59.534000,45:99:46:38:8f:31,1,-86
2024-04-05T11:00:59.541000,14:13:0b:44:19:e5,0,-90
2024-04-05T11:00:59.560000,14:13:0b:44:19:e5,0,-84
2024-04-05T11:00:59.582000,14:13:0b:44:19:e5,0,-92
2024-04-05T11:00:59.603000,14:13:0b:44:19:e5,0,-89
2024-04-05T11:00:59.624000,14:13:0b:44:19:e5,0,-87
2024-04-05T11:00:59.666000,14:13:0b:44:19:e5,0,-91
2024-04-05T11:00:59.709000,14:13:0b:44:19:e5,0,-86
2024-04-05T11:00:59.731000,14:13:0b:44:19:e5,0,-93
2024-04-05T11:00:59.752000,14:13:0b:44:19:e5,0,-90
2024-04-05T11:00:59.777000,14:13:0b:44:19:e5,0,-90
2024-04-05T11:00:59.797000,14:13:0b:44:19:e5,0,-87
2024-04-05T11:00:59.819000,45:99:46:38:8f:31,1,-74
2024-04-05T11:00:59.823000,14:13:0b:44:19:e5,0,-94
2024-04-05T11:00:59.846000,14:13:0b:44:19:e5,0,-92
2024-04-05T11:00:59.908000,14:13:0b:44:19:e5,0,-93
2024-04-05T11:00:59.931000,14:13:0b:44:19:e5,0,-90
2024-04-05T11:00:59.950000,14:13:0b:44:19:e5,0,-86
2024-04-05T11:00:59.991000,14:13:0b:44:19:e5,0,-89
2024-04-05T11:01:00.010000,14:13:0b:44:19:e5,0,-85
2024-04-05T11:01:00.030000,dc:23:4f:a9:9a:46,0,-85
2024-04-05T11:01:00.043000,14:13:0b:44:19:e5,0,-92
2024-04-05T11:01:00.053000,14:13:0b:44:19:e5,0,-89
2024-04-05T11:01:00.074000,14:13:0b:44:19:e5,0,-86
2024-04-05T11:01:00.108000,45:99:46:38:8f:31,1,-76
2024-04-05T11:01:00.118000,14:13:0b:44:19:e5,0,-91
2024-04-05T11:01:00.137000,14:13:0b:44:19:e5,0,-91
2024-04-05T11:01:00.159000,14:13:0b:44:19:e5,0,-86
2024-04-05T11:01:00.180000,14:13:0b:44:19:e5,0,-93
2024-04-05T11:01:00.201000,14:13:0b:44:19:e5,0,-88
2024-04-05T11:01:00.223000,14:13:0b:44:19:e5,0,-85
2024-04-05T11:01:00.246000,14:13:0b:44:19:e5,0,-85
2024-04-05T11:01:00.268000,14:13:0b:44:19:e5,0,-93
2024-04-05T11:01:00.283000,ff:cb:d1:dc:df:ea,1,-49
2024-04-05T11:01:00.292000,14:13:0b:44:19:e5,0,-89
2024-04-05T11:01:00.309000,14:13:0b:44:19:e5,0,-86
2024-04-05T11:01:00.333000,14:13:0b:44:19:e5,0,-95
2024-04-05T11:01:00.343000,a0:de:0f:9b:a4:02,0,-83
2024-04-05T11:01:00.353000,14:13:0b:44:19:e5,0,-87
2024-04-05T11:01:00.374000,14:13:0b:44:19:e5,0,-85
2024-04-05T11:01:00.418000,14:13:0b:44:19:e5,0,-93
2024-04-05T11:01:00.439000,14:13:0b:44:19:e5,0,-88
2024-04-05T11:01:00.483000,14:13:0b:44:19:e5,0,-93
2024-04-05T11:01:00.504000,14:13:0b:44:19:e5,0,-89
2024-04-05T11:01:00.518000,14:13:0b:44:19:e5,0,-85
2024-04-05T11:01:00.687000,45:99:46:38:8f:31,1,-74
2024-04-05T11:01:00.878000,cb:94:54:ed:5d:28,1,-83
2024-04-05T11:01:00.892000,a0:de:0f:9b:a4:02,0,-86
2024-04-05T11:01:00.977000,45:99:46:38:8f:31,1,-75
2024-04-05T11:01:01.030000,dc:23:4f:a9:9a:46,0,-86
2024-04-05T11:01:01.047000,01:f6:ac:b8:08:2b,0,-100
2024-04-05T11:01:01.144000,ff:cb:d1:dc:df:ea,1,-41
2024-04-05T11:01:01.261000,45:99:46:38:8f:31,1,-76
2024-04-05T11:01:01.300000,cb:94:54:ed:5d:28,1,-81
2024-04-05T11:01:01.437000,78:ec:f3:f2:18:fd,1,-95
2024-04-05T11:01:01.447000,a0:de:0f:9b:a4:02,0,-83
2024-04-05T11:01:01.488000,7f:5e:c9:90:0c:fc,1,-93
2024-04-05T11:01:01.531000,d0:31:cb:c9:6e:80,1,-95
2024-04-05T11:01:01.548000,45:99:46:38:8f:31,1,-77
2024-04-05T11:01:01.552000,7a:0c:a9:a2:a1:0c,1,-94
2024-04-05T11:01:01.619000,a4:c1:38:e0:67:ae,0,-61
2024-04-05T11:01:01.724000,cb:94:54:ed:5d:28,1,-82
2024-04-05T11:01:01.803000,14:13:0b:44:19:e5,0,-90
2024-04-05T11:01:01.833000,45:99:46:38:8f:31,1,-74
2024-04-05T11:01:01.999000,a0:de:0f:9b:a4:02,0,-85
2024-04-05T11:01:02.008000,ff:cb:d1:dc:df:ea,1,-44
2024-04-05T11:01:02.034000,dc:23:4f:a9:9a:46,0,-88
2024-04-05T11:01:02.107000,7a:0c:a9:a2:a1:0c,1,-96
2024-04-05T11:01:02.129000,45:99:46:38:8f:31,1,-74
2024-04-05T11:01:02.152000,cb:94:54:ed:5d:28,1,-83
2024-04-05T11:01:02.176000,78:ec:f3:f2:18:fd,1,-94
2024-04-05T11:01:02.381000,7a:0c:a9:a2:a1:0c,1,-91
2024-04-05T11:01:02.403000,45:99:46:38:8f:31,1,-74
2024-04-05T11:01:02.550000,a0:de:0f:9b:a4:02,0,-90
2024-04-05T11:01:02.573000,cb:94:54:ed:5d:28,1,-83
2024-04-05T11:01:02.658000,7a:0c:a9:a2:a1:0c,1,-89
2024-04-05T11:01:02.679000,50:0b:cc:8e:9e:c6,1,-96
2024-04-05T11:01:02.688000,45:99:46:38:8f:31,1,-76
2024-04-05T11:01:02.858000,ff:cb:d1:dc:df:ea,1,-46
2024-04-05T11:01:02.952000,50:0b:cc:8e:9e:c6,1,-97
2024-04-05T11:01:02.962000,e8:d2:ed:ce:49:81,1,-54
2024-04-05T11:01:02.992000,cb:94:54:ed:5d:28,1,-82
2024-04-05T11:01:03.088000,14:13:0b:44:19:e5,0,-91
2024-04-05T11:01:03.101000,a0:de:0f:9b:a4:02,0,-83
2024-04-05T11:01:03.223000,50:0b:cc:8e:9e:c6,1,-96
2024-04-05T11:01:03.261000,45:99:46:38:8f:31,1,-76
2024-04-05T11:01:03.410000,cb:94:54:ed:5d:28,1,-83
2024-04-05T11:01:03.658000,a0:de:0f:9b:a4:02,0,-91
2024-04-05T11:01:03.720000,ff:cb:d1:dc:df:ea,1,-42
2024-04-05T11:01:03.752000,7a:0c:a9:a2:a1:0c,1,-97
2024-04-05T11:01:03.817000,01:f6:ac:b8:08:2b,0,-96
2024-04-05T11:01:03.834000,45:99:46:38:8f:31,1,-75
2024-04-05T11:01:03.838000,cb:94:54:ed:5d:28,1,-81
2024-04-05T11:01:03.994000,a4:c1:38:e0:67:ae,0,-61
2024-04-05T11:01:04.035000,dc:23:4f:a9:9a:46,0,-88
2024-04-05T11:01:04.102000,78:ec:f3:f2:18:fd,1,-98
2024-04-05T11:01:04.120000,01:f6:ac:b8:08:2b,0,-94
2024-04-05T11:01:04.124000,45:99:46:38:8f:31,1,-82
2024-04-05T11:01:04.259000,cb:94:54:ed:5d:28,1,-80
2024-04-05T11:01:04.372000,14:13:0b:44:19:e5,0,-89
2024-04-05T11:01:04.383000,78:ec:f3:f2:18:fd,1,-92
2024-04-05T11:01:04.410000,45:99:46:38:8f:31,1,-73
2024-04-05T11:01:04.580000,ff:cb:d1:dc:df:ea,1,-44
2024-04-05T11:01:04.684000,cb:94:54:ed:5d:28,1,-81
2024-04-05T11:01:04.718000,45:99:46:38:8f:31,1,-76
2024-04-05T11:01:04.750000,a0:de:0f:9b:a4:02,0,-83
2024-04-05T11:01:04.817000,01:f6:ac:b8:08:2b,0,-100
2024-04-05T11:01:04.848000,7a:0c:a9:a2:a1:0c,1,-96
2024-04-05T11:01:04.869000,50:0b:cc:8e:9e:c6,1,-96
2024-04-05T11:01:04.980000,45:99:46:38:8f:31,1,-74
2024-04-05T11:01:05.040000,dc:23:4f:a9:9a:46,0,-84
2024-04-05T11:01:05.107000,cb:94:54:ed:5d:28,1,-81
2024-04-05T11:01:05.144000,50:0b:cc:8e:9e:c6,1,-94
2024-04-05T11:01:05.189000,01:f6:ac:b8:08:2b,0,-99
2024-04-05T11:01:05.203000,78:ec:f3:f2:18:fd,1,-94
2024-04-05T11:01:05.217000,f6:5c:38:d6:bd:03,1,-95
2024-04-05T11:01:05.267000,45:99:46:38:8f:31,1,-73
2024-04-05T11:01:05.302000,a0:de:0f:9b:a4:02,0,-83
2024-04-05T11:01:05.318000,ee:d8:09:63:f3:f1,1,-96
2024-04-05T11:01:05.401000,01:f6:ac:b8:08:2b,0,-95
2024-04-05T11:01:05.430000,ff:cb:d1:dc:df:ea,1,-42
2024-04-05T11:01:05.464000,e8:d2:ed:ce:49:81,1,-55
2024-04-05T11:01:05.484000,78:ec:f3:f2:18:fd,1,-93
2024-04-05T11:01:05.554000,45:99:46:38:8f:31,1,-73
2024-04-05T11:01:05.589000,c2:4b:e5:af:32:81,1,-95
2024-04-05T11:01:05.640000,01:f6:ac:b8:08:2b,0,-99
2024-04-05T11:01:05.659000,14:13:0b:44:19:e5,0,-79
2024-04-05T11:01:05.703000,01:f6:ac:b8:08:2b,0,-98
2024-04-05T11:01:05.843000,45:99:46:38:8f:31,1,-74
2024-04-05T11:01:05.855000,a0:de:0f:9b:a4:02,0,-99
2024-04-05T11:01:05.947000,cb:94:54:ed:5d:28,1,-80
2024-04-05T11:01:05.973000,01:f6:ac:b8:08:2b,0,-97
2024-04-05T11:01:06.043000,dc:23:4f:a9:9a:46,0,-86
2024-04-05T11:01:06.291000,ff:cb:d1:dc:df:ea,1,-44
2024-04-05T11:01:06.310000,78:ec:f3:f2:18:fd,1,-96
2024-04-05T11:01:06.371000,cb:94:54:ed:5d:28,1,-81
2024-04-05T11:01:06.404000,45:99:46:38:8f:31,1,-80
2024-04-05T11:01:06.409000,a0:de:0f:9b:a4:02,0,-85
2024-04-05T11:01:06.589000,78:ec:f3:f2:18:fd,1,-98
2024-04-05T11:01:06.644000,01:f6:ac:b8:08:2b,0,-97
2024-04-05T11:01:06.693000,45:99:46:38:8f:31,1,-73
2024-04-05T11:01:06.795000,cb:94:54:ed:5d:28,1,-80
2024-04-05T11:01:06.820000,01:f6:ac:b8:08:2b,0,-95
2024-04-05T11:01:06.943000,14:13:0b:44:19:e5,0,-76
2024-04-05T11:01:06.965000,a0:de:0f:9b:a4:02,0,-91
2024-04-05T11:01:06.979000,45:99:46:38:8f:31,1,-80
2024-04-05T11:01:07.055000,dc:23:4f:a9:9a:46,0,-85
2024-04-05T11:01:07.143000,ff:cb:d1:dc:df:ea,1,-42
2024-04-05T11:01:07.217000,cb:94:54:ed:5d:28,1,-83
2024-04-05T11:01:07.263000,45:99:46:38:8f:31,1,-72
2024-04-05T11:01:07.320000,ee:d8:09:63:f3:f1,1,-94
2024-04-05T11:01:07.359000,50:0b:cc:8e:9e:c6,1,-99
2024-04-05T11:01:07.507000,7f:5e:c9:90:0c:fc,1,-95
2024-04-05T11:01:07.514000,a0:de:0f:9b:a4:02,0,-84
2024-04-05T11:01:07.552000,45:99:46:38:8f:31,1,-75
2024-04-05T11:01:07.643000,cb:94:54:ed:5d:28,1,-83
2024-04-05T11:01:07.848000,78:ec:f3:f2:18:fd,1,-95
2024-04-05T11:01:07.963000,e8:d2:ed:ce:49:81,1,-55
2024-04-05T11:01:08.001000,ff:cb:d1:dc:df:ea,1,-45
2024-04-05T11:01:08.059000,dc:23:4f:a9:9a:46,0,-89
2024-04-05T11:01:08.074000,a0:de:0f:9b:a4:02,0,-85
2024-04-05T11:01:08.085000,cb:94:54:ed:5d:28,1,-81
2024-04-05T11:01:08.122000,45:99:46:38:8f:31,1,-74
2024-04-05T11:01:08.228000,14:13:0b:44:19:e5,0,-76
2024-04-05T11:01:08.277000,01:f6:ac:b8:08:2b,0,-100
2024-04-05T11:01:08.401000,78:ec:f3:f2:18:fd,1,-96
2024-04-05T11:01:08.410000,45:99:46:38:8f:31,1,-73
2024-04-05T11:01:08.490000,cb:94:54:ed:5d:28,1,-80
2024-04-05T11:01:08.615000,a0:de:0f:9b:a4:02,0,-91
2024-04-05T11:01:08.714000,7a:0c:a9:a2:a1:0c,1,-98
2024-04-05T11:01:08.860000,ff:cb:d1:dc:df:ea,1,-47
2024-04-05T11:01:08.911000,cb:94:54:ed:5d:28,1,-80
2024-04-05T11:01:08.952000,78:ec:f3:f2:18:fd,1,-91
2024-04-05T11:01:08.973000,45:99:46:38:8f:31,1,-74
2024-04-05T11:01:09.062000,dc:23:4f:a9:9a:46,0,-85
2024-04-05T11:01:09.165000,a0:de:0f:9b:a4:02,0,-83
2024-04-05T11:01:09.232000,78:ec:f3:f2:18:fd,1,-87
2024-04-05T11:01:09.255000,45:99:46:38:8f:31,1,-79
2024-04-05T11:01:09.322000,ee:d8:09:63:f3:f1,1,-90
2024-04-05T11:01:09.337000,cb:94:54:ed:5d:28,1,-81
2024-04-05T11:01:09.534000,5a:92:ba:cf:94:30,1,-97
2024-04-05T11:01:09.555000,45:99:46:38:8f:31,1,-73
2024-04-05T11:01:09.604000,e2:f4:d3:73:c4:fa,1,-99
2024-04-05T11:01:09.712000,a0:de:0f:9b:a4:02,0,-82
2024-04-05T11:01:09.729000,ff:cb:d1:dc:df:ea,1,-45
2024-04-05T11:01:09.757000,cb:94:54:ed:5d:28,1,-80
2024-04-05T11:01:09.807000,7a:0c:a9:a2:a1:0c,1,-96
2024-04-05T11:01:09.825000,45:99:46:38:8f:31,1,-80
2024-04-05T11:01:10.058000,dc:23:4f:a9:9a:46,0,-88
2024-04-05T11:01:10.079000,5a:92:ba:cf:94:30,1,-97
2024-04-05T11:01:10.109000,45:99:46:38:8f:31,1,-72
2024-04-05T11:01:10.267000,a0:de:0f:9b:a4:02,0,-83
2024-04-05T11:01:10.389000,45:99:46:38:8f:31,1,-80
2024-04-05T11:01:10.469000,e8:d2:ed:ce:49:81,1,-54
2024-04-05T11:01:10.580000,a4:c1:38:e0:67:ae,0,-63
2024-04-05T11:01:10.612000,cb:94:54:ed:5d:28,1,-81
2024-04-05T11:01:10.677000,45:99:46:38:8f:31,1,-73
2024-04-05T11:01:10.803000,14:13:0b:44:19:e5,0,-83
2024-04-05T11:01:10.819000,a0:de:0f:9b:a4:02,0,-85
2024-04-05T11:01:10.890000,78:ec:f3:f2:18:fd,1,-89
2024-04-05T11:01:10.967000,45:99:46:38:8f:31,1,-75
2024-04-05T11:01:11.020000,cb:94:54:ed:5d:28,1,-81
2024-04-05T11:01:11.069000,dc:23:4f:a9:9a:46,0,-85
2024-04-05T11:01:11.238000,f6:5c:38:d6:bd:03,1,-93
2024-04-05T11:01:11.249000,45:99:46:38:8f:31,1,-73
2024-04-05T11:01:11.324000,ee:d8:09:63:f3:f1,1,-90
2024-04-05T11:01:11.375000,a0:de:0f:9b:a4:02,0,-92
2024-04-05T11:01:11.437000,ff:cb:d1:dc:df:ea,1,-47
2024-04-05T11:01:11.453000,cb:94:54:ed:5d:28,1,-80
2024-04-05T11:01:11.534000,45:99:46:38:8f:31,1,-82
2024-04-05T11:01:11.617000,e2:f4:d3:73:c4:fa,1,-98
2024-04-05T11:01:11.724000,5a:92:ba:cf:94:30,1,-96
2024-04-05T11:01:11.737000,50:0b:cc:8e:9e:c6,1,-96
2024-04-05T11:01:11.823000,45:99:46:38:8f:31,1,-73
2024-04-05T11:01:11.868000,cb:94:54:ed:5d:28,1,-85
2024-04-05T11:01:11.924000,a0:de:0f:9b:a4:02,0,-82
2024-04-05T11:01:12.076000,dc:23:4f:a9:9a:46,0,-89
2024-04-05T11:01:12.088000,dc:23:4f:a9:9a:46,0,-89
2024-04-05T11:01:12.109000,14:13:0b:44:19:e5,0,-82
2024-04-05T11:01:12.116000,45:99:46:38:8f:31,1,-82
2024-04-05T11:01:12.283000,50:0b:cc:8e:9e:c6,1,-99
2024-04-05T11:01:12.293000,ff:cb:d1:dc:df:ea,1,-44
2024-04-05T11:01:12.393000,45:99:46:38:8f:31,1,-73
2024-04-05T11:01:12.480000,a0:de:0f:9b:a4:02,0,-89
2024-04-05T11:01:12.539000,78:ec:f3:f2:18:fd,1,-88
2024-04-05T11:01:12.671000,a4:c1:38:e0:67:ae,0,-63
2024-04-05T11:01:12.678000,45:99:46:38:8f:31,1,-74
2024-04-05T11:01:12.714000,cb:94:54:ed:5d:28,1,-83
2024-04-05T11:01:12.809000,78:ec:f3:f2:18:fd,1,-88
2024-04-05T11:01:12.825000,5a:92:ba:cf:94:30,1,-95
2024-04-05T11:01:12.972000,e8:d2:ed:ce:49:81,1,-55
2024-04-05T11:01:13.027000,a0:de:0f:9b:a4:02,0,-82
2024-04-05T11:01:13.084000,78:ec:f3:f2:18:fd,1,-93
2024-04-05T11:01:13.133000,cb:94:54:ed:5d:28,1,-83
2024-04-05T11:01:13.152000,ff:cb:d1:dc:df:ea,1,-47
2024-04-05T11:01:13.248000,45:99:46:38:8f:31,1,-75
2024-04-05T11:01:13.375000,14:13:0b:44:19:e5,0,-81
2024-04-05T11:01:13.558000,cb:94:54:ed:5d:28,1,-80
2024-04-05T11:01:13.581000,a0:de:0f:9b:a4:02,0,-85
2024-04-05T11:01:13.620000,e2:f4:d3:73:c4:fa,1,-96
2024-04-05T11:01:13.666000,50:0b:cc:8e:9e:c6,1,-97
2024-04-05T11:01:13.823000,45:99:46:38:8f:31,1,-75
2024-04-05T11:01:13.975000,cb:94:54:ed:5d:28,1,-83
2024-04-05T11:01:14.090000,dc:23:4f:a9:9a:46,0,-89
2024-04-05T11:01:14.113000,45:99:46:38:8f:31,1,-82
2024-04-05T11:01:14.131000,a0:de:0f:9b:a4:02,0,-89
2024-04-05T11:01:14.209000,5a:92:ba:cf:94:30,1,-96
2024-04-05T11:01:14.395000,cb:94:54:ed:5d:28,1,-83
2024-04-05T11:01:14.404000,45:99:46:38:8f:31,1,-73
2024-04-05T11:01:14.660000,14:13:0b:44:19:e5,0,-82
2024-04-05T11:01:14.680000,a0:de:0f:9b:a4:02,0,-84
2024-04-05T11:01:14.692000,45:99:46:38:8f:31,1,-74
2024-04-05T11:01:14.741000,78:ec:f3:f2:18:fd,1,-94
2024-04-05T11:01:14.815000,cb:94:54:ed:5d:28,1,-82
2024-04-05T11:01:14.863000,ff:cb:d1:dc:df:ea,1,-46
2024-04-05T11:01:14.872000,a4:c1:38:e0:67:ae,0,-64
2024-04-05T11:01:14.981000,45:99:46:38:8f:31,1,-81
2024-04-05T11:01:15.044000,50:0b:cc:8e:9e:c6,1,-95
2024-04-05T11:01:15.229000,a0:de:0f:9b:a4:02,0,-84
2024-04-05T11:01:15.239000,cb:94:54:ed:5d:28,1,-83
2024-04-05T11:01:15.260000,f6:5c:38:d6:bd:03,1,-90
2024-04-05T11:01:15.269000,45:99:46:38:8f:31,1,-74
2024-04-05T11:01:15.294000,5a:92:ba:cf:94:30,1,-99
2024-04-05T11:01:15.479000,e8:d2:ed:ce:49:81,1,-54
2024-04-05T11:01:15.523000,14:13:0b:44:19:e5,0,-88
2024-04-05T11:01:15.548000,14:13:0b:44:19:e5,0,-88
2024-04-05T11:01:15.561000,45:99:46:38:8f:31,1,-74
2024-04-05T11:01:15.573000,14:13:0b:44:19:e5,0,-88
2024-04-05T11:01:15.611000,c2:4b:e5:af:32:81,1,-97
2024-04-05T11:01:15.639000,14:13:0b:44:19:e5,0,-84
2024-04-05T11:01:15.661000,14:13:0b:44:19:e5,0,-89
2024-04-05T11:01:15.678000,cb:94:54:ed:5d:28,1,-81
2024-04-05T11:01:15.699000,14:13:0b:44:19:e5,0,-88
2024-04-05T11:01:15.714000,14:13:0b:44:19:e5,0,-83
2024-04-05T11:01:15.749000,14:13:0b:44:19:e5,0,-92
2024-04-05T11:01:15.769000,14:13:0b:44:19:e5,0,-84
2024-04-05T11:01:15.780000,a0:de:0f:9b:a4:02,0,-90
2024-04-05T11:01:15.797000,14:13:0b:44:19:e5,0,-82
2024-04-05T11:01:15.832000,14:13:0b:44:19:e5,0,-81
2024-04-05T11:01:15.844000,45:99:46:38:8f:31,1,-74
2024-04-05T11:01:15.854000,14:13:0b:44:19:e5,0,-87
2024-04-05T11:01:15.898000,14:13:0b:44:19:e5,0,-85
2024-04-05T11:01:15.917000,14:13:0b:44:19:e5,0,-98
2024-04-05T11:01:15.962000,14:13:0b:44:19:e5,0,-87
2024-04-05T11:01:15.981000,14:13:0b:44:19:e5,0,-84
2024-04-05T11:01:16.004000,14:13:0b:44:19:e5,0,-83
2024-04-05T11:01:16.049000,14:13:0b:44:19:e5,0,-93
2024-04-05T11:01:16.071000,14:13:0b:44:19:e5,0,-83
2024-04-05T11:01:16.091000,14:13:0b:44:19:e5,0,-82
2024-04-05T11:01:16.100000,dc:23:4f:a9:9a:46,0,-89
2024-04-05T11:01:16.128000,78:ec:f3:f2:18:fd,1,-95
2024-04-05T11:01:16.137000,45:99:46:38:8f:31,1,-78
2024-04-05T11:01:16.141000,14:13:0b:44:19:e5,0,-77
2024-04-05T11:01:16.154000,14:13:0b:44:19:e5,0,-80
2024-04-05T11:01:16.195000,14:13:0b:44:19:e5,0,-82
2024-04-05T11:01:16.214000,14:13:0b:44:19:e5,0,-84
2024-04-05T11:01:16.258000,14:13:0b:44:19:e5,0,-80
2024-04-05T11:01:16.278000,14:13:0b:44:19:e5,0,-83
2024-04-05T11:01:16.298000,14:13:0b:44:19:e5,0,-86
2024-04-05T11:01:16.343000,14:13:0b:44:19:e5,0,-85
2024-04-05T11:01:16.366000,14:13:0b:44:19:e5,0,-86
2024-04-05T11:01:16.431000,14:13:0b:44:19:e5,0,-80
2024-04-05T11:01:16.451000,14:13:0b:44:19:e5,0,-90
2024-04-05T11:01:16.473000,14:13:0b:44:19:e5,0,-81
2024-04-05T11:01:16.492000,14:13:0b:44:19:e5,0,-81
2024-04-05T11:01:16.512000,14:13:0b:44:19:e5,0,-84
2024-04-05T11:01:16.534000,14:13:0b:44:19:e5,0,-80
2024-04-05T11:01:16.558000,14:13:0b:44:19:e5,0,-81
2024-04-05T11:01:16.580000,ff:cb:d1:dc:df:ea,1,-44
2024-04-05T11:01:16.589000,14:13:0b:44:19:e5,0,-86
2024-04-05T11:01:16.602000,14:13:0b:44:19:e5,0,-81
2024-04-05T11:01:16.651000,14:13:0b:44:19:e5,0,-81
2024-04-05T11:01:16.658000,14:13:0b:44:19:e5,0,-82
2024-04-05T11:01:16.670000,14:13:0b:44:19:e5,0,-87
2024-04-05T11:01:16.689000,14:13:0b:44:19:e5,0,-81
2024-04-05T11:01:16.704000,45:99:46:38:8f:31,1,-75
2024-04-05T11:01:16.714000,14:13:0b:44:19:e5,0,-85
2024-04-05T11:01:16.737000,14:13:0b:44:19:e5,0,-86
2024-04-05T11:01:16.759000,14:13:0b:44:19:e5,0,-87
2024-04-05T11:01:16.778000,14:13:0b:44:19:e5,0,-79
2024-04-05T11:01:16.802000,14:13:0b:44:19:e5,0,-88
2024-04-05T11:01:16.821000,14:13:0b:44:19:e5,0,-84
2024-04-05T11:01:16.841000,14:13:0b:44:19:e5,0,-78
2024-04-05T11:01:16.862000,14:13:0b:44:19:e5,0,-83
2024-04-05T11:01:16.872000,a0:de:0f:9b:a4:02,0,-84
2024-04-05T11:01:16.887000,14:13:0b:44:19:e5,0,-87
2024-04-05T11:01:16.931000,14:13:0b:44:19:e5,0,-84
2024-04-05T11:01:16.938000,cb:94:54:ed:5d:28,1,-82
2024-04-05T11:01:16.955000,14:13:0b:44:19:e5,0,-80
2024-04-05T11:01:16.993000,45:99:46:38:8f:31,1,-84
2024-04-05T11:01:16.997000,14:13:0b:44:19:e5,0,-79
2024-04-05T11:01:17.017000,14:13:0b:44:19:e5,0,-79
2024-04-05T11:01:17.038000,14:13:0b:44:19:e5,0,-86
2024-04-05T11:01:17.057000,14:13:0b:44:19:e5,0,-84
2024-04-05T11:01:17.077000,14:13:0b:44:19:e5,0,-83
2024-04-05T11:01:17.102000,14:13:0b:44:19:e5,0,-90
2024-04-05T11:01:17.110000,dc:23:4f:a9:9a:46,0,-89
2024-04-05T11:01:17.127000,14:13:0b:44:19:e5,0,-88
2024-04-05T11:01:17.190000,14:13:0b:44:19:e5,0,-91
2024-04-05T11:01:17.253000,14:13:0b:44:19:e5,0,-82
2024-04-05T11:01:17.277000,14:13:0b:44:19:e5,0,-83
2024-04-05T11:01:17.299000,14:13:0b:44:19:e5,0,-79
2024-04-05T11:01:17.321000,14:13:0b:44:19:e5,0,-81
2024-04-05T11:01:17.342000,14:13:0b:44:19:e5,0,-83
2024-04-05T11:01:17.354000,cb:94:54:ed:5d:28,1,-84
2024-04-05T11:01:17.366000,14:13:0b:44:19:e5,0,-81
2024-04-05T11:01:17.381000,14:13:0b:44:19:e5,0,-83
2024-04-05T11:01:17.429000,14:13:0b:44:19:e5,0,-82
2024-04-05T11:01:17.444000,ff:cb:d1:dc:df:ea,1,-48
2024-04-05T11:01:17.454000,14:13:0b:44:19:e5,0,-82
2024-04-05T11:01:17.471000,14:13:0b:44:19:e5,0,-83
2024-04-05T11:01:17.492000,14:13:0b:44:19:e5,0,-81
2024-04-05T11:01:17.515000,14:13:0b:44:19:e5,0,-81
2024-04-05T11:01:17.522000,78:ec:f3:f2:18:fd,1,-91
2024-04-05T11:01:17.537000,14:13:0b:44:19:e5,0,-80
2024-04-05T11:01:17.564000,45:99:46:38:8f:31,1,-85
2024-04-05T11:01:17.580000,14:13:0b:44:19:e5,0,-80
2024-04-05T11:01:17.600000,14:13:0b:44:19:e5,0,-79
2024-04-05T11:01:17.629000,e2:f4:d3:73:c4:fa,1,-99
2024-04-05T11:01:17.642000,14:13:0b:44:19:e5,0,-80
2024-04-05T11:01:17.661000,14:13:0b:44:19:e5,0,-81
2024-04-05T11:01:17.681000,14:13:0b:44:19:e5,0,-89
2024-04-05T11:01:17.704000,14:13:0b:44:19:e5,0,-82
2024-04-05T11:01:17.725000,14:13:0b:44:19:e5,0,-82
2024-04-05T11:01:17.747000,14:13:0b:44:19:e5,0,-85
2024-04-05T11:01:17.767000,14:13:0b:44:19:e5,0,-86
2024-04-05T11:01:17.775000,cb:94:54:ed:5d:28,1,-82
2024-04-05T11:01:17.793000,14:13:0b:44:19:e5,0,-82
2024-04-05T11:01:17.814000,14:13:0b:44:19:e5,0,-87
2024-04-05T11:01:17.833000,14:13:0b:44:19:e5,0,-88
2024-04-05T11:01:17.854000,14:13:0b:44:19:e5,0,-82
2024-04-05T11:01:17.877000,14:13:0b:44:19:e5,0,-81
2024-04-05T11:01:17.900000,14:13:0b:44:19:e5,0,-85
2024-04-05T11:01:17.921000,14:13:0b:44:19:e5,0,-93
2024-04-05T11:01:17.942000,14:13:0b:44:19:e5,0,-81
2024-04-05T11:01:17.986000,e8:d2:ed:ce:49:81,1,-55
2024-04-05T11:01:18.030000,14:13:0b:44:19:e5,0,-79
2024-04-05T11:01:18.115000,14:13:0b:44:19:e5,0,-87
2024-04-05T11:01:18.122000,dc:23:4f:a9:9a:46,0,-84
2024-04-05T11:01:18.147000,45:99:46:38:8f:31,1,-74
2024-04-05T11:01:18.181000,14:13:0b:44:19:e5,0,-84
2024-04-05T11:01:18.191000,cb:94:54:ed:5d:28,1,-83
2024-04-05T11:01:18.219000,14:13:0b:44:19:e5,0,-90
2024-04-05T11:01:18.242000,14:13:0b:44:19:e5,0,-83
2024-04-05T11:01:18.261000,14:13:0b:44:19:e5,0,-91
2024-04-05T11:01:18.281000,14:13:0b:44:19:e5,0,-83
2024-04-05T11:01:18.299000,ff:cb:d1:dc:df:ea,1,-41
2024-04-05T11:01:18.308000,14:13:0b:44:19:e5,0,-86
2024-04-05T11:01:18.324000,14:13:0b:44:19:e5,0,-90
2024-04-05T11:01:18.339000,50:0b:cc:8e:9e:c6,1,-96
2024-04-05T11:01:18.368000,14:13:0b:44:19:e5,0,-82
2024-04-05T11:01:18.389000,14:13:0b:44:19:e5,0,-86
2024-04-05T11:01:18.428000,45:99:46:38:8f:31,1,-84
2024-04-05T11:01:18.432000,14:13:0b:44:19:e5,0,-85
2024-04-05T11:01:18.477000,14:13:0b:44:19:e5,0,-84
2024-04-05T11:01:18.497000,14:13:0b:44:19:e5,0,-91
2024-04-05T11:01:18.517000,14:13:0b:44:19:e5,0,-85
2024-04-05T11:01:18.530000,a0:de:0f:9b:a4:02,0,-90
2024-04-05T11:01:18.540000,14:13:0b:44:19:e5,0,-83
2024-04-05T11:01:18.557000,14:13:0b:44:19:e5,0,-86
2024-04-05T11:01:18.578000,14:13:0b:44:19:e5,0,-86
2024-04-05T11:01:18.603000,14:13:0b:44:19:e5,0,-83
2024-04-05T11:01:18.610000,cb:94:54:ed:5d:28,1,-81
2024-04-05T11:01:18.619000,78:ec:f3:f2:18:fd,1,-92
2024-04-05T11:01:18.628000,14:13:0b:44:19:e5,0,-81
2024-04-05T11:01:18.647000,14:13:0b:44:19:e5,0,-89
2024-04-05T11:01:18.668000,14:13:0b:44:19:e5,0,-86
2024-04-05T11:01:18.690000,14:13:0b:44:19:e5,0,-78
2024-04-05T11:01:18.710000,14:13:0b:44:19:e5,0,-92
2024-04-05T11:01:18.718000,45:99:46:38:8f:31,1,-76
2024-04-05T11:01:18.733000,14:13:0b:44:19:e5,0,-92
2024-04-05T11:01:18.777000,14:13:0b:44:19:e5,0,-83
2024-04-05T11:01:18.800000,14:13:0b:44:19:e5,0,-93
2024-04-05T11:01:18.824000,14:13:0b:44:19:e5,0,-86
2024-04-05T11:01:18.871000,14:13:0b:44:19:e5,0,-92
2024-04-05T11:01:18.914000,14:13:0b:44:19:e5,0,-81
2024-04-05T11:01:18.938000,14:13:0b:44:19:e5,0,-79
2024-04-05T11:01:18.962000,14:13:0b:44:19:e5,0,-87
2024-04-05T11:01:18.981000,14:13:0b:44:19:e5,0,-101
2024-04-05T11:01:19.001000,14:13:0b:44:19:e5,0,-82
2024-04-05T11:01:19.008000,45:99:46:38:8f:31,1,-76
2024-04-05T11:01:19.022000,14:13:0b:44:19:e5,0,-93
2024-04-05T11:01:19.030000,cb:94:54:ed:5d:28,1,-83
2024-04-05T11:01:19.039000,e2:f4:d3:73:c4:fa,1,-96
2024-04-05T11:01:19.044000,14:13:0b:44:19:e5,0,-89
2024-04-05T11:01:19.064000,14:13:0b:44:19:e5,0,-84
2024-04-05T11:01:19.085000,14:13:0b:44:19:e5,0,-95
2024-04-05T11:01:19.107000,14:13:0b:44:19:e5,0,-92
2024-04-05T11:01:19.119000,dc:23:4f:a9:9a:46,0,-87
2024-04-05T11:01:19.155000,ff:cb:d1:dc:df:ea,1,-49
2024-04-05T11:01:19.169000,14:13:0b:44:19:e5,0,-86
2024-04-05T11:01:19.190000,14:13:0b:44:19:e5,0,-94
2024-04-05T11:01:19.212000,14:13:0b:44:19:e5,0,-87
2024-04-05T11:01:19.233000,14:13:0b:44:19:e5,0,-87
2024-04-05T11:01:19.252000,14:13:0b:44:19:e5,0,-92
2024-04-05T11:01:19.274000,14:13:0b:44:19:e5,0,-90
2024-04-05T11:01:19.292000,45:99:46:38:8f:31,1,-75
2024-04-05T11:01:19.296000,14:13:0b:44:19:e5,0,-88
2024-04-05T11:01:19.319000,14:13:0b:44:19:e5,0,-90
2024-04-05T11:01:19.342000,14:13:0b:44:19:e5,0,-91
2024-04-05T11:01:19.362000,78:ec:f3:f2:18:fd,1,-92
2024-04-05T11:01:19.371000,14:13:0b:44:19:e5,0,-89
2024-04-05T11:01:19.387000,14:13:0b:44:19:e5,0,-90
2024-04-05T11:01:19.408000,14:13:0b:44:19:e5,0,-90
2024-04-05T11:01:19.429000,14:13:0b:44:19:e5,0,-92
2024-04-05T11:01:19.448000,14:13:0b:44:19:e5,0,-89
2024-04-05T11:01:19.458000,cb:94:54:ed:5d:28,1,-81
2024-04-05T11:01:19.470000,14:13:0b:44:19:e5,0,-90
2024-04-05T11:01:19.493000,14:13:0b:44:19:e5,0,-89
2024-04-05T11:01:19.517000,14:13:0b:44:19:e5,0,-89
2024-04-05T11:01:19.542000,14:13:0b:44:19:e5,0,-88
2024-04-05T11:01:19.563000,14:13:0b:44:19:e5,0,-90
2024-04-05T11:01:19.570000,a4:c1:38:e0:67:ae,0,-61
2024-04-05T11:01:19.579000,45:99:46:38:8f:31,1,-91
2024-04-05T11:01:19.588000,14:13:0b:44:19:e5,0,-91
2024-04-05T11:01:19.612000,14:13:0b:44:19:e5,0,-91
2024-04-05T11:01:19.632000,14:13:0b:44:19:e5,0,-88
2024-04-05T11:01:19.639000,a0:de:0f:9b:a4:02,0,-86
2024-04-05T11:01:19.653000,14:13:0b:44:19:e5,0,-89
2024-04-05T11:01:19.672000,14:13:0b:44:19:e5,0,-92
2024-04-05T11:01:19.697000,14:13:0b:44:19:e5,0,-91
2024-04-05T11:01:19.717000,14:13:0b:44:19:e5,0,-88
2024-04-05T11:01:19.738000,14:13:0b:44:19:e5,0,-89
2024-04-05T11:01:19.761000,14:13:0b:44:19:e5,0,-92
2024-04-05T11:01:19.784000,14:13:0b:44:19:e5,0,-89
2024-04-05T11:01:19.806000,14:13:0b:44:19:e5,0,-91
2024-04-05T11:01:19.827000,14:13:0b:44:19:e5,0,-89
2024-04-05T11:01:19.847000,14:13:0b:44:19:e5,0,-89
2024-04-05T11:01:19.862000,45:99:46:38:8f:31,1,-75
2024-04-05T11:01:19.868000,14:13:0b:44:19:e5,0,-87
2024-04-05T11:01:19.879000,cb:94:54:ed:5d:28,1,-82
2024-04-05T11:01:19.892000,14:13:0b:44:19:e5,0,-91
2024-04-05T11:01:19.911000,14:13:0b:44:19:e5,0,-90
2024-04-05T11:01:19.932000,14:13:0b:44:19:e5,0,-89
2024-04-05T11:01:19.954000,14:13:0b:44:19:e5,0,-88
2024-04-05T11:01:19.974000,14:13:0b:44:19:e5,0,-91
2024-04-05T11:01:19.994000,14:13:0b:44:19:e5,0,-89
2024-04-05T11:01:20.018000,14:13:0b:44:19:e5,0,-91
2024-04-05T11:01:20.039000,14:13:0b:44:19:e5,0,-89
2024-04-05T11:01:20.060000,14:13:0b:44:19:e5,0,-89
2024-04-05T11:01:20.081000,14:13:0b:44:19:e5,0,-87
2024-04-05T11:01:20.102000,14:13:0b:44:19:e5,0,-89
2024-04-05T11:01:20.123000,14:13:0b:44:19:e5,0,-92
2024-04-05T11:01:20.130000,dc:23:4f:a9:9a:46,0,-83
2024-04-05T11:01:20.144000,45:99:46:38:8f:31,1,-89
2024-04-05T11:01:20.149000,14:13:0b:44:19:e5,0,-90
2024-04-05T11:01:20.188000,14:13:0b:44:19:e5,0,-89
2024-04-05T11:01:20.195000,a0:de:0f:9b:a4:02,0,-88
2024-04-05T11:01:20.208000,14:13:0b:44:19:e5,0,-94
2024-04-05T11:01:20.227000,14:13:0b:44:19:e5,0,-89
2024-04-05T11:01:20.250000,14:13:0b:44:19:e5,0,-89
2024-04-05T11:01:20.289000,14:13:0b:44:19:e5,0,-87
2024-04-05T11:01:20.306000,cb:94:54:ed:5d:28,1,-82
2024-04-05T11:01:20.315000,14:13:0b:44:19:e5,0,-90
2024-04-05T11:01:20.334000,14:13:0b:44:19:e5,0,-92
2024-04-05T11:01:20.353000,14:13:0b:44:19:e5,0,-88
2024-04-05T11:01:20.374000,14:13:0b:44:19:e5,0,-89
2024-04-05T11:01:20.394000,14:13:0b:44:19:e5,0,-91
2024-04-05T11:01:20.417000,14:13:0b:44:19:e5,0,-90
2024-04-05T11:01:20.432000,45:99:46:38:8f:31,1,-75
2024-04-05T11:01:20.437000,14:13:0b:44:19:e5,0,-86
2024-04-05T11:01:20.463000,14:13:0b:44:19:e5,0,-88
2024-04-05T11:01:20.482000,14:13:0b:44:19:e5,0,-89
2024-04-05T11:01:20.491000,e8:d2:ed:ce:49:81,1,-53
2024-04-05T11:01:20.534000,50:0b:cc:8e:9e:c6,1,-95
2024-04-05T11:01:20.717000,45:99:46:38:8f:31,1,-77
2024-04-05T11:01:20.723000,cb:94:54:ed:5d:28,1,-81
2024-04-05T11:01:20.744000,a0:de:0f:9b:a4:02,0,-83
2024-04-05T11:01:20.879000,ff:cb:d1:dc:df:ea,1,-42
2024-04-05T11:01:21.002000,45:99:46:38:8f:31,1,-75
2024-04-05T11:01:21.134000,dc:23:4f:a9:9a:46,0,-87
2024-04-05T11:01:21.162000,cb:94:54:ed:5d:28,1,-81
2024-04-05T11:01:21.288000,45:99:46:38:8f:31,1,-76
2024-04-05T11:01:21.295000,a0:de:0f:9b:a4:02,0,-90
2024-04-05T11:01:21.447000,78:ec:f3:f2:18:fd,1,-94
2024-04-05T11:01:21.562000,cb:94:54:ed:5d:28,1,-81
2024-04-05T11:01:21.584000,45:99:46:38:8f:31,1,-75
2024-04-05T11:01:21.638000,50:0b:cc:8e:9e:c6,1,-93
2024-04-05T11:01:21.735000,ff:cb:d1:dc:df:ea,1,-51
2024-04-05T11:01:21.827000,14:13:0b:44:19:e5,0,-89
2024-04-05T11:01:21.841000,a0:de:0f:9b:a4:02,0,-88
2024-04-05T11:01:21.859000,45:99:46:38:8f:31,1,-77
2024-04-05T11:01:21.912000,50:0b:cc:8e:9e:c6,1,-96
2024-04-05T11:01:21.980000,cb:94:54:ed:5d:28,1,-81
2024-04-05T11:01:22.030000,78:ec:f3:f2:18:fd,1,-96
2024-04-05T11:01:22.138000,dc:23:4f:a9:9a:46,0,-85
2024-04-05T11:01:22.151000,45:99:46:38:8f:31,1,-76
2024-04-05T11:01:22.309000,78:ec:f3:f2:18:fd,1,-95
2024-04-05T11:01:22.390000,a0:de:0f:9b:a4:02,0,-83
2024-04-05T11:01:22.402000,cb:94:54:ed:5d:28,1,-82
2024-04-05T11:01:22.432000,45:99:46:38:8f:31,1,-76
2024-04-05T11:01:22.590000,ff:cb:d1:dc:df:ea,1,-42
2024-04-05T11:01:22.718000,45:99:46:38:8f:31,1,-87
2024-04-05T11:01:22.822000,cb:94:54:ed:5d:28,1,-81
2024-04-05T11:01:22.943000,a0:de:0f:9b:a4:02,0,-88
2024-04-05T11:01:22.995000,e8:d2:ed:ce:49:81,1,-58
2024-04-05T11:01:23.004000,45:99:46:38:8f:31,1,-76
2024-04-05T11:01:23.113000,14:13:0b:44:19:e5,0,-87
2024-04-05T11:01:23.139000,dc:23:4f:a9:9a:46,0,-85
2024-04-05T11:01:23.244000,cb:94:54:ed:5d:28,1,-81
2024-04-05T11:01:23.287000,45:99:46:38:8f:31,1,-87
2024-04-05T11:01:23.450000,ff:cb:d1:dc:df:ea,1,-45
2024-04-05T11:01:23.581000,45:99:46:38:8f:31,1,-75
2024-04-05T11:01:23.588000,59:da:70:f0:a7:29,1,-97
2024-04-05T11:01:23.669000,cb:94:54:ed:5d:28,1,-82
2024-04-05T11:01:23.844000,94:08:c7:fc:ad:d7,0,-97
2024-04-05T11:01:23.868000,45:99:46:38:8f:31,1,-75
2024-04-05T11:01:24.053000,a0:de:0f:9b:a4:02,0,-87
2024-04-05T11:01:24.088000,cb:94:54:ed:5d:28,1,-83
2024-04-05T11:01:24.142000,dc:23:4f:a9:9a:46,0,-89
2024-04-05T11:01:24.160000,45:99:46:38:8f:31,1,-76
2024-04-05T11:01:24.212000,a4:c1:38:e0:67:ae,0,-62
2024-04-05T11:01:24.304000,ff:cb:d1:dc:df:ea,1,-43
2024-04-05T11:01:24.398000,14:13:0b:44:19:e5,0,-88
2024-04-05T11:01:24.432000,45:99:46:38:8f:31,1,-87
2024-04-05T11:01:24.503000,78:ec:f3:f2:18:fd,1,-97
2024-04-05T11:01:24.513000,cb:94:54:ed:5d:28,1,-83
2024-04-05T11:01:24.603000,a0:de:0f:9b:a4:02,0,-88
2024-04-05T11:01:24.722000,45:99:46:38:8f:31,1,-75
2024-04-05T11:01:24.779000,78:ec:f3:f2:18:fd,1,-98
2024-04-05T11:01:24.926000,cb:94:54:ed:5d:28,1,-82
2024-04-05T11:01:25.008000,45:99:46:38:8f:31,1,-76
2024-04-05T11:01:25.149000,a0:de:0f:9b:a4:02,0,-84
2024-04-05T11:01:25.164000,ff:cb:d1:dc:df:ea,1,-45
2024-04-05T11:01:25.353000,cb:94:54:ed:5d:28,1,-83
2024-04-05T11:01:25.483000,50:0b:cc:8e:9e:c6,1,-96
2024-04-05T11:01:25.496000,e8:d2:ed:ce:49:81,1,-55
2024-04-05T11:01:25.583000,45:99:46:38:8f:31,1,-76
2024-04-05T11:01:25.685000,14:13:0b:44:19:e5,0,-88
2024-04-05T11:01:25.703000,a0:de:0f:9b:a4:02,0,-86
2024-04-05T11:01:25.774000,cb:94:54:ed:5d:28,1,-83
2024-04-05T11:01:25.867000,45:99:46:38:8f:31,1,-87
2024-04-05T11:01:26.023000,ff:cb:d1:dc:df:ea,1,-48
2024-04-05T11:01:26.153000,dc:23:4f:a9:9a:46,0,-88
2024-04-05T11:01:26.168000,45:99:46:38:8f:31,1,-76
2024-04-05T11:01:26.172000,45:99:46:38:8f:31,1,-74
2024-04-05T11:01:26.193000,cb:94:54:ed:5d:28,1,-82
2024-04-05T11:01:26.448000,45:99:46:38:8f:31,1,-76
2024-04-05T11:01:26.568000,a4:c1:38:e0:67:ae,0,-63
2024-04-05T11:01:26.724000,45:99:46:38:8f:31,1,-75
2024-04-05T11:01:26.800000,a0:de:0f:9b:a4:02,0,-83
2024-04-05T11:01:26.879000,ff:cb:d1:dc:df:ea,1,-42
2024-04-05T11:01:26.975000,14:13:0b:44:19:e5,0,-89
2024-04-05T11:01:27.128000,50:0b:cc:8e:9e:c6,1,-100
2024-04-05T11:01:27.301000,45:99:46:38:8f:31,1,-74
2024-04-05T11:01:27.456000,cb:94:54:ed:5d:28,1,-82
2024-04-05T11:01:27.581000,45:99:46:38:8f:31,1,-91
2024-04-05T11:01:27.734000,ff:cb:d1:dc:df:ea,1,-48
2024-04-05T11:01:27.872000,45:99:46:38:8f:31,1,-74
2024-04-05T11:01:28.003000,e8:d2:ed:ce:49:81,1,-56
2024-04-05T11:01:28.151000,45:99:46:38:8f:31,1,-84
2024-04-05T11:01:28.298000,cb:94:54:ed:5d:28,1,-83
2024-04-05T11:01:28.433000,45:99:46:38:8f:31,1,-76
2024-04-05T11:01:28.458000,a0:de:0f:9b:a4:02,0,-87
2024-04-05T11:01:28.591000,ff:cb:d1:dc:df:ea,1,-41
2024-04-05T11:01:28.719000,cb:94:54:ed:5d:28,1,-82
2024-04-05T11:01:28.737000,a4:c1:38:e0:67:ae,0,-63
2024-04-05T11:01:29.011000,45:99:46:38:8f:31,1,-76
2024-04-05T11:01:29.019000,a0:de:0f:9b:a4:02,0,-88
2024-04-05T11:01:29.141000,cb:94:54:ed:5d:28,1,-82
2024-04-05T11:01:29.299000,45:99:46:38:8f:31,1,-75
2024-04-05T11:01:29.365000,ee:d8:09:63:f3:f1,1,-96
2024-04-05T11:01:29.545000,14:13:0b:44:19:e5,0,-92
2024-04-05T11:01:29.588000,45:99:46:38:8f:31,1,-98
2024-04-05T11:01:29.881000,45:99:46:38:8f:31,1,-75
2024-04-05T11:01:29.888000,50:0b:cc:8e:9e:c6,1,-99
2024-04-05T11:01:29.982000,cb:94:54:ed:5d:28,1,-81
2024-04-05T11:01:30.113000,a0:de:0f:9b:a4:02,0,-83
2024-04-05T11:01:30.168000,45:99:46:38:8f:31,1,-77
2024-04-05T11:01:30.176000,dc:23:4f:a9:9a:46,0,-85
2024-04-05T11:01:30.406000,cb:94:54:ed:5d:28,1,-82
2024-04-05T11:01:30.456000,45:99:46:38:8f:31,1,-75
2024-04-05T11:01:30.508000,e8:d2:ed:ce:49:81,1,-54
2024-04-05T11:01:30.662000,a0:de:0f:9b:a4:02,0,-87
2024-04-05T11:01:30.738000,45:99:46:38:8f:31,1,-76
2024-04-05T11:01:30.828000,cb:94:54:ed:5d:28,1,-84
2024-04-05T11:01:30.860000,14:13:0b:44:19:e5,0,-91
2024-04-05T11:01:30.893000,a4:c1:38:e0:67:ae,0,-64
2024-04-05T11:01:30.990000,50:0b:cc:8e:9e:c6,1,-101
2024-04-05T11:01:31.022000,45:99:46:38:8f:31,1,-74
2024-04-05T11:01:31.170000,ff:cb:d1:dc:df:ea,1,-44
2024-04-05T11:01:31.208000,a0:de:0f:9b:a4:02,0,-86
2024-04-05T11:01:31.253000,cb:94:54:ed:5d:28,1,-82
2024-04-05T11:01:31.303000,45:99:46:38:8f:31,1,-85
2024-04-05T11:01:31.588000,45:99:46:38:8f:31,1,-74
2024-04-05T11:01:31.675000,cb:94:54:ed:5d:28,1,-84
2024-04-05T11:01:31.760000,a0:de:0f:9b:a4:02,0,-88
2024-04-05T11:01:31.878000,45:99:46:38:8f:31,1,-79
2024-04-05T11:01:32.024000,ff:cb:d1:dc:df:ea,1,-51
2024-04-05T11:01:32.092000,cb:94:54:ed:5d:28,1,-81
2024-04-05T11:01:32.116000,14:13:0b:44:19:e5,0,-86
2024-04-05T11:01:32.166000,45:99:46:38:8f:31,1,-73
2024-04-05T11:01:32.183000,dc:23:4f:a9:9a:46,0,-84
2024-04-05T11:01:32.309000,a0:de:0f:9b:a4:02,0,-91
2024-04-05T11:01:32.446000,45:99:46:38:8f:31,1,-85
2024-04-05T11:01:32.520000,cb:94:54:ed:5d:28,1,-80
2024-04-05T11:01:32.733000,45:99:46:38:8f:31,1,-75
2024-04-05T11:01:32.879000,ff:cb:d1:dc:df:ea,1,-42
2024-04-05T11:01:32.944000,cb:94:54:ed:5d:28,1,-82
2024-04-05T11:01:33.021000,45:99:46:38:8f:31,1,-74
2024-04-05T11:01:33.308000,45:99:46:38:8f:31,1,-80
2024-04-05T11:01:33.366000,cb:94:54:ed:5d:28,1,-82
2024-04-05T11:01:33.403000,a0:de:0f:9b:a4:02,0,-86
2024-04-05T11:01:33.422000,14:13:0b:44:19:e5,0,-88
2024-04-05T11:01:33.596000,45:99:46:38:8f:31,1,-76
2024-04-05T11:01:33.742000,ff:cb:d1:dc:df:ea,1,-45
2024-04-05T11:01:33.784000,cb:94:54:ed:5d:28,1,-82
2024-04-05T11:01:33.878000,45:99:46:38:8f:31,1,-84
2024-04-05T11:01:33.953000,a0:de:0f:9b:a4:02,0,-89
2024-04-05T11:01:34.022000,50:0b:cc:8e:9e:c6,1,-100
2024-04-05T11:01:34.172000,45:99:46:38:8f:31,1,-72
2024-04-05T11:01:34.189000,dc:23:4f:a9:9a:46,0,-92
2024-04-05T11:01:34.452000,45:99:46:38:8f:31,1,-90
2024-04-05T11:01:34.576000,50:0b:cc:8e:9e:c6,1,-97
2024-04-05T11:01:34.595000,ff:cb:d1:dc:df:ea,1,-41
2024-04-05T11:01:34.631000,cb:94:54:ed:5d:28,1,-81
2024-04-05T11:01:34.694000,14:13:0b:44:19:e5,0,-87
2024-04-05T11:01:34.738000,45:99:46:38:8f:31,1,-75
2024-04-05T11:01:35.022000,45:99:46:38:8f:31,1,-83
2024-04-05T11:01:35.050000,cb:94:54:ed:5d:28,1,-81
2024-04-05T11:01:35.068000,a0:de:0f:9b:a4:02,0,-87
2024-04-05T11:01:35.191000,dc:23:4f:a9:9a:46,0,-86
2024-04-05T11:01:35.306000,45:99:46:38:8f:31,1,-76
2024-04-05T11:01:35.452000,ff:cb:d1:dc:df:ea,1,-44
2024-04-05T11:01:35.477000,cb:94:54:ed:5d:28,1,-83
2024-04-05T11:01:35.508000,e8:d2:ed:ce:49:81,1,-54
2024-04-05T11:01:35.527000,a4:c1:38:e0:67:ae,0,-60
2024-04-05T11:01:35.551000,14:13:0b:44:19:e5,0,-91
2024-04-05T11:01:35.573000,14:13:0b:44:19:e5,0,-88
2024-04-05T11:01:35.596000,14:13:0b:44:19:e5,0,-88
2024-04-05T11:01:35.619000,a0:de:0f:9b:a4:02,0,-86
2024-04-05T11:01:35.629000,14:13:0b:44:19:e5,0,-95
2024-04-05T11:01:35.638000,14:13:0b:44:19:e5,0,-92
2024-04-05T11:01:35.658000,14:13:0b:44:19:e5,0,-89
2024-04-05T11:01:35.681000,14:13:0b:44:19:e5,0,-89
2024-04-05T11:01:35.704000,14:13:0b:44:19:e5,0,-91
2024-04-05T11:01:35.728000,14:13:0b:44:19:e5,0,-92
2024-04-05T11:01:35.788000,14:13:0b:44:19:e5,0,-92
2024-04-05T11:01:35.811000,14:13:0b:44:19:e5,0,-88
2024-04-05T11:01:35.830000,14:13:0b:44:19:e5,0,-96
2024-04-05T11:01:35.851000,14:13:0b:44:19:e5,0,-91
2024-04-05T11:01:35.871000,14:13:0b:44:19:e5,0,-87
2024-04-05T11:01:35.881000,45:99:46:38:8f:31,1,-78
2024-04-05T11:01:35.892000,14:13:0b:44:19:e5,0,-93
2024-04-05T11:01:35.899000,cb:94:54:ed:5d:28,1,-79
2024-04-05T11:01:35.913000,14:13:0b:44:19:e5,0,-91
2024-04-05T11:01:35.932000,14:13:0b:44:19:e5,0,-87
2024-04-05T11:01:36.003000,14:13:0b:44:19:e5,0,-91
2024-04-05T11:01:36.026000,14:13:0b:44:19:e5,0,-87
2024-04-05T11:01:36.069000,14:13:0b:44:19:e5,0,-89
2024-04-05T11:01:36.094000,14:13:0b:44:19:e5,0,-90
2024-04-05T11:01:36.114000,14:13:0b:44:19:e5,0,-88
2024-04-05T11:01:36.138000,14:13:0b:44:19:e5,0,-90
2024-04-05T11:01:36.161000,14:13:0b:44:19:e5,0,-88
2024-04-05T11:01:36.168000,a0:de:0f:9b:a4:02,0,-84
2024-04-05T11:01:36.195000,14:13:0b:44:19:e5,0,-91
2024-04-05T11:01:36.203000,dc:23:4f:a9:9a:46,0,-86
2024-04-05T11:01:36.215000,14:13:0b:44:19:e5,0,-91
2024-04-05T11:01:36.231000,14:13:0b:44:19:e5,0,-91
2024-04-05T11:01:36.250000,14:13:0b:44:19:e5,0,-92
2024-04-05T11:01:36.273000,14:13:0b:44:19:e5,0,-88
2024-04-05T11:01:36.292000,14:13:0b:44:19:e5,0,-91
2024-04-05T11:01:36.308000,ff:cb:d1:dc:df:ea,1,-50
2024-04-05T11:01:36.317000,14:13:0b:44:19:e5,0,-89
2024-04-05T11:01:36.325000,cb:94:54:ed:5d:28,1,-82
2024-04-05T11:01:36.336000,14:13:0b:44:19:e5,0,-90
2024-04-05T11:01:36.356000,14:13:0b:44:19:e5,0,-92
2024-04-05T11:01:36.379000,14:13:0b:44:19:e5,0,-92
2024-04-05T11:01:36.399000,14:13:0b:44:19:e5,0,-90
2024-04-05T11:01:36.420000,14:13:0b:44:19:e5,0,-91
2024-04-05T11:01:36.442000,14:13:0b:44:19:e5,0,-89
2024-04-05T11:01:36.454000,45:99:46:38:8f:31,1,-74
2024-04-05T11:01:36.464000,14:13:0b:44:19:e5,0,-89
2024-04-05T11:01:36.485000,14:13:0b:44:19:e5,0,-93
2024-04-05T11:01:36.508000,14:13:0b:44:19:e5,0,-92
2024-04-05T11:01:36.551000,14:13:0b:44:19:e5,0,-95
2024-04-05T11:01:36.573000,14:13:0b:44:19:e5,0,-91
2024-04-05T11:01:36.593000,14:13:0b:44:19:e5,0,-92
2024-04-05T11:01:36.614000,14:13:0b:44:19:e5,0,-95
2024-04-05T11:01:36.658000,14:13:0b:44:19:e5,0,-89
2024-04-05T11:01:36.678000,14:13:0b:44:19:e5,0,-93
2024-04-05T11:01:36.701000,14:13:0b:44:19:e5,0,-94
2024-04-05T11:01:36.719000,a0:de:0f:9b:a4:02,0,-86
2024-04-05T11:01:36.732000,14:13:0b:44:19:e5,0,-89
2024-04-05T11:01:36.740000,45:99:46:38:8f:31,1,-77
2024-04-05T11:01:36.746000,cb:94:54:ed:5d:28,1,-82
2024-04-05T11:01:36.757000,14:13:0b:44:19:e5,0,-92
2024-04-05T11:01:36.788000,14:13:0b:44:19:e5,0,-95
2024-04-05T11:01:36.810000,14:13:0b:44:19:e5,0,-91
2024-04-05T11:01:36.833000,14:13:0b:44:19:e5,0,-94
2024-04-05T11:01:36.858000,14:13:0b:44:19:e5,0,-92
2024-04-05T11:01:36.878000,14:13:0b:44:19:e5,0,-89
2024-04-05T11:01:36.899000,14:13:0b:44:19:e5,0,-88
2024-04-05T11:01:36.923000,14:13:0b:44:19:e5,0,-92
2024-04-05T11:01:36.945000,14:13:0b:44:19:e5,0,-90
2024-04-05T11:01:36.986000,14:13:0b:44:19:e5,0,-92
2024-04-05T11:01:37.008000,14:13:0b:44:19:e5,0,-94
2024-04-05T11:01:37.024000,45:99:46:38:8f:31,1,-76
2024-04-05T11:01:37.028000,14:13:0b:44:19:e5,0,-93
2024-04-05T11:01:37.050000,14:13:0b:44:19:e5,0,-90
2024-04-05T11:01:37.073000,14:13:0b:44:19:e5,0,-90
2024-04-05T11:01:37.094000,14:13:0b:44:19:e5,0,-90
2024-04-05T11:01:37.119000,14:13:0b:44:19:e5,0,-94
2024-04-05T11:01:37.140000,14:13:0b:44:19:e5,0,-87
2024-04-05T11:01:37.166000,cb:94:54:ed:5d:28,1,-82
2024-04-05T11:01:37.175000,ff:cb:d1:dc:df:ea,1,-42
2024-04-05T11:01:37.194000,dc:23:4f:a9:9a:46,0,-91
2024-04-05T11:01:37.230000,14:13:0b:44:19:e5,0,-91
2024-04-05T11:01:37.251000,14:13:0b:44:19:e5,0,-92
2024-04-05T11:01:37.271000,a0:de:0f:9b:a4:02,0,-84
2024-04-05T11:01:37.295000,14:13:0b:44:19:e5,0,-89
2024-04-05T11:01:37.309000,45:99:46:38:8f:31,1,-74
2024-04-05T11:01:37.314000,14:13:0b:44:19:e5,0,-93
2024-04-05T11:01:37.337000,14:13:0b:44:19:e5,0,-92
2024-04-05T11:01:37.360000,14:13:0b:44:19:e5,0,-89
2024-04-05T11:01:37.385000,14:13:0b:44:19:e5,0,-88
2024-04-05T11:01:37.409000,14:13:0b:44:19:e5,0,-87
2024-04-05T11:01:37.428000,14:13:0b:44:19:e5,0,-95
2024-04-05T11:01:37.451000,14:13:0b:44:19:e5,0,-90
2024-04-05T11:01:37.474000,14:13:0b:44:19:e5,0,-87
2024-04-05T11:01:37.498000,14:13:0b:44:19:e5,0,-87
2024-04-05T11:01:37.558000,14:13:0b:44:19:e5,0,-90
2024-04-05T11:01:37.581000,14:13:0b:44:19:e5,0,-98
2024-04-05T11:01:37.588000,a4:c1:38:e0:67:ae,0,-64
2024-04-05T11:01:37.596000,cb:94:54:ed:5d:28,1,-82
2024-04-05T11:01:37.606000,45:99:46:38:8f:31,1,-75
2024-04-05T11:01:37.610000,14:13:0b:44:19:e5,0,-88
2024-04-05T11:01:37.631000,59:da:70:f0:a7:29,1,-95
2024-04-05T11:01:37.651000,14:13:0b:44:19:e5,0,-89
2024-04-05T11:01:37.695000,14:13:0b:44:19:e5,0,-88
2024-04-05T11:01:37.739000,14:13:0b:44:19:e5,0,-89
2024-04-05T11:01:37.763000,14:13:0b:44:19:e5,0,-92
2024-04-05T11:01:37.824000,a0:de:0f:9b:a4:02,0,-91
2024-04-05T11:01:37.841000,14:13:0b:44:19:e5,0,-89
2024-04-05T11:01:37.851000,14:13:0b:44:19:e5,0,-93
2024-04-05T11:01:37.873000,14:13:0b:44:19:e5,0,-90
2024-04-05T11:01:37.880000,45:99:46:38:8f:31,1,-85
2024-04-05T11:01:37.895000,14:13:0b:44:19:e5,0,-89
2024-04-05T11:01:37.918000,14:13:0b:44:19:e5,0,-90
2024-04-05T11:01:37.983000,14:13:0b:44:19:e5,0,-88
2024-04-05T11:01:38.009000,cb:94:54:ed:5d:28,1,-82
2024-04-05T11:01:38.019000,e8:d2:ed:ce:49:81,1,-52
2024-04-05T11:01:38.031000,ff:cb:d1:dc:df:ea,1,-50
2024-04-05T11:01:38.050000,14:13:0b:44:19:e5,0,-89
2024-04-05T11:01:38.073000,14:13:0b:44:19:e5,0,-89
2024-04-05T11:01:38.093000,14:13:0b:44:19:e5,0,-97
2024-04-05T11:01:38.114000,14:13:0b:44:19:e5,0,-91
2024-04-05T11:01:38.138000,14:13:0b:44:19:e5,0,-89
2024-04-05T11:01:38.164000,14:13:0b:44:19:e5,0,-88
2024-04-05T11:01:38.199000,dc:23:4f:a9:9a:46,0,-85
2024-04-05T11:01:38.229000,14:13:0b:44:19:e5,0,-90
2024-04-05T11:01:38.253000,14:13:0b:44:19:e5,0,-88
2024-04-05T11:01:38.274000,14:13:0b:44:19:e5,0,-93
2024-04-05T11:01:38.294000,14:13:0b:44:19:e5,0,-87
2024-04-05T11:01:38.315000,14:13:0b:44:19:e5,0,-88
2024-04-05T11:01:38.334000,14:13:0b:44:19:e5,0,-91
2024-04-05T11:01:38.354000,14:13:0b:44:19:e5,0,-87
2024-04-05T11:01:38.396000,14:13:0b:44:19:e5,0,-93
2024-04-05T11:01:38.421000,14:13:0b:44:19:e5,0,-94
2024-04-05T11:01:38.436000,cb:94:54:ed:5d:28,1,-84
2024-04-05T11:01:38.460000,14:13:0b:44:19:e5,0,-86
2024-04-05T11:01:38.475000,45:99:46:38:8f:31,1,-85
2024-04-05T11:01:38.486000,14:13:0b:44:19:e5,0,-94
2024-04-05T11:01:38.511000,14:13:0b:44:19:e5,0,-93
2024-04-05T11:01:38.530000,14:13:0b:44:19:e5,0,-89
2024-04-05T11:01:38.576000,14:13:0b:44:19:e5,0,-96
2024-04-05T11:01:38.598000,14:13:0b:44:19:e5,0,-92
2024-04-05T11:01:38.621000,14:13:0b:44:19:e5,0,-88
2024-04-05T11:01:38.643000,14:13:0b:44:19:e5,0,-89
2024-04-05T11:01:38.666000,14:13:0b:44:19:e5,0,-92
2024-04-05T11:01:38.688000,14:13:0b:44:19:e5,0,-92
2024-04-05T11:01:38.709000,14:13:0b:44:19:e5,0,-88
2024-04-05T11:01:38.734000,45:99:46:38:8f:31,1,-76
2024-04-05T11:01:38.759000,14:13:0b:44:19:e5,0,-87
2024-04-05T11:01:38.778000,14:13:0b:44:19:e5,0,-90
2024-04-05T11:01:38.799000,14:13:0b:44:19:e5,0,-88
2024-04-05T11:01:38.823000,14:13:0b:44:19:e5,0,-87
2024-04-05T11:01:38.843000,14:13:0b:44:19:e5,0,-92
2024-04-05T11:01:38.863000,14:13:0b:44:19:e5,0,-87
2024-04-05T11:01:38.884000,14:13:0b:44:19:e5,0,-88
2024-04-05T11:01:38.891000,ff:cb:d1:dc:df:ea,1,-42
2024-04-05T11:01:38.903000,14:13:0b:44:19:e5,0,-93
2024-04-05T11:01:38.926000,a0:de:0f:9b:a4:02,0,-79
2024-04-05T11:01:38.937000,a0:de:0f:9b:a4:02,0,-85
2024-04-05T11:01:38.950000,14:13:0b:44:19:e5,0,-87
2024-04-05T11:01:38.996000,14:13:0b:44:19:e5,0,-93
2024-04-05T11:01:39.016000,45:99:46:38:8f:31,1,-88
2024-04-05T11:01:39.019000,14:13:0b:44:19:e5,0,-91
2024-04-05T11:01:39.039000,14:13:0b:44:19:e5,0,-88
2024-04-05T11:01:39.060000,14:13:0b:44:19:e5,0,-88
2024-04-05T11:01:39.079000,14:13:0b:44:19:e5,0,-92
2024-04-05T11:01:39.103000,14:13:0b:44:19:e5,0,-86
2024-04-05T11:01:39.124000,14:13:0b:44:19:e5,0,-88
2024-04-05T11:01:39.148000,14:13:0b:44:19:e5,0,-88
2024-04-05T11:01:39.171000,14:13:0b:44:19:e5,0,-95
2024-04-05T11:01:39.193000,14:13:0b:44:19:e5,0,-88
2024-04-05T11:01:39.211000,dc:23:4f:a9:9a:46,0,-84
2024-04-05T11:01:39.222000,14:13:0b:44:19:e5,0,-88
2024-04-05T11:01:39.238000,14:13:0b:44:19:e5,0,-87
2024-04-05T11:01:39.252000,50:0b:cc:8e:9e:c6,1,-96
2024-04-05T11:01:39.262000,14:13:0b:44:19:e5,0,-93
2024-04-05T11:01:39.277000,cb:94:54:ed:5d:28,1,-82
2024-04-05T11:01:39.286000,14:13:0b:44:19:e5,0,-87
2024-04-05T11:01:39.306000,45:99:46:38:8f:31,1,-75
2024-04-05T11:01:39.310000,14:13:0b:44:19:e5,0,-86
2024-04-05T11:01:39.333000,14:13:0b:44:19:e5,0,-88
2024-04-05T11:01:39.356000,14:13:0b:44:19:e5,0,-92
2024-04-05T11:01:39.380000,14:13:0b:44:19:e5,0,-93
2024-04-05T11:01:39.400000,14:13:0b:44:19:e5,0,-87
2024-04-05T11:01:39.425000,14:13:0b:44:19:e5,0,-89
2024-04-05T11:01:39.482000,a0:de:0f:9b:a4:02,0,-91
2024-04-05T11:01:39.508000,14:13:0b:44:19:e5,0,-87
2024-04-05T11:01:39.531000,14:13:0b:44:19:e5,0,-93
2024-04-05T11:01:39.553000,14:13:0b:44:19:e5,0,-88
2024-04-05T11:01:39.575000,14:13:0b:44:19:e5,0,-87
2024-04-05T11:01:39.588000,45:99:46:38:8f:31,1,-77
2024-04-05T11:01:39.615000,14:13:0b:44:19:e5,0,-89
2024-04-05T11:01:39.638000,59:da:70:f0:a7:29,1,-99
2024-04-05T11:01:39.645000,14:13:0b:44:19:e5,0,-89
2024-04-05T11:01:39.690000,14:13:0b:44:19:e5,0,-89
2024-04-05T11:01:39.701000,cb:94:54:ed:5d:28,1,-81
2024-04-05T11:01:39.710000,14:13:0b:44:19:e5,0,-91
2024-04-05T11:01:39.733000,14:13:0b:44:19:e5,0,-86
2024-04-05T11:01:39.741000,ff:cb:d1:dc:df:ea,1,-46
2024-04-05T11:01:39.758000,14:13:0b:44:19:e5,0,-87
2024-04-05T11:01:39.779000,14:13:0b:44:19:e5,0,-87
2024-04-05T11:01:39.802000,14:13:0b:44:19:e5,0,-90
2024-04-05T11:01:39.823000,14:13:0b:44:19:e5,0,-89
2024-04-05T11:01:39.845000,14:13:0b:44:19:e5,0,-86
2024-04-05T11:01:39.864000,14:13:0b:44:19:e5,0,-93
2024-04-05T11:01:39.884000,14:13:0b:44:19:e5,0,-86
2024-04-05T11:01:39.926000,14:13:0b:44:19:e5,0,-90
2024-04-05T11:01:39.951000,14:13:0b:44:19:e5,0,-92
2024-04-05T11:01:39.975000,14:13:0b:44:19:e5,0,-87
2024-04-05T11:01:39.998000,14:13:0b:44:19:e5,0,-89
2024-04-05T11:01:40.023000,14:13:0b:44:19:e5,0,-87
2024-04-05T11:01:40.046000,14:13:0b:44:19:e5,0,-91
2024-04-05T11:01:40.065000,14:13:0b:44:19:e5,0,-87
2024-04-05T11:01:40.110000,14:13:0b:44:19:e5,0,-86
2024-04-05T11:01:40.123000,cb:94:54:ed:5d:28,1,-83
2024-04-05T11:01:40.154000,14:13:0b:44:19:e5,0,-86
2024-04-05T11:01:40.168000,45:99:46:38:8f:31,1,-76
2024-04-05T11:01:40.200000,14:13:0b:44:19:e5,0,-87
2024-04-05T11:01:40.214000,dc:23:4f:a9:9a:46,0,-84
2024-04-05T11:01:40.233000,14:13:0b:44:19:e5,0,-92
2024-04-05T11:01:40.241000,14:13:0b:44:19:e5,0,-88
2024-04-05T11:01:40.263000,14:13:0b:44:19:e5,0,-89
2024-04-05T11:01:40.282000,14:13:0b:44:19:e5,0,-91
2024-04-05T11:01:40.303000,14:13:0b:44:19:e5,0,-86
2024-04-05T11:01:40.325000,14:13:0b:44:19:e5,0,-87
2024-04-05T11:01:40.349000,14:13:0b:44:19:e5,0,-88
2024-04-05T11:01:40.362000,50:0b:cc:8e:9e:c6,1,-94
2024-04-05T11:01:40.371000,14:13:0b:44:19:e5,0,-90
2024-04-05T11:01:40.389000,14:13:0b:44:19:e5,0,-86
2024-04-05T11:01:40.410000,14:13:0b:44:19:e5,0,-86
2024-04-05T11:01:40.433000,14:13:0b:44:19:e5,0,-91
2024-04-05T11:01:40.455000,14:13:0b:44:19:e5,0,-86
2024-04-05T11:01:40.479000,14:13:0b:44:19:e5,0,-86
2024-04-05T11:01:40.501000,14:13:0b:44:19:e5,0,-86
2024-04-05T11:01:40.515000,e8:d2:ed:ce:49:81,1,-55
2024-04-05T11:01:40.528000,14:13:0b:44:19:e5,0,-89
2024-04-05T11:01:40.545000,cb:94:54:ed:5d:28,1,-81
2024-04-05T11:01:40.559000,14:13:0b:44:19:e5,0,-91
2024-04-05T11:01:40.572000,14:13:0b:44:19:e5,0,-86
2024-04-05T11:01:40.587000,a0:de:0f:9b:a4:02,0,-86
2024-04-05T11:01:40.606000,ff:cb:d1:dc:df:ea,1,-50
2024-04-05T11:01:40.739000,45:99:46:38:8f:31,1,-74
2024-04-05T11:01:40.966000,cb:94:54:ed:5d:28,1,-81
2024-04-05T11:01:41.129000,a0:de:0f:9b:a4:02,0,-91
2024-04-05T11:01:41.216000,dc:23:4f:a9:9a:46,0,-89
2024-04-05T11:01:41.228000,dc:23:4f:a9:9a:46,0,-85
2024-04-05T11:01:41.311000,45:99:46:38:8f:31,1,-74
2024-04-05T11:01:41.388000,cb:94:54:ed:5d:28,1,-81
2024-04-05T11:01:41.455000,ff:cb:d1:dc:df:ea,1,-45
2024-04-05T11:01:41.589000,45:99:46:38:8f:31,1,-88
2024-04-05T11:01:41.743000,50:0b:cc:8e:9e:c6,1,-98
2024-04-05T11:01:41.810000,cb:94:54:ed:5d:28,1,-81
2024-04-05T11:01:41.881000,45:99:46:38:8f:31,1,-76
2024-04-05T11:01:41.921000,a4:c1:38:e0:67:ae,0,-65
2024-04-05T11:01:42.168000,45:99:46:38:8f:31,1,-80
2024-04-05T11:01:42.224000,a0:de:0f:9b:a4:02,0,-81
2024-04-05T11:01:42.234000,cb:94:54:ed:5d:28,1,-83
2024-04-05T11:01:42.314000,ff:cb:d1:dc:df:ea,1,-47
2024-04-05T11:01:42.452000,45:99:46:38:8f:31,1,-78
2024-04-05T11:01:42.656000,cb:94:54:ed:5d:28,1,-83
2024-04-05T11:01:42.742000,45:99:46:38:8f:31,1,-76
2024-04-05T11:01:42.779000,a0:de:0f:9b:a4:02,0,-89
2024-04-05T11:01:43.019000,e8:d2:ed:ce:49:81,1,-53
2024-04-05T11:01:43.031000,45:99:46:38:8f:31,1,-86
2024-04-05T11:01:43.075000,cb:94:54:ed:5d:28,1,-81
2024-04-05T11:01:43.144000,14:13:0b:44:19:e5,0,-87
2024-04-05T11:01:43.175000,ff:cb:d1:dc:df:ea,1,-39
2024-04-05T11:01:43.224000,dc:23:4f:a9:9a:46,0,-87
2024-04-05T11:01:43.314000,45:99:46:38:8f:31,1,-74
2024-04-05T11:01:43.328000,a0:de:0f:9b:a4:02,0,-85
2024-04-05T11:01:43.493000,cb:94:54:ed:5d:28,1,-82
2024-04-05T11:01:43.603000,45:99:46:38:8f:31,1,-93
2024-04-05T11:01:43.875000,a0:de:0f:9b:a4:02,0,-86
2024-04-05T11:01:43.920000,cb:94:54:ed:5d:28,1,-82
2024-04-05T11:01:44.028000,ff:cb:d1:dc:df:ea,1,-46
2024-04-05T11:01:44.085000,a4:c1:38:e0:67:ae,0,-68
2024-04-05T11:01:44.188000,45:99:46:38:8f:31,1,-73
2024-04-05T11:01:44.232000,dc:23:4f:a9:9a:46,0,-85
2024-04-05T11:01:44.429000,14:13:0b:44:19:e5,0,-90
2024-04-05T11:01:44.436000,a0:de:0f:9b:a4:02,0,-89
2024-04-05T11:01:44.472000,45:99:46:38:8f:31,1,-87
2024-04-05T11:01:44.762000,45:99:46:38:8f:31,1,-75
2024-04-05T11:01:44.770000,cb:94:54:ed:5d:28,1,-81
2024-04-05T11:01:44.889000,ff:cb:d1:dc:df:ea,1,-46
2024-04-05T11:01:44.981000,a0:de:0f:9b:a4:02,0,-82
2024-04-05T11:01:45.039000,45:99:46:38:8f:31,1,-82
2024-04-05T11:01:45.194000,cb:94:54:ed:5d:28,1,-82
2024-04-05T11:01:45.245000,dc:23:4f:a9:9a:46,0,-84
2024-04-05T11:01:45.332000,45:99:46:38:8f:31,1,-74
2024-04-05T11:01:45.408000,ee:d8:09:63:f3:f1,1,-97
2024-04-05T11:01:45.518000,e8:d2:ed:ce:49:81,1,-55
2024-04-05T11:01:45.533000,a0:de:0f:9b:a4:02,0,-85
2024-04-05T11:01:45.612000,cb:94:54:ed:5d:28,1,-82
2024-04-05T11:01:45.621000,45:99:46:38:8f:31,1,-76
2024-04-05T11:01:45.671000,c2:4b:e5:af:32:81,1,-99
2024-04-05T11:01:45.715000,14:13:0b:44:19:e5,0,-94
2024-04-05T11:01:45.750000,ff:cb:d1:dc:df:ea,1,-43
2024-04-05T11:01:45.905000,45:99:46:38:8f:31,1,-78
2024-04-05T11:01:46.035000,cb:94:54:ed:5d:28,1,-84
2024-04-05T11:01:46.186000,45:99:46:38:8f:31,1,-83
2024-04-05T11:01:46.246000,dc:23:4f:a9:9a:46,0,-84
2024-04-05T11:01:46.339000,a4:c1:38:e0:67:ae,0,-61
2024-04-05T11:01:46.462000,cb:94:54:ed:5d:28,1,-83
2024-04-05T11:01:46.480000,45:99:46:38:8f:31,1,-75
2024-04-05T11:01:46.609000,ff:cb:d1:dc:df:ea,1,-45
2024-04-05T11:01:46.640000,a0:de:0f:9b:a4:02,0,-85
2024-04-05T11:01:46.762000,45:99:46:38:8f:31,1,-79
2024-04-05T11:01:46.886000,cb:94:54:ed:5d:28,1,-83
2024-04-05T11:01:47.048000,45:99:46:38:8f:31,1,-83
2024-04-05T11:01:47.189000,a0:de:0f:9b:a4:02,0,-86
2024-04-05T11:01:47.255000,dc:23:4f:a9:9a:46,0,-83
2024-04-05T11:01:47.306000,cb:94:54:ed:5d:28,1,-83
2024-04-05T11:01:47.336000,45:99:46:38:8f:31,1,-74
2024-04-05T11:01:47.623000,45:99:46:38:8f:31,1,-93
2024-04-05T11:01:47.654000,59:da:70:f0:a7:29,1,-100
2024-04-05T11:01:47.729000,cb:94:54:ed:5d:28,1,-84
2024-04-05T11:01:47.800000,50:0b:cc:8e:9e:c6,1,-98
2024-04-05T11:01:47.916000,45:99:46:38:8f:31,1,-72
2024-04-05T11:01:48.022000,e8:d2:ed:ce:49:81,1,-55
2024-04-05T11:01:48.156000,cb:94:54:ed:5d:28,1,-83
2024-04-05T11:01:48.210000,45:99:46:38:8f:31,1,-75
2024-04-05T11:01:48.256000,dc:23:4f:a9:9a:46,0,-87
2024-04-05T11:01:48.285000,a0:de:0f:9b:a4:02,0,-86
2024-04-05T11:01:48.312000,14:13:0b:44:19:e5,0,-90
2024-04-05T11:01:48.323000,ff:cb:d1:dc:df:ea,1,-46
2024-04-05T11:01:48.488000,45:99:46:38:8f:31,1,-97
2024-04-05T11:01:48.586000,a4:c1:38:e0:67:ae,0,-64
2024-04-05T11:01:48.778000,45:99:46:38:8f:31,1,-78
2024-04-05T11:01:48.839000,a0:de:0f:9b:a4:02,0,-89
2024-04-05T11:01:48.912000,50:0b:cc:8e:9e:c6,1,-95
2024-04-05T11:01:48.995000,cb:94:54:ed:5d:28,1,-86
2024-04-05T11:01:49.065000,45:99:46:38:8f:31,1,-79
2024-04-05T11:01:49.183000,ff:cb:d1:dc:df:ea,1,-51
2024-04-05T11:01:49.391000,a0:de:0f:9b:a4:02,0,-82
2024-04-05T11:01:49.418000,cb:94:54:ed:5d:28,1,-82
2024-04-05T11:01:49.572000,14:13:0b:44:19:e5,0,-88
2024-04-05T11:01:49.646000,45:99:46:38:8f:31,1,-82
2024-04-05T11:01:49.661000,59:da:70:f0:a7:29,1,-96
2024-04-05T11:01:49.739000,50:0b:cc:8e:9e:c6,1,-98
2024-04-05T11:01:49.935000,45:99:46:38:8f:31,1,-87
2024-04-05T11:01:49.949000,a0:de:0f:9b:a4:02,0,-84
2024-04-05T11:01:50.039000,ff:cb:d1:dc:df:ea,1,-41
2024-04-05T11:01:50.225000,45:99:46:38:8f:31,1,-74
2024-04-05T11:01:50.264000,cb:94:54:ed:5d:28,1,-83
2024-04-05T11:01:50.289000,dc:23:4f:a9:9a:46,0,-87
2024-04-05T11:01:50.515000,45:99:46:38:8f:31,1,-79
2024-04-05T11:01:50.526000,e8:d2:ed:ce:49:81,1,-52
2024-04-05T11:01:50.684000,cb:94:54:ed:5d:28,1,-84
2024-04-05T11:01:50.717000,a4:c1:38:e0:67:ae,0,-63
2024-04-05T11:01:50.802000,45:99:46:38:8f:31,1,-84
2024-04-05T11:01:50.861000,14:13:0b:44:19:e5,0,-91
2024-04-05T11:01:50.892000,ff:cb:d1:dc:df:ea,1,-49
2024-04-05T11:01:51.044000,a0:de:0f:9b:a4:02,0,-83
2024-04-05T11:01:51.091000,45:99:46:38:8f:31,1,-75
2024-04-05T11:01:51.109000,cb:94:54:ed:5d:28,1,-82
2024-04-05T11:01:51.378000,45:99:46:38:8f:31,1,-77
2024-04-05T11:01:51.529000,cb:94:54:ed:5d:28,1,-82
2024-04-05T11:01:51.602000,a0:de:0f:9b:a4:02,0,-88
2024-04-05T11:01:51.662000,45:99:46:38:8f:31,1,-76
2024-04-05T11:01:51.751000,ff:cb:d1:dc:df:ea,1,-42
2024-04-05T11:01:51.948000,45:99:46:38:8f:31,1,-76
2024-04-05T11:01:51.953000,cb:94:54:ed:5d:28,1,-81
2024-04-05T11:01:52.285000,dc:23:4f:a9:9a:46,0,-85
2024-04-05T11:01:52.376000,cb:94:54:ed:5d:28,1,-81
2024-04-05T11:01:52.505000,50:0b:cc:8e:9e:c6,1,-99
2024-04-05T11:01:52.528000,45:99:46:38:8f:31,1,-76
2024-04-05T11:01:52.611000,ff:cb:d1:dc:df:ea,1,-45
2024-04-05T11:01:52.701000,a0:de:0f:9b:a4:02,0,-87
2024-04-05T11:01:52.779000,50:0b:cc:8e:9e:c6,1,-97
2024-04-05T11:01:52.796000,cb:94:54:ed:5d:28,1,-82
2024-04-05T11:01:52.808000,45:99:46:38:8f:31,1,-95
2024-04-05T11:01:52.857000,a4:c1:38:e0:67:ae,0,-63
2024-04-05T11:01:53.032000,e8:d2:ed:ce:49:81,1,-55
2024-04-05T11:01:53.096000,45:99:46:38:8f:31,1,-76
2024-04-05T11:01:53.213000,cb:94:54:ed:5d:28,1,-82
2024-04-05T11:01:53.291000,dc:23:4f:a9:9a:46,0,-87
2024-04-05T11:01:53.378000,45:99:46:38:8f:31,1,-98
2024-04-05T11:01:53.437000,14:13:0b:44:19:e5,0,-86
2024-04-05T11:01:53.464000,ff:cb:d1:dc:df:ea,1,-42
2024-04-05T11:01:53.636000,cb:94:54:ed:5d:28,1,-82
2024-04-05T11:01:53.664000,45:99:46:38:8f:31,1,-75
2024-04-05T11:01:53.810000,a0:de:0f:9b:a4:02,0,-86
2024-04-05T11:01:53.951000,45:99:46:38:8f:31,1,-94
2024-04-05T11:01:54.055000,cb:94:54:ed:5d:28,1,-82
2024-04-05T11:01:54.242000,45:99:46:38:8f:31,1,-75
2024-04-05T11:01:54.294000,dc:23:4f:a9:9a:46,0,-86
2024-04-05T11:01:54.321000,ff:cb:d1:dc:df:ea,1,-44
2024-04-05T11:01:54.367000,a0:de:0f:9b:a4:02,0,-86
2024-04-05T11:01:54.482000,cb:94:54:ed:5d:28,1,-85
2024-04-05T11:01:49.935000,45:99:46:38:8f:31,1,-87
