2024-04-05T11:52:43.316000,a4:c1:38:e0:67:ae,0,-64
2024-04-05T11:52:43.524000,60:db:f5:56:3f:73,1,-75
2024-04-05T11:52:43.529000,dc:23:4f:a9:9a:46,0,-87
2024-04-05T11:52:43.541000,a0:de:0f:9b:a4:02,0,-84
2024-04-05T11:52:43.551000,cb:94:54:ed:5d:28,1,-84
2024-04-05T11:52:43.631000,4c:99:06:13:b7:7a,1,-97
2024-04-05T11:52:43.647000,e8:d2:ed:ce:49:81,1,-53
2024-04-05T11:52:43.881000,e9:27:bf:59:03:86,1,-91
2024-04-05T11:52:43.906000,60:db:f5:56:3f:73,1,-74
2024-04-05T11:52:43.926000,a0:de:0f:9b:a4:02,0,-83
2024-04-05T11:52:43.939000,ff:cb:d1:dc:df:ea,1,-43
2024-04-05T11:52:43.949000,cb:94:54:ed:5d:28,1,-84
2024-04-05T11:52:44.128000,6f:72:d8:06:41:87,1,-100
2024-04-05T11:52:44.195000,60:db:f5:56:3f:73,1,-89
2024-04-05T11:52:44.356000,dc:23:4f:a9:9a:46,0,-86
2024-04-05T11:52:44.669000,6f:72:d8:06:41:87,1,-101
2024-04-05T11:52:44.764000,60:db:f5:56:3f:73,1,-85
2024-04-05T11:52:44.799000,cb:94:54:ed:5d:28,1,-84
2024-04-05T11:52:44.808000,ff:cb:d1:dc:df:ea,1,-46
2024-04-05T11:52:44.947000,6f:72:d8:06:41:87,1,-98
2024-04-05T11:52:45.007000,4c:99:06:13:b7:7a,1,-94
2024-04-05T11:52:45.051000,60:db:f5:56:3f:73,1,-75
2024-04-05T11:52:45.220000,cb:94:54:ed:5d:28,1,-83
2024-04-05T11:52:45.339000,60:db:f5:56:3f:73,1,-85
2024-04-05T11:52:45.500000,6f:72:d8:06:41:87,1,-99
2024-04-05T11:52:45.550000,a4:c1:38:e0:67:ae,0,-65
2024-04-05T11:52:45.582000,a0:de:0f:9b:a4:02,0,-82
2024-04-05T11:52:45.593000,a0:de:0f:9b:a4:02,0,-81
2024-04-05T11:52:45.630000,60:db:f5:56:3f:73,1,-76
2024-04-05T11:52:45.638000,cb:94:54:ed:5d:28,1,-84
2024-04-05T11:52:45.657000,ff:cb:d1:dc:df:ea,1,-41
2024-04-05T11:52:45.887000,e9:27:bf:59:03:86,1,-87
2024-04-05T11:52:45.916000,60:db:f5:56:3f:73,1,-75
2024-04-05T11:52:46.047000,6f:72:d8:06:41:87,1,-98
2024-04-05T11:52:46.064000,cb:94:54:ed:5d:28,1,-85
2024-04-05T11:52:46.132000,a0:de:0f:9b:a4:02,0,-81
2024-04-05T11:52:46.142000,a0:de:0f:9b:a4:02,0,-88
2024-04-05T11:52:46.151000,e8:d2:ed:ce:49:81,1,-55
2024-04-05T11:52:46.368000,dc:23:4f:a9:9a:46,0,-86
2024-04-05T11:52:46.482000,cb:94:54:ed:5d:28,1,-82
2024-04-05T11:52:46.491000,60:db:f5:56:3f:73,1,-75
2024-04-05T11:52:46.511000,ff:cb:d1:dc:df:ea,1,-45
2024-04-05T11:52:46.588000,6f:72:d8:06:41:87,1,-98
2024-04-05T11:52:46.909000,cb:94:54:ed:5d:28,1,-80
2024-04-05T11:52:47.059000,60:db:f5:56:3f:73,1,-73
2024-04-05T11:52:47.202000,70:7c:2b:d8:47:20,1,-97
2024-04-05T11:52:47.230000,a0:de:0f:9b:a4:02,0,-84
2024-04-05T11:52:47.334000,cb:94:54:ed:5d:28,1,-83
2024-04-05T11:52:47.344000,60:db:f5:56:3f:73,1,-87
2024-04-05T11:52:47.375000,dc:23:4f:a9:9a:46,0,-85
2024-04-05T11:52:47.626000,60:db:f5:56:3f:73,1,-73
2024-04-05T11:52:47.752000,cb:94:54:ed:5d:28,1,-80
2024-04-05T11:52:47.781000,a0:de:0f:9b:a4:02,0,-81
2024-04-05T11:52:47.897000,e9:27:bf:59:03:86,1,-86
2024-04-05T11:52:47.909000,60:db:f5:56:3f:73,1,-76
2024-04-05T11:52:48.171000,cb:94:54:ed:5d:28,1,-81
2024-04-05T11:52:48.190000,60:db:f5:56:3f:73,1,-90
2024-04-05T11:52:48.231000,ff:cb:d1:dc:df:ea,1,-44
2024-04-05T11:52:48.329000,a0:de:0f:9b:a4:02,0,-89
2024-04-05T11:52:48.385000,dc:23:4f:a9:9a:46,0,-84
2024-04-05T11:52:48.477000,60:db:f5:56:3f:73,1,-74
2024-04-05T11:52:48.519000,6f:72:d8:06:41:87,1,-99
2024-04-05T11:52:48.597000,cb:94:54:ed:5d:28,1,-84
2024-04-05T11:52:48.658000,e8:d2:ed:ce:49:81,1,-54
2024-04-05T11:52:48.764000,60:db:f5:56:3f:73,1,-73
2024-04-05T11:52:48.878000,a0:de:0f:9b:a4:02,0,-80
2024-04-05T11:52:48.997000,d9:be:b5:37:8a:6e,1,-95
2024-04-05T11:52:49.017000,cb:94:54:ed:5d:28,1,-83
2024-04-05T11:52:49.051000,60:db:f5:56:3f:73,1,-74
2024-04-05T11:52:49.335000,60:db:f5:56:3f:73,1,-74
2024-04-05T11:52:49.432000,a0:de:0f:9b:a4:02,0,-82
2024-04-05T11:52:49.443000,a0:de:0f:9b:a4:02,0,-89
2024-04-05T11:52:49.454000,cb:94:54:ed:5d:28,1,-85
2024-04-05T11:52:49.620000,60:db:f5:56:3f:73,1,-75
2024-04-05T11:52:49.857000,cb:94:54:ed:5d:28,1,-84
2024-04-05T11:52:49.906000,e9:27:bf:59:03:86,1,-86
2024-04-05T11:52:49.942000,ff:cb:d1:dc:df:ea,1,-43
2024-04-05T11:52:49.956000,a4:c1:38:e0:67:ae,0,-63
2024-04-05T11:52:49.980000,a0:de:0f:9b:a4:02,0,-88
2024-04-05T11:52:50.191000,60:db:f5:56:3f:73,1,-76
2024-04-05T11:52:50.389000,dc:23:4f:a9:9a:46,0,-89
2024-04-05T11:52:50.471000,60:db:f5:56:3f:73,1,-86
2024-04-05T11:52:50.535000,a0:de:0f:9b:a4:02,0,-81
2024-04-05T11:52:50.757000,60:db:f5:56:3f:73,1,-77
2024-04-05T11:52:50.800000,ff:cb:d1:dc:df:ea,1,-45
2024-04-05T11:52:51.047000,60:db:f5:56:3f:73,1,-74
2024-04-05T11:52:51.087000,a0:de:0f:9b:a4:02,0,-87
2024-04-05T11:52:51.161000,e8:d2:ed:ce:49:81,1,-56
2024-04-05T11:52:51.330000,60:db:f5:56:3f:73,1,-76
2024-04-05T11:52:51.392000,dc:23:4f:a9:9a:46,0,-85
2024-04-05T11:52:51.550000,cb:94:54:ed:5d:28,1,-83
2024-04-05T11:52:51.610000,60:db:f5:56:3f:73,1,-86
2024-04-05T11:52:51.662000,ff:cb:d1:dc:df:ea,1,-42
2024-04-05T11:52:51.805000,6f:72:d8:06:41:87,1,-99
2024-04-05T11:52:51.901000,60:db:f5:56:3f:73,1,-76
2024-04-05T11:52:51.977000,cb:94:54:ed:5d:28,1,-80
2024-04-05T11:52:52.073000,a4:c1:38:e0:67:ae,0,-65
2024-04-05T11:52:52.142000,4c:99:06:13:b7:7a,1,-101
2024-04-05T11:52:52.189000,60:db:f5:56:3f:73,1,-74
2024-04-05T11:52:52.396000,dc:23:4f:a9:9a:46,0,-87
2024-04-05T11:52:52.410000,cb:94:54:ed:5d:28,1,-84
2024-04-05T11:52:52.520000,ff:cb:d1:dc:df:ea,1,-43
2024-04-05T11:52:52.761000,60:db:f5:56:3f:73,1,-73
2024-04-05T11:52:52.831000,cb:94:54:ed:5d:28,1,-84
2024-04-05T11:52:53.047000,60:db:f5:56:3f:73,1,-87
2024-04-05T11:52:53.253000,cb:94:54:ed:5d:28,1,-83
2024-04-05T11:52:53.289000,a0:de:0f:9b:a4:02,0,-83
2024-04-05T11:52:53.340000,60:db:f5:56:3f:73,1,-76
2024-04-05T11:52:53.374000,ff:cb:d1:dc:df:ea,1,-46
2024-04-05T11:52:53.620000,60:db:f5:56:3f:73,1,-86
2024-04-05T11:52:53.672000,e8:d2:ed:ce:49:81,1,-52
2024-04-05T11:52:53.837000,a0:de:0f:9b:a4:02,0,-85
2024-04-05T11:52:53.909000,60:db:f5:56:3f:73,1,-75
2024-04-05T11:52:53.922000,e9:27:bf:59:03:86,1,-93
2024-04-05T11:52:54.131000,a4:c1:38:e0:67:ae,0,-63
2024-04-05T11:52:54.186000,60:db:f5:56:3f:73,1,-85
2024-04-05T11:52:54.229000,ff:cb:d1:dc:df:ea,1,-44
2024-04-05T11:52:54.390000,a0:de:0f:9b:a4:02,0,-92
2024-04-05T11:52:54.410000,dc:23:4f:a9:9a:46,0,-85
2024-04-05T11:52:54.476000,60:db:f5:56:3f:73,1,-74
2024-04-05T11:52:54.515000,cb:94:54:ed:5d:28,1,-83
2024-04-05T11:52:54.762000,60:db:f5:56:3f:73,1,-87
2024-04-05T11:52:54.766000,60:db:f5:56:3f:73,1,-73
2024-04-05T11:52:54.803000,6f:72:d8:06:41:87,1,-99
2024-04-05T11:52:54.939000,a0:de:0f:9b:a4:02,0,-84
2024-04-05T11:52:55.010000,d9:be:b5:37:8a:6e,1,-99
2024-04-05T11:52:55.050000,60:db:f5:56:3f:73,1,-76
2024-04-05T11:52:55.091000,ff:cb:d1:dc:df:ea,1,-46
2024-04-05T11:52:55.176000,4c:99:06:13:b7:7a,1,-98
2024-04-05T11:52:55.336000,60:db:f5:56:3f:73,1,-74
2024-04-05T11:52:55.359000,cb:94:54:ed:5d:28,1,-86
2024-04-05T11:52:55.411000,dc:23:4f:a9:9a:46,0,-86
2024-04-05T11:52:55.496000,a0:de:0f:9b:a4:02,0,-86
2024-04-05T11:52:55.786000,cb:94:54:ed:5d:28,1,-81
2024-04-05T11:52:55.911000,60:db:f5:56:3f:73,1,-76
2024-04-05T11:52:55.929000,e9:27:bf:59:03:86,1,-90
2024-04-05T11:52:55.944000,ff:cb:d1:dc:df:ea,1,-41
2024-04-05T11:52:56.049000,a0:de:0f:9b:a4:02,0,-82
2024-04-05T11:52:56.168000,6f:72:d8:06:41:87,1,-96
2024-04-05T11:52:56.179000,e8:d2:ed:ce:49:81,1,-55
2024-04-05T11:52:56.196000,60:db:f5:56:3f:73,1,-84
2024-04-05T11:52:56.212000,cb:94:54:ed:5d:28,1,-81
2024-04-05T11:52:56.344000,a4:c1:38:e0:67:ae,0,-64
2024-04-05T11:52:56.413000,dc:23:4f:a9:9a:46,0,-87
2024-04-05T11:52:56.425000,dc:23:4f:a9:9a:46,0,-87
2024-04-05T11:52:56.484000,d8:b4:5c:67:aa:71,1,-100
2024-04-05T11:52:56.489000,60:db:f5:56:3f:73,1,-75
2024-04-05T11:52:56.599000,a0:de:0f:9b:a4:02,0,-80
2024-04-05T11:52:56.631000,cb:94:54:ed:5d:28,1,-79
2024-04-05T11:52:56.771000,60:db:f5:56:3f:73,1,-86
2024-04-05T11:52:56.800000,ff:cb:d1:dc:df:ea,1,-45
2024-04-05T11:52:57.011000,d9:be:b5:37:8a:6e,1,-97
2024-04-05T11:52:57.053000,cb:94:54:ed:5d:28,1,-82
2024-04-05T11:52:57.063000,60:db:f5:56:3f:73,1,-76
2024-04-05T11:52:57.337000,60:db:f5:56:3f:73,1,-86
2024-04-05T11:52:57.396000,4c:99:06:13:b7:7a,1,-103
2024-04-05T11:52:57.471000,cb:94:54:ed:5d:28,1,-82
2024-04-05T11:52:57.627000,60:db:f5:56:3f:73,1,-75
2024-04-05T11:52:57.660000,ff:cb:d1:dc:df:ea,1,-38
2024-04-05T11:52:57.698000,a0:de:0f:9b:a4:02,0,-84
2024-04-05T11:52:57.898000,cb:94:54:ed:5d:28,1,-81
2024-04-05T11:52:57.910000,60:db:f5:56:3f:73,1,-83
2024-04-05T11:52:57.931000,e9:27:bf:59:03:86,1,-92
2024-04-05T11:52:58.199000,60:db:f5:56:3f:73,1,-74
2024-04-05T11:52:58.252000,a0:de:0f:9b:a4:02,0,-85
2024-04-05T11:52:58.423000,dc:23:4f:a9:9a:46,0,-83
2024-04-05T11:52:58.435000,dc:23:4f:a9:9a:46,0,-88
2024-04-05T11:52:58.481000,60:db:f5:56:3f:73,1,-82
2024-04-05T11:52:58.520000,ff:cb:d1:dc:df:ea,1,-44
2024-04-05T11:52:58.660000,a4:c1:38:e0:67:ae,0,-64
2024-04-05T11:52:58.767000,60:db:f5:56:3f:73,1,-75
2024-04-05T11:52:58.779000,4c:99:06:13:b7:7a,1,-94
2024-04-05T11:52:58.805000,a0:de:0f:9b:a4:02,0,-82
2024-04-05T11:52:59.056000,60:db:f5:56:3f:73,1,-74
2024-04-05T11:52:59.090000,50:e5:ae:53:8b:69,1,-100
2024-04-05T11:52:59.165000,cb:94:54:ed:5d:28,1,-84
2024-04-05T11:52:59.341000,60:db:f5:56:3f:73,1,-73
2024-04-05T11:52:59.362000,a0:de:0f:9b:a4:02,0,-82
2024-04-05T11:52:59.376000,ff:cb:d1:dc:df:ea,1,-44
2024-04-05T11:52:59.470000,50:e5:ae:53:8b:69,1,-96
2024-04-05T11:52:59.588000,cb:94:54:ed:5d:28,1,-84
2024-04-05T11:52:59.630000,60:db:f5:56:3f:73,1,-75
2024-04-05T11:52:59.885000,4c:99:06:13:b7:7a,1,-94
2024-04-05T11:52:59.939000,e9:27:bf:59:03:86,1,-92
2024-04-05T11:53:00.012000,cb:94:54:ed:5d:28,1,-84
2024-04-05T11:53:00.201000,60:db:f5:56:3f:73,1,-75
2024-04-05T11:53:00.228000,ff:cb:d1:dc:df:ea,1,-43
2024-04-05T11:53:00.346000,50:e5:ae:53:8b:69,1,-95
2024-04-05T11:53:00.381000,50:e5:ae:53:8b:69,1,-97
2024-04-05T11:53:00.397000,4a:1c:e6:b0:ac:24,1,-97
2024-04-05T11:53:00.436000,cb:94:54:ed:5d:28,1,-83
2024-04-05T11:53:00.470000,a0:de:0f:9b:a4:02,0,-83
2024-04-05T11:53:00.487000,60:db:f5:56:3f:73,1,-83
2024-04-05T11:53:00.742000,50:e5:ae:53:8b:69,1,-102
2024-04-05T11:53:00.772000,60:db:f5:56:3f:73,1,-75
2024-04-05T11:53:00.880000,a4:c1:38:e0:67:ae,0,-64
2024-04-05T11:53:00.966000,50:e5:ae:53:8b:69,1,-94
2024-04-05T11:53:00.995000,4c:99:06:13:b7:7a,1,-94
2024-04-05T11:53:01.023000,a0:de:0f:9b:a4:02,0,-100
2024-04-05T11:53:01.059000,60:db:f5:56:3f:73,1,-85
2024-04-05T11:53:01.085000,ff:cb:d1:dc:df:ea,1,-45
2024-04-05T11:53:01.124000,50:e5:ae:53:8b:69,1,-91
2024-04-05T11:53:01.156000,50:e5:ae:53:8b:69,1,-92
2024-04-05T11:53:01.183000,e8:d2:ed:ce:49:81,1,-54
2024-04-05T11:53:01.192000,e8:d2:ed:ce:49:81,1,-53
2024-04-05T11:53:01.271000,4c:99:06:13:b7:7a,1,-97
2024-04-05T11:53:01.289000,cb:94:54:ed:5d:28,1,-81
2024-04-05T11:53:01.347000,60:db:f5:56:3f:73,1,-74
2024-04-05T11:53:01.410000,50:e5:ae:53:8b:69,1,-98
2024-04-05T11:53:01.441000,dc:23:4f:a9:9a:46,0,-85
2024-04-05T11:53:01.575000,a0:de:0f:9b:a4:02,0,-82
2024-04-05T11:53:01.630000,60:db:f5:56:3f:73,1,-86
2024-04-05T11:53:01.642000,50:e5:ae:53:8b:69,1,-98
2024-04-05T11:53:01.706000,cb:94:54:ed:5d:28,1,-81
2024-04-05T11:53:01.781000,50:e5:ae:53:8b:69,1,-98
2024-04-05T11:53:01.920000,60:db:f5:56:3f:73,1,-75
2024-04-05T11:53:02.130000,cb:94:54:ed:5d:28,1,-82
2024-04-05T11:53:02.205000,60:db:f5:56:3f:73,1,-76
2024-04-05T11:53:02.438000,dc:23:4f:a9:9a:46,0,-87
2024-04-05T11:53:02.550000,cb:94:54:ed:5d:28,1,-82
2024-04-05T11:53:02.569000,50:e5:ae:53:8b:69,1,-101
2024-04-05T11:53:02.676000,a0:de:0f:9b:a4:02,0,-81
2024-04-05T11:53:02.787000,60:db:f5:56:3f:73,1,-74
2024-04-05T11:53:02.806000,ff:cb:d1:dc:df:ea,1,-44
2024-04-05T11:53:02.819000,d5:b3:b7:b0:97:bb,1,-99
2024-04-05T11:53:02.866000,50:e5:ae:53:8b:69,1,-99
2024-04-05T11:53:02.952000,a4:c1:38:e0:67:ae,0,-65
2024-04-05T11:53:02.976000,cb:94:54:ed:5d:28,1,-81
2024-04-05T11:53:03.041000,50:e5:ae:53:8b:69,1,-98
2024-04-05T11:53:03.052000,60:28:fb:dc:99:ce,1,-93
2024-04-05T11:53:03.066000,60:db:f5:56:3f:73,1,-81
2024-04-05T11:53:03.190000,4c:99:06:13:b7:7a,1,-95
2024-04-05T11:53:03.198000,50:e5:ae:53:8b:69,1,-96
2024-04-05T11:53:03.226000,a0:de:0f:9b:a4:02,0,-81
2024-04-05T11:53:03.301000,50:e5:ae:53:8b:69,1,-97
2024-04-05T11:53:03.331000,50:e5:ae:53:8b:69,1,-96
2024-04-05T11:53:03.350000,60:db:f5:56:3f:73,1,-75
2024-04-05T11:53:03.442000,dc:23:4f:a9:9a:46,0,-86
2024-04-05T11:53:03.572000,50:e5:ae:53:8b:69,1,-98
2024-04-05T11:53:03.607000,50:e5:ae:53:8b:69,1,-97
2024-04-05T11:53:03.635000,60:db:f5:56:3f:73,1,-81
2024-04-05T11:53:03.665000,ff:cb:d1:dc:df:ea,1,-47
2024-04-05T11:53:03.686000,e8:d2:ed:ce:49:81,1,-54
2024-04-05T11:53:03.779000,a0:de:0f:9b:a4:02,0,-94
2024-04-05T11:53:03.818000,cb:94:54:ed:5d:28,1,-81
2024-04-05T11:53:03.927000,60:db:f5:56:3f:73,1,-74
2024-04-05T11:53:03.949000,e9:27:bf:59:03:86,1,-93
2024-04-05T11:53:04.056000,50:e5:ae:53:8b:69,1,-97
2024-04-05T11:53:04.149000,60:28:fb:dc:99:ce,1,-92
2024-04-05T11:53:04.216000,60:db:f5:56:3f:73,1,-74
2024-04-05T11:53:04.343000,d1:25:bc:84:92:e1,1,-98
2024-04-05T11:53:04.386000,50:e5:ae:53:8b:69,1,-92
2024-04-05T11:53:04.521000,ff:cb:d1:dc:df:ea,1,-45
2024-04-05T11:53:04.655000,7c:1d:a5:cf:73:62,1,-95
2024-04-05T11:53:04.667000,cb:94:54:ed:5d:28,1,-83
2024-04-05T11:53:04.719000,50:e5:ae:53:8b:69,1,-96
2024-04-05T11:53:04.744000,7c:1d:a5:cf:73:62,1,-94
2024-04-05T11:53:04.787000,60:db:f5:56:3f:73,1,-74
2024-04-05T11:53:04.839000,4c:99:06:13:b7:7a,1,-96
2024-04-05T11:53:04.875000,a0:de:0f:9b:a4:02,0,-83
2024-04-05T11:53:05.090000,cb:94:54:ed:5d:28,1,-82
2024-04-05T11:53:05.258000,60:28:fb:dc:99:ce,1,-97
2024-04-05T11:53:05.363000,60:db:f5:56:3f:73,1,-74
2024-04-05T11:53:05.374000,ff:cb:d1:dc:df:ea,1,-46
2024-04-05T11:53:05.421000,a0:de:0f:9b:a4:02,0,-83
2024-04-05T11:53:05.451000,dc:23:4f:a9:9a:46,0,-84
2024-04-05T11:53:05.510000,cb:94:54:ed:5d:28,1,-82
2024-04-05T11:53:05.529000,60:28:fb:dc:99:ce,1,-94
2024-04-05T11:53:05.839000,50:e5:ae:53:8b:69,1,-97
2024-04-05T11:53:05.926000,60:db:f5:56:3f:73,1,-73
2024-04-05T11:53:05.936000,cb:94:54:ed:5d:28,1,-82
2024-04-05T11:53:05.956000,e9:27:bf:59:03:86,1,-87
2024-04-05T11:53:05.971000,a0:de:0f:9b:a4:02,0,-100
2024-04-05T11:53:06.023000,50:e5:ae:53:8b:69,1,-95
2024-04-05T11:53:06.116000,6f:72:d8:06:41:87,1,-97
2024-04-05T11:53:06.189000,e8:d2:ed:ce:49:81,1,-58
2024-04-05T11:53:06.230000,ff:cb:d1:dc:df:ea,1,-46
2024-04-05T11:53:06.270000,50:e5:ae:53:8b:69,1,-104
2024-04-05T11:53:06.309000,50:e5:ae:53:8b:69,1,-96
2024-04-05T11:53:06.346000,d1:25:bc:84:92:e1,1,-92
2024-04-05T11:53:06.362000,cb:94:54:ed:5d:28,1,-84
2024-04-05T11:53:06.386000,50:e5:ae:53:8b:69,1,-95
2024-04-05T11:53:06.459000,dc:23:4f:a9:9a:46,0,-84
2024-04-05T11:53:06.499000,60:db:f5:56:3f:73,1,-75
2024-04-05T11:53:06.525000,a0:de:0f:9b:a4:02,0,-84
2024-04-05T11:53:06.607000,50:e5:ae:53:8b:69,1,-93
2024-04-05T11:53:06.642000,50:e5:ae:53:8b:69,1,-94
2024-04-05T11:53:06.660000,5b:67:66:e2:8f:6b,1,-97
2024-04-05T11:53:06.681000,50:e5:ae:53:8b:69,1,-98
2024-04-05T11:53:06.720000,50:e5:ae:53:8b:69,1,-102
2024-04-05T11:53:06.756000,4c:99:06:13:b7:7a,1,-96
2024-04-05T11:53:06.778000,cb:94:54:ed:5d:28,1,-83
2024-04-05T11:53:06.796000,50:e5:ae:53:8b:69,1,-91
2024-04-05T11:53:06.821000,6e:db:7f:4f:ad:cf,1,-95
2024-04-05T11:53:07.029000,50:e5:ae:53:8b:69,1,-94
2024-04-05T11:53:07.064000,50:e5:ae:53:8b:69,1,-96
2024-04-05T11:53:07.072000,60:db:f5:56:3f:73,1,-75
2024-04-05T11:53:07.088000,ff:cb:d1:dc:df:ea,1,-47
2024-04-05T11:53:07.133000,50:e5:ae:53:8b:69,1,-95
2024-04-05T11:53:07.175000,60:28:fb:dc:99:ce,1,-100
2024-04-05T11:53:07.197000,a4:c1:38:e0:67:ae,0,-60
2024-04-05T11:53:07.204000,cb:94:54:ed:5d:28,1,-84
2024-04-05T11:53:07.266000,50:e5:ae:53:8b:69,1,-97
2024-04-05T11:53:07.358000,60:db:f5:56:3f:73,1,-90
2024-04-05T11:53:07.468000,dc:23:4f:a9:9a:46,0,-85
2024-04-05T11:53:07.625000,a0:de:0f:9b:a4:02,0,-81
2024-04-05T11:53:07.643000,60:db:f5:56:3f:73,1,-73
2024-04-05T11:53:07.711000,50:e5:ae:53:8b:69,1,-94
2024-04-05T11:53:07.835000,66:5c:d0:69:33:9f,1,-97
2024-04-05T11:53:07.952000,ff:cb:d1:dc:df:ea,1,-42
2024-04-05T11:53:07.964000,e9:27:bf:59:03:86,1,-97
2024-04-05T11:53:07.997000,60:28:fb:dc:99:ce,1,-96
2024-04-05T11:53:08.130000,4c:99:06:13:b7:7a,1,-101
2024-04-05T11:53:08.183000,a0:de:0f:9b:a4:02,0,-79
2024-04-05T11:53:08.216000,60:db:f5:56:3f:73,1,-74
2024-04-05T11:53:08.268000,60:28:fb:dc:99:ce,1,-98
2024-04-05T11:53:08.352000,d1:25:bc:84:92:e1,1,-98
2024-04-05T11:53:08.466000,dc:23:4f:a9:9a:46,0,-85
2024-04-05T11:53:08.495000,60:db:f5:56:3f:73,1,-90
2024-04-05T11:53:08.678000,4c:99:06:13:b7:7a,1,-97
2024-04-05T11:53:08.691000,e8:d2:ed:ce:49:81,1,-56
2024-04-05T11:53:08.789000,60:db:f5:56:3f:73,1,-75
2024-04-05T11:53:08.810000,ff:cb:d1:dc:df:ea,1,-45
2024-04-05T11:53:08.825000,60:28:fb:dc:99:ce,1,-94
2024-04-05T11:53:08.890000,cb:94:54:ed:5d:28,1,-83
2024-04-05T11:53:08.999000,50:e5:ae:53:8b:69,1,-93
2024-04-05T11:53:09.030000,50:e5:ae:53:8b:69,1,-97
2024-04-05T11:53:09.071000,60:db:f5:56:3f:73,1,-88
2024-04-05T11:53:09.221000,4c:99:06:13:b7:7a,1,-95
2024-04-05T11:53:09.268000,50:e5:ae:53:8b:69,1,-98
2024-04-05T11:53:09.289000,a0:de:0f:9b:a4:02,0,-81
2024-04-05T11:53:09.313000,cb:94:54:ed:5d:28,1,-83
2024-04-05T11:53:09.356000,60:db:f5:56:3f:73,1,-75
2024-04-05T11:53:09.468000,dc:23:4f:a9:9a:46,0,-87
2024-04-05T11:53:09.522000,a4:c1:38:e0:67:ae,0,-64
2024-04-05T11:53:09.561000,50:e5:ae:53:8b:69,1,-96
2024-04-05T11:53:09.638000,60:db:f5:56:3f:73,1,-87
2024-04-05T11:53:09.645000,60:28:fb:dc:99:ce,1,-92
2024-04-05T11:53:09.665000,ff:cb:d1:dc:df:ea,1,-46
2024-04-05T11:53:09.695000,50:e5:ae:53:8b:69,1,-96
2024-04-05T11:53:09.830000,50:e5:ae:53:8b:69,1,-96
2024-04-05T11:53:09.930000,60:db:f5:56:3f:73,1,-74
2024-04-05T11:53:09.935000,50:e5:ae:53:8b:69,1,-96
2024-04-05T11:53:09.967000,50:e5:ae:53:8b:69,1,-94
2024-04-05T11:53:10.155000,cb:94:54:ed:5d:28,1,-81
2024-04-05T11:53:10.220000,60:db:f5:56:3f:73,1,-74
2024-04-05T11:53:10.358000,d1:25:bc:84:92:e1,1,-100
2024-04-05T11:53:10.389000,a0:de:0f:9b:a4:02,0,-83
2024-04-05T11:53:10.407000,4a:1c:e6:b0:ac:24,1,-100
2024-04-05T11:53:10.508000,60:db:f5:56:3f:73,1,-88
2024-04-05T11:53:10.521000,ff:cb:d1:dc:df:ea,1,-44
2024-04-05T11:53:10.655000,6b:42:23:a7:0e:e1,1,-99
2024-04-05T11:53:10.750000,60:28:fb:dc:99:ce,1,-97
2024-04-05T11:53:10.793000,60:db:f5:56:3f:73,1,-74
2024-04-05T11:53:10.860000,4c:99:06:13:b7:7a,1,-98
2024-04-05T11:53:10.938000,a0:de:0f:9b:a4:02,0,-80
2024-04-05T11:53:10.996000,d9:be:b5:37:8a:6e,1,-95
2024-04-05T11:53:11.025000,60:28:fb:dc:99:ce,1,-94
2024-04-05T11:53:11.080000,60:db:f5:56:3f:73,1,-87
2024-04-05T11:53:11.137000,4c:99:06:13:b7:7a,1,-94
2024-04-05T11:53:11.175000,5d:3c:bf:94:66:2f,1,-100
2024-04-05T11:53:11.197000,e8:d2:ed:ce:49:81,1,-56
2024-04-05T11:53:11.217000,d8:2b:6b:6c:52:f5,1,-94
2024-04-05T11:53:11.297000,60:28:fb:dc:99:ce,1,-89
2024-04-05T11:53:11.366000,60:db:f5:56:3f:73,1,-74
2024-04-05T11:53:11.412000,cb:94:54:ed:5d:28,1,-83
2024-04-05T11:53:11.487000,dc:23:4f:a9:9a:46,0,-84
2024-04-05T11:53:11.506000,a0:de:0f:9b:a4:02,0,-90
2024-04-05T11:53:11.551000,5d:3c:bf:94:66:2f,1,-96
2024-04-05T11:53:11.612000,6c:64:f9:ec:9d:7f,1,-97
2024-04-05T11:53:11.653000,60:db:f5:56:3f:73,1,-87
2024-04-05T11:53:11.815000,6c:64:f9:ec:9d:7f,1,-100
2024-04-05T11:53:11.829000,a4:c1:38:e0:67:ae,0,-61
2024-04-05T11:53:11.842000,cb:94:54:ed:5d:28,1,-81
2024-04-05T11:53:11.939000,60:db:f5:56:3f:73,1,-74
2024-04-05T11:53:11.973000,e9:27:bf:59:03:86,1,-88
2024-04-05T11:53:12.000000,6c:64:f9:ec:9d:7f,1,-91
2024-04-05T11:53:12.039000,a0:de:0f:9b:a4:02,0,-83
2024-04-05T11:53:12.127000,60:28:fb:dc:99:ce,1,-88
2024-04-05T11:53:12.223000,60:db:f5:56:3f:73,1,-86
2024-04-05T11:53:12.236000,ff:cb:d1:dc:df:ea,1,-42
2024-04-05T11:53:12.287000,cb:94:54:ed:5d:28,1,-82
2024-04-05T11:53:12.403000,60:28:fb:dc:99:ce,1,-95
2024-04-05T11:53:12.495000,dc:23:4f:a9:9a:46,0,-88
2024-04-05T11:53:12.508000,60:db:f5:56:3f:73,1,-76
2024-04-05T11:53:12.597000,a0:de:0f:9b:a4:02,0,-86
2024-04-05T11:53:12.680000,60:28:fb:dc:99:ce,1,-96
2024-04-05T11:53:12.690000,cb:94:54:ed:5d:28,1,-83
2024-04-05T11:53:12.728000,50:e5:ae:53:8b:69,1,-95
2024-04-05T11:53:12.766000,50:e5:ae:53:8b:69,1,-95
2024-04-05T11:53:12.788000,4c:99:06:13:b7:7a,1,-98
2024-04-05T11:53:12.796000,60:db:f5:56:3f:73,1,-86
2024-04-05T11:53:12.802000,50:e5:ae:53:8b:69,1,-99
2024-04-05T11:53:12.963000,6b:42:23:a7:0e:e1,1,-97
2024-04-05T11:53:13.078000,60:db:f5:56:3f:73,1,-75
2024-04-05T11:53:13.098000,ff:cb:d1:dc:df:ea,1,-44
2024-04-05T11:53:13.108000,cb:94:54:ed:5d:28,1,-83
2024-04-05T11:53:13.149000,a0:de:0f:9b:a4:02,0,-84
2024-04-05T11:53:13.208000,6b:42:23:a7:0e:e1,1,-94
2024-04-05T11:53:13.220000,d8:2b:6b:6c:52:f5,1,-91
2024-04-05T11:53:13.348000,4c:99:06:13:b7:7a,1,-98
2024-04-05T11:53:13.358000,60:db:f5:56:3f:73,1,-87
2024-04-05T11:53:13.500000,dc:23:4f:a9:9a:46,0,-84
2024-04-05T11:53:13.513000,60:28:fb:dc:99:ce,1,-91
2024-04-05T11:53:13.591000,5d:3c:bf:94:66:2f,1,-100
2024-04-05T11:53:13.626000,4c:99:06:13:b7:7a,1,-96
2024-04-05T11:53:13.651000,60:db:f5:56:3f:73,1,-75
2024-04-05T11:53:13.699000,a0:de:0f:9b:a4:02,0,-81
2024-04-05T11:53:13.709000,e8:d2:ed:ce:49:81,1,-54
2024-04-05T11:53:13.902000,4c:99:06:13:b7:7a,1,-95
2024-04-05T11:53:13.939000,60:db:f5:56:3f:73,1,-74
2024-04-05T11:53:13.952000,cb:94:54:ed:5d:28,1,-83
2024-04-05T11:53:13.961000,ff:cb:d1:dc:df:ea,1,-46
2024-04-05T11:53:14.059000,60:28:fb:dc:99:ce,1,-95
2024-04-05T11:53:14.249000,a0:de:0f:9b:a4:02,0,-81
2024-04-05T11:53:14.341000,60:28:fb:dc:99:ce,1,-99
2024-04-05T11:53:14.466000,f0:fe:21:7a:f6:e8,1,-96
2024-04-05T11:53:14.504000,dc:23:4f:a9:9a:46,0,-83
2024-04-05T11:53:14.516000,dc:23:4f:a9:9a:46,0,-87
2024-04-05T11:53:14.530000,60:db:f5:56:3f:73,1,-74
2024-04-05T11:53:14.791000,60:db:f5:56:3f:73,1,-75
2024-04-05T11:53:14.814000,ff:cb:d1:dc:df:ea,1,-45
2024-04-05T11:53:15.078000,60:db:f5:56:3f:73,1,-74
2024-04-05T11:53:15.167000,60:28:fb:dc:99:ce,1,-96
2024-04-05T11:53:15.352000,a0:de:0f:9b:a4:02,0,-80
2024-04-05T11:53:15.365000,60:db:f5:56:3f:73,1,-75
2024-04-05T11:53:15.510000,dc:23:4f:a9:9a:46,0,-85
2024-04-05T11:53:15.566000,de:88:6d:b7:ce:4e,1,-95
2024-04-05T11:53:15.647000,cb:94:54:ed:5d:28,1,-81
2024-04-05T11:53:15.668000,60:db:f5:56:3f:73,1,-74
2024-04-05T11:53:15.677000,ff:cb:d1:dc:df:ea,1,-50
2024-04-05T11:53:15.900000,a0:de:0f:9b:a4:02,0,-84
2024-04-05T11:53:15.932000,60:db:f5:56:3f:73,1,-74
2024-04-05T11:53:15.978000,e9:27:bf:59:03:86,1,-92
2024-04-05T11:53:16.069000,cb:94:54:ed:5d:28,1,-81
2024-04-05T11:53:16.221000,60:db:f5:56:3f:73,1,-75
2024-04-05T11:53:16.454000,a0:de:0f:9b:a4:02,0,-82
2024-04-05T11:53:16.463000,a0:de:0f:9b:a4:02,0,-81
2024-04-05T11:53:16.488000,cb:94:54:ed:5d:28,1,-81
2024-04-05T11:53:16.509000,a4:c1:38:e0:67:ae,0,-64
2024-04-05T11:53:16.540000,60:28:fb:dc:99:ce,1,-95
2024-04-05T11:53:16.780000,5d:3c:bf:94:66:2f,1,-97
2024-04-05T11:53:16.790000,60:db:f5:56:3f:73,1,-75
2024-04-05T11:53:16.907000,cb:94:54:ed:5d:28,1,-82
2024-04-05T11:53:16.932000,4c:99:06:13:b7:7a,1,-98
2024-04-05T11:53:16.960000,5d:3c:bf:94:66:2f,1,-98
2024-04-05T11:53:17.007000,a0:de:0f:9b:a4:02,0,-84
2024-04-05T11:53:17.146000,5d:3c:bf:94:66:2f,1,-96
2024-04-05T11:53:17.325000,cb:94:54:ed:5d:28,1,-82
2024-04-05T11:53:17.368000,60:db:f5:56:3f:73,1,-75
2024-04-05T11:53:17.645000,60:28:fb:dc:99:ce,1,-97
2024-04-05T11:53:17.662000,60:db:f5:56:3f:73,1,-88
2024-04-05T11:53:17.745000,cb:94:54:ed:5d:28,1,-81
2024-04-05T11:53:17.936000,60:db:f5:56:3f:73,1,-74
2024-04-05T11:53:17.986000,e9:27:bf:59:03:86,1,-88
2024-04-05T11:53:18.109000,a0:de:0f:9b:a4:02,0,-80
2024-04-05T11:53:18.163000,cb:94:54:ed:5d:28,1,-83
2024-04-05T11:53:18.225000,60:db:f5:56:3f:73,1,-75
2024-04-05T11:53:18.530000,dc:23:4f:a9:9a:46,0,-88
2024-04-05T11:53:18.590000,cb:94:54:ed:5d:28,1,-82
2024-04-05T11:53:18.713000,e8:d2:ed:ce:49:81,1,-55
2024-04-05T11:53:18.795000,60:db:f5:56:3f:73,1,-74
2024-04-05T11:53:18.827000,a4:c1:38:e0:67:ae,0,-63
2024-04-05T11:53:19.000000,d9:be:b5:37:8a:6e,1,-96
2024-04-05T11:53:19.017000,cb:94:54:ed:5d:28,1,-82
2024-04-05T11:53:19.082000,60:db:f5:56:3f:73,1,-75
2024-04-05T11:53:19.211000,a0:de:0f:9b:a4:02,0,-83
2024-04-05T11:53:19.299000,60:28:fb:dc:99:ce,1,-93
2024-04-05T11:53:19.361000,60:db:f5:56:3f:73,1,-88
2024-04-05T11:53:19.437000,cb:94:54:ed:5d:28,1,-83
2024-04-05T11:53:19.536000,dc:23:4f:a9:9a:46,0,-83
2024-04-05T11:53:19.648000,60:db:f5:56:3f:73,1,-75
2024-04-05T11:53:19.691000,4c:99:06:13:b7:7a,1,-99
2024-04-05T11:53:19.767000,a0:de:0f:9b:a4:02,0,-86
2024-04-05T11:53:19.860000,cb:94:54:ed:5d:28,1,-81
2024-04-05T11:53:19.930000,60:db:f5:56:3f:73,1,-85
2024-04-05T11:53:19.961000,ff:cb:d1:dc:df:ea,1,-45
2024-04-05T11:53:20.149000,c6:73:6e:c7:d1:1c,1,-98
2024-04-05T11:53:20.218000,60:db:f5:56:3f:73,1,-75
2024-04-05T11:53:20.285000,cb:94:54:ed:5d:28,1,-83
2024-04-05T11:53:20.500000,60:db:f5:56:3f:73,1,-86
2024-04-05T11:53:20.546000,dc:23:4f:a9:9a:46,0,-84
2024-04-05T11:53:20.788000,60:db:f5:56:3f:73,1,-74
2024-04-05T11:53:20.864000,a0:de:0f:9b:a4:02,0,-82
2024-04-05T11:53:20.882000,a0:de:0f:9b:a4:02,0,-80
2024-04-05T11:53:21.130000,cb:94:54:ed:5d:28,1,-83
2024-04-05T11:53:21.151000,a4:c1:38:e0:67:ae,0,-63
2024-04-05T11:53:21.335000,4c:99:06:13:b7:7a,1,-98
2024-04-05T11:53:21.357000,60:db:f5:56:3f:73,1,-74
2024-04-05T11:53:21.373000,6b:42:23:a7:0e:e1,1,-97
2024-04-05T11:53:21.413000,a0:de:0f:9b:a4:02,0,-81
2024-04-05T11:53:21.549000,cb:94:54:ed:5d:28,1,-84
2024-04-05T11:53:21.639000,60:db:f5:56:3f:73,1,-88
2024-04-05T11:53:21.678000,ff:cb:d1:dc:df:ea,1,-44
2024-04-05T11:53:21.930000,60:db:f5:56:3f:73,1,-75
2024-04-05T11:53:21.968000,cb:94:54:ed:5d:28,1,-85
2024-04-05T11:53:22.000000,e9:27:bf:59:03:86,1,-95
2024-04-05T11:53:22.151000,4c:99:06:13:b7:7a,1,-98
2024-04-05T11:53:22.160000,c6:73:6e:c7:d1:1c,1,-99
2024-04-05T11:53:22.213000,60:db:f5:56:3f:73,1,-88
2024-04-05T11:53:22.388000,cb:94:54:ed:5d:28,1,-83
2024-04-05T11:53:22.476000,f0:fe:21:7a:f6:e8,1,-99
2024-04-05T11:53:22.507000,a0:de:0f:9b:a4:02,0,-81
2024-04-05T11:53:22.533000,ff:cb:d1:dc:df:ea,1,-39
2024-04-05T11:53:22.549000,dc:23:4f:a9:9a:46,0,-88
2024-04-05T11:53:22.598000,60:28:fb:dc:99:ce,1,-96
2024-04-05T11:53:22.791000,60:db:f5:56:3f:73,1,-74
2024-04-05T11:53:22.812000,cb:94:54:ed:5d:28,1,-84
2024-04-05T11:53:22.978000,4c:99:06:13:b7:7a,1,-101
2024-04-05T11:53:22.998000,d9:be:b5:37:8a:6e,1,-98
2024-04-05T11:53:23.058000,a0:de:0f:9b:a4:02,0,-81
2024-04-05T11:53:23.080000,60:db:f5:56:3f:73,1,-88
2024-04-05T11:53:23.149000,60:28:fb:dc:99:ce,1,-100
2024-04-05T11:53:23.168000,6b:42:23:a7:0e:e1,1,-91
2024-04-05T11:53:23.229000,cb:94:54:ed:5d:28,1,-84
2024-04-05T11:53:23.239000,d8:2b:6b:6c:52:f5,1,-98
2024-04-05T11:53:23.361000,60:db:f5:56:3f:73,1,-74
2024-04-05T11:53:23.393000,ff:cb:d1:dc:df:ea,1,-44
2024-04-05T11:53:23.528000,4c:99:06:13:b7:7a,1,-95
2024-04-05T11:53:23.552000,a4:c1:38:e0:67:ae,0,-62
2024-04-05T11:53:23.649000,cb:94:54:ed:5d:28,1,-85
2024-04-05T11:53:23.718000,e8:d2:ed:ce:49:81,1,-55
2024-04-05T11:53:23.772000,e7:40:75:fb:13:1a,1,-98
2024-04-05T11:53:23.796000,e7:40:75:fb:13:1a,1,-98
2024-04-05T11:53:23.935000,60:db:f5:56:3f:73,1,-74
2024-04-05T11:53:24.068000,cb:94:54:ed:5d:28,1,-83
2024-04-05T11:53:24.158000,a0:de:0f:9b:a4:02,0,-83
2024-04-05T11:53:24.221000,60:db:f5:56:3f:73,1,-89
2024-04-05T11:53:24.247000,ff:cb:d1:dc:df:ea,1,-49
2024-04-05T11:53:24.355000,4c:99:06:13:b7:7a,1,-97
2024-04-05T11:53:24.491000,cb:94:54:ed:5d:28,1,-87
2024-04-05T11:53:24.500000,63:bb:9d:d7:50:74,1,-95
2024-04-05T11:53:24.510000,60:db:f5:56:3f:73,1,-74
2024-04-05T11:53:24.557000,dc:23:4f:a9:9a:46,0,-88
2024-04-05T11:53:24.714000,a0:de:0f:9b:a4:02,0,-79
2024-04-05T11:53:24.723000,a0:de:0f:9b:a4:02,0,-85
2024-04-05T11:53:24.790000,60:db:f5:56:3f:73,1,-85
2024-04-05T11:53:24.914000,cb:94:54:ed:5d:28,1,-82
2024-04-05T11:53:24.973000,5c:99:da:4f:a1:1d,1,-99
2024-04-05T11:53:25.000000,d9:be:b5:37:8a:6e,1,-97
2024-04-05T11:53:25.051000,63:bb:9d:d7:50:74,1,-97
2024-04-05T11:53:25.078000,60:db:f5:56:3f:73,1,-78
2024-04-05T11:53:25.108000,ff:cb:d1:dc:df:ea,1,-42
2024-04-05T11:53:25.160000,e7:40:75:fb:13:1a,1,-101
2024-04-05T11:53:25.213000,e7:40:75:fb:13:1a,1,-101
2024-04-05T11:53:25.241000,d8:2b:6b:6c:52:f5,1,-96
2024-04-05T11:53:25.332000,cb:94:54:ed:5d:28,1,-84
2024-04-05T11:53:25.343000,60:28:fb:dc:99:ce,1,-97
2024-04-05T11:53:25.365000,60:db:f5:56:3f:73,1,-75
2024-04-05T11:53:25.501000,e7:40:75:fb:13:1a,1,-95
2024-04-05T11:53:25.527000,e7:40:75:fb:13:1a,1,-97
2024-04-05T11:53:25.532000,5c:99:da:4f:a1:1d,1,-98
2024-04-05T11:53:25.563000,dc:23:4f:a9:9a:46,0,-85
2024-04-05T11:53:25.653000,60:db:f5:56:3f:73,1,-77
2024-04-05T11:53:25.697000,a4:c1:38:e0:67:ae,0,-64
2024-04-05T11:53:25.719000,4c:99:06:13:b7:7a,1,-97
2024-04-05T11:53:25.758000,cb:94:54:ed:5d:28,1,-82
2024-04-05T11:53:25.823000,a0:de:0f:9b:a4:02,0,-83
2024-04-05T11:53:25.936000,60:db:f5:56:3f:73,1,-79
2024-04-05T11:53:25.961000,ff:cb:d1:dc:df:ea,1,-46
2024-04-05T11:53:26.180000,cb:94:54:ed:5d:28,1,-81
2024-04-05T11:53:26.432000,63:bb:9d:d7:50:74,1,-100
2024-04-05T11:53:26.487000,f0:fe:21:7a:f6:e8,1,-100
2024-04-05T11:53:26.513000,60:db:f5:56:3f:73,1,-74
2024-04-05T11:53:26.563000,dc:23:4f:a9:9a:46,0,-83
2024-04-05T11:53:26.607000,cb:94:54:ed:5d:28,1,-81
2024-04-05T11:53:26.929000,a0:de:0f:9b:a4:02,0,-81
2024-04-05T11:53:27.030000,cb:94:54:ed:5d:28,1,-80
2024-04-05T11:53:27.075000,60:db:f5:56:3f:73,1,-72
2024-04-05T11:53:27.261000,63:bb:9d:d7:50:74,1,-98
2024-04-05T11:53:27.363000,60:db:f5:56:3f:73,1,-73
2024-04-05T11:53:27.369000,4c:99:06:13:b7:7a,1,-97
2024-04-05T11:53:27.451000,cb:94:54:ed:5d:28,1,-80
2024-04-05T11:53:27.532000,63:bb:9d:d7:50:74,1,-98
2024-04-05T11:53:27.571000,dc:23:4f:a9:9a:46,0,-87
2024-04-05T11:53:27.652000,60:db:f5:56:3f:73,1,-76
2024-04-05T11:53:27.675000,ff:cb:d1:dc:df:ea,1,-44
2024-04-05T11:53:27.873000,cb:94:54:ed:5d:28,1,-84
2024-04-05T11:53:27.939000,a4:c1:38:e0:67:ae,0,-60
2024-04-05T11:53:28.031000,a0:de:0f:9b:a4:02,0,-81
2024-04-05T11:53:28.198000,4c:99:06:13:b7:7a,1,-99
2024-04-05T11:53:28.231000,60:db:f5:56:3f:73,1,-74
2024-04-05T11:53:28.392000,e0:af:3a:de:7e:85,1,-95
2024-04-05T11:53:28.513000,60:db:f5:56:3f:73,1,-89
2024-04-05T11:53:28.573000,dc:23:4f:a9:9a:46,0,-84
2024-04-05T11:53:28.598000,a0:de:0f:9b:a4:02,0,-83
2024-04-05T11:53:28.676000,53:92:62:01:a5:2c,1,-96
2024-04-05T11:53:28.729000,e8:d2:ed:ce:49:81,1,-55
2024-04-05T11:53:28.788000,79:93:a7:b5:05:23,1,-100
2024-04-05T11:53:28.801000,60:db:f5:56:3f:73,1,-73
2024-04-05T11:53:29.024000,4c:99:06:13:b7:7a,1,-98
2024-04-05T11:53:29.090000,60:db:f5:56:3f:73,1,-79
2024-04-05T11:53:29.378000,60:db:f5:56:3f:73,1,-85
2024-04-05T11:53:29.397000,ff:cb:d1:dc:df:ea,1,-42
2024-04-05T11:53:29.446000,5f:10:93:c0:24:9f,1,-100
2024-04-05T11:53:29.558000,d8:ea:d4:e9:23:58,1,-96
2024-04-05T11:53:29.666000,60:db:f5:56:3f:73,1,-73
2024-04-05T11:53:29.691000,a0:de:0f:9b:a4:02,0,-82
2024-04-05T11:53:29.849000,4c:99:06:13:b7:7a,1,-98
2024-04-05T11:53:29.949000,60:db:f5:56:3f:73,1,-84
2024-04-05T11:53:29.966000,a4:c1:38:e0:67:ae,0,-61
2024-04-05T11:53:29.979000,cb:94:54:ed:5d:28,1,-83
2024-04-05T11:53:30.233000,60:db:f5:56:3f:73,1,-73
2024-04-05T11:53:30.251000,ff:cb:d1:dc:df:ea,1,-48
2024-04-05T11:53:30.398000,cb:94:54:ed:5d:28,1,-84
2024-04-05T11:53:30.459000,4a:1c:e6:b0:ac:24,1,-97
2024-04-05T11:53:30.487000,f0:fe:21:7a:f6:e8,1,-94
2024-04-05T11:53:30.519000,60:db:f5:56:3f:73,1,-84
2024-04-05T11:53:30.530000,62:55:71:aa:e9:2e,1,-92
2024-04-05T11:53:30.712000,62:55:71:aa:e9:2e,1,-95
2024-04-05T11:53:30.794000,a0:de:0f:9b:a4:02,0,-82
2024-04-05T11:53:30.803000,a0:de:0f:9b:a4:02,0,-80
2024-04-05T11:53:30.822000,60:db:f5:56:3f:73,1,-75
2024-04-05T11:53:30.826000,cb:94:54:ed:5d:28,1,-85
2024-04-05T11:53:30.942000,4c:99:06:13:b7:7a,1,-94
2024-04-05T11:53:30.980000,7a:c7:9d:2b:ef:f7,1,-95
2024-04-05T11:53:31.010000,d9:be:b5:37:8a:6e,1,-97
2024-04-05T11:53:31.111000,ff:cb:d1:dc:df:ea,1,-42
2024-04-05T11:53:31.121000,60:28:fb:dc:99:ce,1,-98
2024-04-05T11:53:31.215000,f4:6e:2f:6b:97:d3,1,-89
2024-04-05T11:53:31.231000,e8:d2:ed:ce:49:81,1,-53
2024-04-05T11:53:31.246000,cb:94:54:ed:5d:28,1,-80
2024-04-05T11:53:31.344000,a0:de:0f:9b:a4:02,0,-80
2024-04-05T11:53:31.354000,a0:de:0f:9b:a4:02,0,-84
2024-04-05T11:53:31.371000,60:db:f5:56:3f:73,1,-74
2024-04-05T11:53:31.456000,62:55:71:aa:e9:2e,1,-92
2024-04-05T11:53:31.594000,dc:23:4f:a9:9a:46,0,-85
2024-04-05T11:53:31.673000,cb:94:54:ed:5d:28,1,-81
2024-04-05T11:53:31.824000,62:55:71:aa:e9:2e,1,-94
2024-04-05T11:53:31.946000,60:db:f5:56:3f:73,1,-73
2024-04-05T11:53:31.961000,ff:cb:d1:dc:df:ea,1,-47
2024-04-05T11:53:32.088000,79:93:a7:b5:05:23,1,-98
2024-04-05T11:53:32.103000,cb:94:54:ed:5d:28,1,-87
2024-04-05T11:53:32.233000,60:db:f5:56:3f:73,1,-84
2024-04-05T11:53:32.360000,79:93:a7:b5:05:23,1,-98
2024-04-05T11:53:32.449000,a0:de:0f:9b:a4:02,0,-81
2024-04-05T11:53:32.518000,60:db:f5:56:3f:73,1,-71
2024-04-05T11:53:32.522000,cb:94:54:ed:5d:28,1,-87
2024-04-05T11:53:32.596000,dc:23:4f:a9:9a:46,0,-87
2024-04-05T11:53:32.805000,60:db:f5:56:3f:73,1,-72
2024-04-05T11:53:32.823000,ff:cb:d1:dc:df:ea,1,-38
2024-04-05T11:53:32.931000,62:55:71:aa:e9:2e,1,-99
2024-04-05T11:53:32.946000,cb:94:54:ed:5d:28,1,-83
2024-04-05T11:53:32.997000,a0:de:0f:9b:a4:02,0,-82
2024-04-05T11:53:33.008000,ff:0d:18:dc:9c:b4,1,-95
2024-04-05T11:53:33.088000,60:db:f5:56:3f:73,1,-74
2024-04-05T11:53:33.114000,62:55:71:aa:e9:2e,1,-92
2024-04-05T11:53:33.192000,79:93:a7:b5:05:23,1,-95
2024-04-05T11:53:33.296000,62:55:71:aa:e9:2e,1,-90
2024-04-05T11:53:33.391000,4c:99:06:13:b7:7a,1,-100
2024-04-05T11:53:33.466000,79:93:a7:b5:05:23,1,-91
2024-04-05T11:53:33.546000,ef:12:4a:59:2a:2e,1,-91
2024-04-05T11:53:33.550000,a0:de:0f:9b:a4:02,0,-82
2024-04-05T11:53:33.572000,d8:ea:d4:e9:23:58,1,-91
2024-04-05T11:53:33.600000,dc:23:4f:a9:9a:46,0,-87
2024-04-05T11:53:33.659000,60:db:f5:56:3f:73,1,-71
2024-04-05T11:53:33.670000,4c:99:06:13:b7:7a,1,-97
2024-04-05T11:53:33.690000,ff:cb:d1:dc:df:ea,1,-43
2024-04-05T11:53:33.731000,e8:d2:ed:ce:49:81,1,-55
2024-04-05T11:53:33.786000,cb:94:54:ed:5d:28,1,-83
2024-04-05T11:53:33.856000,62:55:71:aa:e9:2e,1,-86
2024-04-05T11:53:33.943000,60:db:f5:56:3f:73,1,-78
2024-04-05T11:53:34.018000,79:93:a7:b5:05:23,1,-94
2024-04-05T11:53:34.029000,e9:27:bf:59:03:86,1,-90
2024-04-05T11:53:34.101000,a0:de:0f:9b:a4:02,0,-87
2024-04-05T11:53:34.176000,ce:ef:4e:0e:14:00,1,-100
2024-04-05T11:53:34.206000,cb:94:54:ed:5d:28,1,-84
2024-04-05T11:53:34.411000,62:55:71:aa:e9:2e,1,-94
2024-04-05T11:53:34.468000,a4:c1:38:e0:67:ae,0,-58
2024-04-05T11:53:34.511000,60:db:f5:56:3f:73,1,-85
2024-04-05T11:53:34.541000,ff:cb:d1:dc:df:ea,1,-46
2024-04-05T11:53:34.570000,79:93:a7:b5:05:23,1,-93
2024-04-05T11:53:34.593000,62:55:71:aa:e9:2e,1,-92
2024-04-05T11:53:34.605000,dc:23:4f:a9:9a:46,0,-87
2024-04-05T11:53:34.628000,cb:94:54:ed:5d:28,1,-85
2024-04-05T11:53:34.653000,a0:de:0f:9b:a4:02,0,-82
2024-04-05T11:53:34.801000,60:db:f5:56:3f:73,1,-75
2024-04-05T11:53:34.996000,7a:c7:9d:2b:ef:f7,1,-96
2024-04-05T11:53:35.047000,cb:94:54:ed:5d:28,1,-84
2024-04-05T11:53:35.091000,60:db:f5:56:3f:73,1,-74
2024-04-05T11:53:35.130000,79:93:a7:b5:05:23,1,-94
2024-04-05T11:53:35.153000,62:55:71:aa:e9:2e,1,-94
2024-04-05T11:53:35.204000,a0:de:0f:9b:a4:02,0,-80
2024-04-05T11:53:35.227000,f4:6e:2f:6b:97:d3,1,-86
2024-04-05T11:53:35.337000,62:55:71:aa:e9:2e,1,-91
2024-04-05T11:53:35.378000,60:db:f5:56:3f:73,1,-82
2024-04-05T11:53:35.400000,ff:cb:d1:dc:df:ea,1,-45
2024-04-05T11:53:35.473000,cb:94:54:ed:5d:28,1,-84
2024-04-05T11:53:35.601000,dc:23:4f:a9:9a:46,0,-88
2024-04-05T11:53:35.638000,de:88:6d:b7:ce:4e,1,-93
2024-04-05T11:53:35.669000,60:db:f5:56:3f:73,1,-76
2024-04-05T11:53:35.682000,79:93:a7:b5:05:23,1,-90
2024-04-05T11:53:35.760000,a0:de:0f:9b:a4:02,0,-85
2024-04-05T11:53:35.894000,cb:94:54:ed:5d:28,1,-83
2024-04-05T11:53:35.912000,62:55:71:aa:e9:2e,1,-84
2024-04-05T11:53:35.957000,60:db:f5:56:3f:73,1,-74
2024-04-05T11:53:36.035000,e9:27:bf:59:03:86,1,-97
2024-04-05T11:53:36.237000,e8:d2:ed:ce:49:81,1,-52
2024-04-05T11:53:36.247000,79:93:a7:b5:05:23,1,-87
2024-04-05T11:53:36.258000,ff:cb:d1:dc:df:ea,1,-44
2024-04-05T11:53:36.268000,62:55:71:aa:e9:2e,1,-83
2024-04-05T11:53:36.317000,cb:94:54:ed:5d:28,1,-81
2024-04-05T11:53:36.429000,4c:99:06:13:b7:7a,1,-98
2024-04-05T11:53:36.452000,62:55:71:aa:e9:2e,1,-85
2024-04-05T11:53:36.532000,60:db:f5:56:3f:73,1,-74
2024-04-05T11:53:36.569000,a4:c1:38:e0:67:ae,0,-63
2024-04-05T11:53:36.741000,cb:94:54:ed:5d:28,1,-81
2024-04-05T11:53:36.826000,62:55:71:aa:e9:2e,1,-89
2024-04-05T11:53:36.852000,a0:de:0f:9b:a4:02,0,-81
2024-04-05T11:53:37.013000,62:55:71:aa:e9:2e,1,-86
2024-04-05T11:53:37.019000,ff:0d:18:dc:9c:b4,1,-96
2024-04-05T11:53:37.098000,60:db:f5:56:3f:73,1,-75
2024-04-05T11:53:37.112000,ff:cb:d1:dc:df:ea,1,-38
2024-04-05T11:53:37.163000,cb:94:54:ed:5d:28,1,-83
2024-04-05T11:53:37.197000,62:55:71:aa:e9:2e,1,-88
2024-04-05T11:53:37.233000,f4:6e:2f:6b:97:d3,1,-90
2024-04-05T11:53:37.354000,79:93:a7:b5:05:23,1,-93
2024-04-05T11:53:37.381000,60:db:f5:56:3f:73,1,-74
2024-04-05T11:53:37.392000,eb:9d:69:0c:78:3b,1,-94
2024-04-05T11:53:37.407000,a0:de:0f:9b:a4:02,0,-85
2024-04-05T11:53:37.451000,60:28:fb:dc:99:ce,1,-97
2024-04-05T11:53:37.586000,cb:94:54:ed:5d:28,1,-85
2024-04-05T11:53:37.595000,d8:ea:d4:e9:23:58,1,-89
2024-04-05T11:53:37.610000,dc:23:4f:a9:9a:46,0,-85
2024-04-05T11:53:37.624000,79:93:a7:b5:05:23,1,-92
2024-04-05T11:53:37.669000,60:db:f5:56:3f:73,1,-76
2024-04-05T11:53:37.758000,62:55:71:aa:e9:2e,1,-88
2024-04-05T11:53:37.901000,79:93:a7:b5:05:23,1,-88
2024-04-05T11:53:37.944000,62:55:71:aa:e9:2e,1,-84
2024-04-05T11:53:37.956000,60:db:f5:56:3f:73,1,-89
2024-04-05T11:53:37.972000,ff:cb:d1:dc:df:ea,1,-43
2024-04-05T11:53:38.006000,cb:94:54:ed:5d:28,1,-83
2024-04-05T11:53:38.038000,e9:27:bf:59:03:86,1,-98
2024-04-05T11:53:38.129000,62:55:71:aa:e9:2e,1,-89
2024-04-05T11:53:38.171000,79:93:a7:b5:05:23,1,-91
2024-04-05T11:53:38.244000,60:db:f5:56:3f:73,1,-74
2024-04-05T11:53:38.248000,60:db:f5:56:3f:73,1,-74
2024-04-05T11:53:38.423000,cb:94:54:ed:5d:28,1,-82
2024-04-05T11:53:38.511000,a0:de:0f:9b:a4:02,0,-81
2024-04-05T11:53:38.532000,60:db:f5:56:3f:73,1,-86
2024-04-05T11:53:38.617000,dc:23:4f:a9:9a:46,0,-85
2024-04-05T11:53:38.690000,62:55:71:aa:e9:2e,1,-83
2024-04-05T11:53:38.739000,e8:d2:ed:ce:49:81,1,-55
2024-04-05T11:53:38.823000,60:db:f5:56:3f:73,1,-74
2024-04-05T11:53:38.832000,ff:cb:d1:dc:df:ea,1,-45
2024-04-05T11:53:38.873000,cb:94:54:ed:5d:28,1,-81
2024-04-05T11:53:38.889000,a4:c1:38:e0:67:ae,0,-62
2024-04-05T11:53:39.061000,62:55:71:aa:e9:2e,1,-90
2024-04-05T11:53:39.066000,a0:de:0f:9b:a4:02,0,-85
2024-04-05T11:53:39.112000,60:db:f5:56:3f:73,1,-76
2024-04-05T11:53:39.250000,62:55:71:aa:e9:2e,1,-87
2024-04-05T11:53:39.270000,cb:94:54:ed:5d:28,1,-81
2024-04-05T11:53:39.433000,62:55:71:aa:e9:2e,1,-94
2024-04-05T11:53:39.589000,d8:ea:d4:e9:23:58,1,-96
2024-04-05T11:53:39.606000,a0:de:0f:9b:a4:02,0,-80
2024-04-05T11:53:39.621000,62:55:71:aa:e9:2e,1,-93
2024-04-05T11:53:39.626000,dc:23:4f:a9:9a:46,0,-85
2024-04-05T11:53:39.682000,60:db:f5:56:3f:73,1,-77
2024-04-05T11:53:39.689000,cb:94:54:ed:5d:28,1,-81
2024-04-05T11:53:39.970000,60:db:f5:56:3f:73,1,-85
2024-04-05T11:53:40.000000,62:55:71:aa:e9:2e,1,-97
2024-04-05T11:53:40.108000,cb:94:54:ed:5d:28,1,-81
2024-04-05T11:53:40.156000,a0:de:0f:9b:a4:02,0,-80
2024-04-05T11:53:40.261000,60:db:f5:56:3f:73,1,-74
2024-04-05T11:53:40.271000,ec:07:21:27:b5:e3,1,-95
2024-04-05T11:53:40.510000,f0:fe:21:7a:f6:e8,1,-98
2024-04-05T11:53:40.522000,4a:aa:2e:97:3d:85,1,-93
2024-04-05T11:53:40.533000,cb:94:54:ed:5d:28,1,-81
2024-04-05T11:53:40.543000,60:db:f5:56:3f:73,1,-87
2024-04-05T11:53:40.713000,a0:de:0f:9b:a4:02,0,-87
2024-04-05T11:53:40.953000,cb:94:54:ed:5d:28,1,-80
2024-04-05T11:53:41.109000,4c:99:06:13:b7:7a,1,-98
2024-04-05T11:53:41.119000,60:db:f5:56:3f:73,1,-75
2024-04-05T11:53:41.241000,e8:d2:ed:ce:49:81,1,-56
2024-04-05T11:53:41.257000,a0:de:0f:9b:a4:02,0,-82
2024-04-05T11:53:41.371000,cb:94:54:ed:5d:28,1,-84
2024-04-05T11:53:41.403000,ff:cb:d1:dc:df:ea,1,-42
2024-04-05T11:53:41.562000,60:28:fb:dc:99:ce,1,-101
2024-04-05T11:53:41.624000,dc:23:4f:a9:9a:46,0,-85
2024-04-05T11:53:41.636000,dc:23:4f:a9:9a:46,0,-85
2024-04-05T11:53:41.688000,60:db:f5:56:3f:73,1,-76
2024-04-05T11:53:41.813000,a0:de:0f:9b:a4:02,0,-81
2024-04-05T11:53:41.839000,74:8f:61:c0:61:f0,1,-95
2024-04-05T11:53:42.050000,e9:27:bf:59:03:86,1,-98
2024-04-05T11:53:42.217000,cb:94:54:ed:5d:28,1,-85
2024-04-05T11:53:42.260000,60:db:f5:56:3f:73,1,-73
2024-04-05T11:53:42.265000,ff:cb:d1:dc:df:ea,1,-44
2024-04-05T11:53:42.367000,a0:de:0f:9b:a4:02,0,-83
2024-04-05T11:53:42.551000,60:db:f5:56:3f:73,1,-86
2024-04-05T11:53:38.532000,60:db:f5:56:3f:73,1,-86
