2024-04-05T10:57:03.314000,a0:de:0f:9b:a4:02,0,-88
2024-04-05T10:57:03.726000,44:1a:dd:f3:bb:ea,1,-99
2024-04-05T10:57:03.731000,76:17:c9:bb:66:1f,1,-74
2024-04-05T10:57:03.735000,cb:94:54:ed:5d:28,1,-80
2024-04-05T10:57:03.744000,ff:cb:d1:dc:df:ea,1,-47
2024-04-05T10:57:03.753000,5c:8f:8b:32:a7:f1,1,-98
2024-04-05T10:57:03.781000,a4:c1:38:e0:67:ae,0,-63
2024-04-05T10:57:03.876000,dc:23:4f:a9:9a:46,0,-87
2024-04-05T10:57:03.916000,5c:8f:8b:32:a7:f1,1,-93
2024-04-05T10:57:03.936000,cb:94:54:ed:5d:28,1,-83
2024-04-05T10:57:03.976000,d0:a6:c1:db:8c:44,1,-92
2024-04-05T10:57:04.023000,6a:84:a0:6e:fd:0f,1,-95
2024-04-05T10:57:04.049000,14:13:0b:44:19:e5,0,-75
2024-04-05T10:57:04.083000,76:17:c9:bb:66:1f,1,-75
2024-04-05T10:57:04.195000,5c:8f:8b:32:a7:f1,1,-95
2024-04-05T10:57:04.276000,59:f4:4d:81:af:a4,1,-100
2024-04-05T10:57:04.360000,cb:94:54:ed:5d:28,1,-81
2024-04-05T10:57:04.373000,76:17:c9:bb:66:1f,1,-81
2024-04-05T10:57:04.415000,a0:de:0f:9b:a4:02,0,-81
2024-04-05T10:57:04.426000,ff:cb:d1:dc:df:ea,1,-42
2024-04-05T10:57:04.546000,59:f4:4d:81:af:a4,1,-90
2024-04-05T10:57:04.661000,76:17:c9:bb:66:1f,1,-74
2024-04-05T10:57:04.683000,6d:f0:9e:b3:5d:d0,1,-94
2024-04-05T10:57:04.694000,c4:20:fb:1b:8c:90,1,-91
2024-04-05T10:57:04.782000,cb:94:54:ed:5d:28,1,-81
2024-04-05T10:57:04.915000,50:0b:cc:8e:9e:c6,1,-97
2024-04-05T10:57:04.943000,76:17:c9:bb:66:1f,1,-80
2024-04-05T10:57:04.966000,a0:de:0f:9b:a4:02,0,-89
2024-04-05T10:57:05.039000,e8:d2:ed:ce:49:81,1,-55
2024-04-05T10:57:05.099000,59:f4:4d:81:af:a4,1,-95
2024-04-05T10:57:05.205000,cb:94:54:ed:5d:28,1,-80
2024-04-05T10:57:05.229000,76:17:c9:bb:66:1f,1,-74
2024-04-05T10:57:05.282000,ff:cb:d1:dc:df:ea,1,-44
2024-04-05T10:57:05.339000,14:13:0b:44:19:e5,0,-76
2024-04-05T10:57:05.462000,6c:f1:e8:b8:c5:5f,1,-96
2024-04-05T10:57:05.514000,a0:de:0f:9b:a4:02,0,-93
2024-04-05T10:57:05.750000,50:0b:cc:8e:9e:c6,1,-95
2024-04-05T10:57:05.800000,76:17:c9:bb:66:1f,1,-75
2024-04-05T10:57:05.881000,dc:23:4f:a9:9a:46,0,-95
2024-04-05T10:57:05.936000,59:f4:4d:81:af:a4,1,-95
2024-04-05T10:57:05.976000,d0:a6:c1:db:8c:44,1,-97
2024-04-05T10:57:06.024000,a4:c1:38:e0:67:ae,0,-64
2024-04-05T10:57:06.050000,cb:94:54:ed:5d:28,1,-80
2024-04-05T10:57:06.063000,a0:de:0f:9b:a4:02,0,-81
2024-04-05T10:57:06.083000,76:17:c9:bb:66:1f,1,-79
2024-04-05T10:57:06.145000,ff:cb:d1:dc:df:ea,1,-46
2024-04-05T10:57:06.376000,76:17:c9:bb:66:1f,1,-75
2024-04-05T10:57:06.491000,59:f4:4d:81:af:a4,1,-91
2024-04-05T10:57:06.615000,a0:de:0f:9b:a4:02,0,-90
2024-04-05T10:57:06.629000,14:13:0b:44:19:e5,0,-75
2024-04-05T10:57:06.659000,76:17:c9:bb:66:1f,1,-75
2024-04-05T10:57:06.686000,6d:f0:9e:b3:5d:d0,1,-94
2024-04-05T10:57:06.699000,c4:20:fb:1b:8c:90,1,-99
2024-04-05T10:57:06.883000,dc:23:4f:a9:9a:46,0,-85
2024-04-05T10:57:06.896000,cb:94:54:ed:5d:28,1,-79
2024-04-05T10:57:06.936000,5c:8f:8b:32:a7:f1,1,-98
2024-04-05T10:57:07.000000,ff:cb:d1:dc:df:ea,1,-42
2024-04-05T10:57:07.208000,5c:8f:8b:32:a7:f1,1,-95
2024-04-05T10:57:07.235000,76:17:c9:bb:66:1f,1,-75
2024-04-05T10:57:07.317000,cb:94:54:ed:5d:28,1,-81
2024-04-05T10:57:07.400000,50:0b:cc:8e:9e:c6,1,-96
2024-04-05T10:57:07.524000,76:17:c9:bb:66:1f,1,-79
2024-04-05T10:57:07.595000,59:f4:4d:81:af:a4,1,-94
2024-04-05T10:57:07.673000,50:0b:cc:8e:9e:c6,1,-95
2024-04-05T10:57:07.706000,a0:de:0f:9b:a4:02,0,-90
2024-04-05T10:57:07.743000,cb:94:54:ed:5d:28,1,-85
2024-04-05T10:57:07.813000,76:17:c9:bb:66:1f,1,-75
2024-04-05T10:57:07.851000,ff:cb:d1:dc:df:ea,1,-46
2024-04-05T10:57:07.887000,dc:23:4f:a9:9a:46,0,-83
2024-04-05T10:57:07.913000,14:13:0b:44:19:e5,0,-77
2024-04-05T10:57:08.007000,59:da:70:f0:a7:29,1,-94
2024-04-05T10:57:08.095000,76:17:c9:bb:66:1f,1,-80
2024-04-05T10:57:08.144000,59:f4:4d:81:af:a4,1,-93
2024-04-05T10:57:08.170000,cb:94:54:ed:5d:28,1,-81
2024-04-05T10:57:08.188000,a4:c1:38:e0:67:ae,0,-63
2024-04-05T10:57:08.265000,a0:de:0f:9b:a4:02,0,-90
2024-04-05T10:57:08.385000,76:17:c9:bb:66:1f,1,-74
2024-04-05T10:57:08.417000,59:f4:4d:81:af:a4,1,-94
2024-04-05T10:57:08.592000,cb:94:54:ed:5d:28,1,-81
2024-04-05T10:57:08.667000,76:17:c9:bb:66:1f,1,-81
2024-04-05T10:57:08.692000,6d:f0:9e:b3:5d:d0,1,-95
2024-04-05T10:57:08.715000,ff:cb:d1:dc:df:ea,1,-42
2024-04-05T10:57:08.809000,a0:de:0f:9b:a4:02,0,-89
2024-04-05T10:57:08.895000,dc:23:4f:a9:9a:46,0,-84
2024-04-05T10:57:08.951000,76:17:c9:bb:66:1f,1,-76
2024-04-05T10:57:08.962000,59:f4:4d:81:af:a4,1,-98
2024-04-05T10:57:09.012000,cb:94:54:ed:5d:28,1,-81
2024-04-05T10:57:09.137000,5c:8f:8b:32:a7:f1,1,-96
2024-04-05T10:57:09.231000,76:17:c9:bb:66:1f,1,-79
2024-04-05T10:57:09.327000,50:0b:cc:8e:9e:c6,1,-99
2024-04-05T10:57:09.364000,a0:de:0f:9b:a4:02,0,-81
2024-04-05T10:57:09.417000,5c:8f:8b:32:a7:f1,1,-92
2024-04-05T10:57:09.431000,cb:94:54:ed:5d:28,1,-80
2024-04-05T10:57:09.505000,59:f4:4d:81:af:a4,1,-93
2024-04-05T10:57:09.518000,76:17:c9:bb:66:1f,1,-75
2024-04-05T10:57:09.522000,76:17:c9:bb:66:1f,1,-76
2024-04-05T10:57:09.567000,ff:cb:d1:dc:df:ea,1,-46
2024-04-05T10:57:09.779000,59:f4:4d:81:af:a4,1,-97
2024-04-05T10:57:09.800000,76:17:c9:bb:66:1f,1,-79
2024-04-05T10:57:09.856000,cb:94:54:ed:5d:28,1,-81
2024-04-05T10:57:09.894000,dc:23:4f:a9:9a:46,0,-85
2024-04-05T10:57:09.919000,a0:de:0f:9b:a4:02,0,-91
2024-04-05T10:57:09.985000,d0:a6:c1:db:8c:44,1,-96
2024-04-05T10:57:10.039000,fd:21:dd:ef:db:18,1,-95
2024-04-05T10:57:10.051000,e8:d2:ed:ce:49:81,1,-55
2024-04-05T10:57:10.095000,76:17:c9:bb:66:1f,1,-74
2024-04-05T10:57:10.281000,cb:94:54:ed:5d:28,1,-80
2024-04-05T10:57:10.375000,76:17:c9:bb:66:1f,1,-78
2024-04-05T10:57:10.432000,50:0b:cc:8e:9e:c6,1,-94
2024-04-05T10:57:10.470000,a0:de:0f:9b:a4:02,0,-81
2024-04-05T10:57:10.521000,5c:8f:8b:32:a7:f1,1,-92
2024-04-05T10:57:10.666000,76:17:c9:bb:66:1f,1,-73
2024-04-05T10:57:10.702000,6d:f0:9e:b3:5d:d0,1,-89
2024-04-05T10:57:10.709000,cb:94:54:ed:5d:28,1,-80
2024-04-05T10:57:10.902000,dc:23:4f:a9:9a:46,0,-86
2024-04-05T10:57:10.951000,76:17:c9:bb:66:1f,1,-76
2024-04-05T10:57:11.026000,a0:de:0f:9b:a4:02,0,-93
2024-04-05T10:57:11.134000,cb:94:54:ed:5d:28,1,-85
2024-04-05T10:57:11.164000,59:f4:4d:81:af:a4,1,-92
2024-04-05T10:57:11.281000,ff:cb:d1:dc:df:ea,1,-44
2024-04-05T10:57:11.521000,76:17:c9:bb:66:1f,1,-75
2024-04-05T10:57:11.563000,cb:94:54:ed:5d:28,1,-80
2024-04-05T10:57:11.808000,76:17:c9:bb:66:1f,1,-73
2024-04-05T10:57:11.901000,5c:8f:8b:32:a7:f1,1,-93
2024-04-05T10:57:11.991000,d0:a6:c1:db:8c:44,1,-94
2024-04-05T10:57:12.086000,50:0b:cc:8e:9e:c6,1,-96
2024-04-05T10:57:12.095000,76:17:c9:bb:66:1f,1,-74
2024-04-05T10:57:12.126000,a0:de:0f:9b:a4:02,0,-81
2024-04-05T10:57:12.143000,ff:cb:d1:dc:df:ea,1,-49
2024-04-05T10:57:12.175000,5c:8f:8b:32:a7:f1,1,-97
2024-04-05T10:57:12.407000,cb:94:54:ed:5d:28,1,-81
2024-04-05T10:57:12.558000,e8:d2:ed:ce:49:81,1,-54
2024-04-05T10:57:12.626000,a4:c1:38:e0:67:ae,0,-64
2024-04-05T10:57:12.666000,76:17:c9:bb:66:1f,1,-74
2024-04-05T10:57:12.675000,a0:de:0f:9b:a4:02,0,-92
2024-04-05T10:57:12.722000,c4:20:fb:1b:8c:90,1,-93
2024-04-05T10:57:12.831000,cb:94:54:ed:5d:28,1,-81
2024-04-05T10:57:12.916000,dc:23:4f:a9:9a:46,0,-85
2024-04-05T10:57:12.951000,76:17:c9:bb:66:1f,1,-80
2024-04-05T10:57:12.995000,ff:cb:d1:dc:df:ea,1,-44
2024-04-05T10:57:13.238000,76:17:c9:bb:66:1f,1,-74
2024-04-05T10:57:13.241000,76:17:c9:bb:66:1f,1,-74
2024-04-05T10:57:13.524000,76:17:c9:bb:66:1f,1,-79
2024-04-05T10:57:13.633000,59:f4:4d:81:af:a4,1,-95
2024-04-05T10:57:13.674000,cb:94:54:ed:5d:28,1,-81
2024-04-05T10:57:13.729000,50:0b:cc:8e:9e:c6,1,-97
2024-04-05T10:57:13.776000,a0:de:0f:9b:a4:02,0,-81
2024-04-05T10:57:13.806000,76:17:c9:bb:66:1f,1,-75
2024-04-05T10:57:13.853000,ff:cb:d1:dc:df:ea,1,-47
2024-04-05T10:57:13.904000,59:f4:4d:81:af:a4,1,-101
2024-04-05T10:57:13.914000,dc:23:4f:a9:9a:46,0,-85
2024-04-05T10:57:14.002000,50:0b:cc:8e:9e:c6,1,-96
2024-04-05T10:57:14.089000,76:17:c9:bb:66:1f,1,-80
2024-04-05T10:57:14.102000,cb:94:54:ed:5d:28,1,-86
2024-04-05T10:57:14.182000,59:f4:4d:81:af:a4,1,-99
2024-04-05T10:57:14.272000,50:0b:cc:8e:9e:c6,1,-97
2024-04-05T10:57:14.346000,14:13:0b:44:19:e5,0,-74
2024-04-05T10:57:14.376000,76:17:c9:bb:66:1f,1,-75
2024-04-05T10:57:14.523000,cb:94:54:ed:5d:28,1,-86
2024-04-05T10:57:14.661000,76:17:c9:bb:66:1f,1,-79
2024-04-05T10:57:14.714000,ff:cb:d1:dc:df:ea,1,-41
2024-04-05T10:57:14.736000,a4:c1:38:e0:67:ae,0,-63
2024-04-05T10:57:14.886000,a0:de:0f:9b:a4:02,0,-81
2024-04-05T10:57:14.925000,dc:23:4f:a9:9a:46,0,-86
2024-04-05T10:57:14.950000,cb:94:54:ed:5d:28,1,-85
2024-04-05T10:57:14.971000,76:17:c9:bb:66:1f,1,-73
2024-04-05T10:57:15.061000,e8:d2:ed:ce:49:81,1,-54
2024-04-05T10:57:15.199000,14:13:0b:44:19:e5,0,-77
2024-04-05T10:57:15.219000,14:13:0b:44:19:e5,0,-95
2024-04-05T10:57:15.231000,76:17:c9:bb:66:1f,1,-79
2024-04-05T10:57:15.244000,14:13:0b:44:19:e5,0,-74
2024-04-05T10:57:15.267000,14:13:0b:44:19:e5,0,-76
2024-04-05T10:57:15.289000,14:13:0b:44:19:e5,0,-76
2024-04-05T10:57:15.310000,14:13:0b:44:19:e5,0,-96
2024-04-05T10:57:15.330000,14:13:0b:44:19:e5,0,-74
2024-04-05T10:57:15.349000,14:13:0b:44:19:e5,0,-76
2024-04-05T10:57:15.370000,14:13:0b:44:19:e5,0,-94
2024-04-05T10:57:15.392000,14:13:0b:44:19:e5,0,-75
2024-04-05T10:57:15.413000,14:13:0b:44:19:e5,0,-78
2024-04-05T10:57:15.434000,14:13:0b:44:19:e5,0,-96
2024-04-05T10:57:15.454000,14:13:0b:44:19:e5,0,-75
2024-04-05T10:57:15.473000,14:13:0b:44:19:e5,0,-76
2024-04-05T10:57:15.494000,14:13:0b:44:19:e5,0,-103
2024-04-05T10:57:15.516000,14:13:0b:44:19:e5,0,-75
2024-04-05T10:57:15.526000,76:17:c9:bb:66:1f,1,-73
2024-04-05T10:57:15.536000,14:13:0b:44:19:e5,0,-78
2024-04-05T10:57:15.571000,ff:cb:d1:dc:df:ea,1,-44
2024-04-05T10:57:15.622000,14:13:0b:44:19:e5,0,-78
2024-04-05T10:57:15.645000,14:13:0b:44:19:e5,0,-101
2024-04-05T10:57:15.665000,14:13:0b:44:19:e5,0,-75
2024-04-05T10:57:15.687000,14:13:0b:44:19:e5,0,-76
2024-04-05T10:57:15.730000,14:13:0b:44:19:e5,0,-96
2024-04-05T10:57:15.752000,14:13:0b:44:19:e5,0,-75
2024-04-05T10:57:15.776000,14:13:0b:44:19:e5,0,-76
2024-04-05T10:57:15.793000,cb:94:54:ed:5d:28,1,-81
2024-04-05T10:57:15.802000,14:13:0b:44:19:e5,0,-76
2024-04-05T10:57:15.809000,76:17:c9:bb:66:1f,1,-79
2024-04-05T10:57:15.824000,14:13:0b:44:19:e5,0,-95
2024-04-05T10:57:15.845000,14:13:0b:44:19:e5,0,-76
2024-04-05T10:57:15.870000,14:13:0b:44:19:e5,0,-75
2024-04-05T10:57:15.889000,14:13:0b:44:19:e5,0,-76
2024-04-05T10:57:15.915000,14:13:0b:44:19:e5,0,-98
2024-04-05T10:57:15.926000,dc:23:4f:a9:9a:46,0,-86
2024-04-05T10:57:15.941000,14:13:0b:44:19:e5,0,-75
2024-04-05T10:57:15.960000,14:13:0b:44:19:e5,0,-74
2024-04-05T10:57:15.981000,14:13:0b:44:19:e5,0,-77
2024-04-05T10:57:16.003000,14:13:0b:44:19:e5,0,-101
2024-04-05T10:57:16.022000,14:13:0b:44:19:e5,0,-76
2024-04-05T10:57:16.065000,14:13:0b:44:19:e5,0,-95
2024-04-05T10:57:16.086000,14:13:0b:44:19:e5,0,-74
2024-04-05T10:57:16.093000,76:17:c9:bb:66:1f,1,-74
2024-04-05T10:57:16.111000,14:13:0b:44:19:e5,0,-76
2024-04-05T10:57:16.126000,14:13:0b:44:19:e5,0,-95
2024-04-05T10:57:16.149000,14:13:0b:44:19:e5,0,-94
2024-04-05T10:57:16.172000,14:13:0b:44:19:e5,0,-74
2024-04-05T10:57:16.217000,cb:94:54:ed:5d:28,1,-81
2024-04-05T10:57:16.238000,14:13:0b:44:19:e5,0,-76
2024-04-05T10:57:16.260000,14:13:0b:44:19:e5,0,-75
2024-04-05T10:57:16.279000,14:13:0b:44:19:e5,0,-77
2024-04-05T10:57:16.306000,14:13:0b:44:19:e5,0,-98
2024-04-05T10:57:16.325000,14:13:0b:44:19:e5,0,-76
2024-04-05T10:57:16.372000,76:17:c9:bb:66:1f,1,-79
2024-04-05T10:57:16.392000,14:13:0b:44:19:e5,0,-95
2024-04-05T10:57:16.414000,14:13:0b:44:19:e5,0,-75
2024-04-05T10:57:16.433000,14:13:0b:44:19:e5,0,-76
2024-04-05T10:57:16.454000,14:13:0b:44:19:e5,0,-96
2024-04-05T10:57:16.475000,14:13:0b:44:19:e5,0,-75
2024-04-05T10:57:16.500000,14:13:0b:44:19:e5,0,-76
2024-04-05T10:57:16.523000,14:13:0b:44:19:e5,0,-77
2024-04-05T10:57:16.535000,a0:de:0f:9b:a4:02,0,-82
2024-04-05T10:57:16.548000,14:13:0b:44:19:e5,0,-93
2024-04-05T10:57:16.567000,14:13:0b:44:19:e5,0,-75
2024-04-05T10:57:16.629000,14:13:0b:44:19:e5,0,-94
2024-04-05T10:57:16.642000,cb:94:54:ed:5d:28,1,-79
2024-04-05T10:57:16.652000,14:13:0b:44:19:e5,0,-75
2024-04-05T10:57:16.664000,76:17:c9:bb:66:1f,1,-73
2024-04-05T10:57:16.674000,14:13:0b:44:19:e5,0,-75
2024-04-05T10:57:16.719000,14:13:0b:44:19:e5,0,-95
2024-04-05T10:57:16.741000,14:13:0b:44:19:e5,0,-75
2024-04-05T10:57:16.764000,14:13:0b:44:19:e5,0,-76
2024-04-05T10:57:16.785000,14:13:0b:44:19:e5,0,-97
2024-04-05T10:57:16.809000,14:13:0b:44:19:e5,0,-96
2024-04-05T10:57:16.832000,14:13:0b:44:19:e5,0,-75
2024-04-05T10:57:16.854000,14:13:0b:44:19:e5,0,-76
2024-04-05T10:57:16.876000,14:13:0b:44:19:e5,0,-95
2024-04-05T10:57:16.901000,14:13:0b:44:19:e5,0,-94
2024-04-05T10:57:16.920000,14:13:0b:44:19:e5,0,-74
2024-04-05T10:57:16.931000,dc:23:4f:a9:9a:46,0,-84
2024-04-05T10:57:16.944000,14:13:0b:44:19:e5,0,-77
2024-04-05T10:57:16.952000,76:17:c9:bb:66:1f,1,-79
2024-04-05T10:57:16.963000,14:13:0b:44:19:e5,0,-97
2024-04-05T10:57:16.986000,a4:c1:38:e0:67:ae,0,-63
2024-04-05T10:57:17.010000,14:13:0b:44:19:e5,0,-74
2024-04-05T10:57:17.032000,14:13:0b:44:19:e5,0,-75
2024-04-05T10:57:17.055000,14:13:0b:44:19:e5,0,-97
2024-04-05T10:57:17.066000,cb:94:54:ed:5d:28,1,-81
2024-04-05T10:57:17.075000,14:13:0b:44:19:e5,0,-75
2024-04-05T10:57:17.095000,14:13:0b:44:19:e5,0,-77
2024-04-05T10:57:17.117000,14:13:0b:44:19:e5,0,-94
2024-04-05T10:57:17.140000,14:13:0b:44:19:e5,0,-94
2024-04-05T10:57:17.164000,14:13:0b:44:19:e5,0,-74
2024-04-05T10:57:17.187000,14:13:0b:44:19:e5,0,-76
2024-04-05T10:57:17.210000,14:13:0b:44:19:e5,0,-75
2024-04-05T10:57:17.233000,14:13:0b:44:19:e5,0,-93
2024-04-05T10:57:17.257000,14:13:0b:44:19:e5,0,-75
2024-04-05T10:57:17.281000,14:13:0b:44:19:e5,0,-75
2024-04-05T10:57:17.290000,ff:cb:d1:dc:df:ea,1,-41
2024-04-05T10:57:17.303000,14:13:0b:44:19:e5,0,-77
2024-04-05T10:57:17.325000,14:13:0b:44:19:e5,0,-95
2024-04-05T10:57:17.347000,14:13:0b:44:19:e5,0,-75
2024-04-05T10:57:17.371000,14:13:0b:44:19:e5,0,-75
2024-04-05T10:57:17.390000,14:13:0b:44:19:e5,0,-76
2024-04-05T10:57:17.415000,14:13:0b:44:19:e5,0,-94
2024-04-05T10:57:17.439000,14:13:0b:44:19:e5,0,-97
2024-04-05T10:57:17.493000,cb:94:54:ed:5d:28,1,-86
2024-04-05T10:57:17.520000,76:17:c9:bb:66:1f,1,-74
2024-04-05T10:57:17.525000,14:13:0b:44:19:e5,0,-74
2024-04-05T10:57:17.544000,14:13:0b:44:19:e5,0,-75
2024-04-05T10:57:17.565000,14:13:0b:44:19:e5,0,-94
2024-04-05T10:57:17.587000,14:13:0b:44:19:e5,0,-75
2024-04-05T10:57:17.611000,14:13:0b:44:19:e5,0,-75
2024-04-05T10:57:17.633000,a0:de:0f:9b:a4:02,0,-92
2024-04-05T10:57:17.645000,14:13:0b:44:19:e5,0,-77
2024-04-05T10:57:17.659000,14:13:0b:44:19:e5,0,-75
2024-04-05T10:57:17.680000,14:13:0b:44:19:e5,0,-94
2024-04-05T10:57:17.702000,14:13:0b:44:19:e5,0,-74
2024-04-05T10:57:17.723000,14:13:0b:44:19:e5,0,-77
2024-04-05T10:57:17.770000,14:13:0b:44:19:e5,0,-93
2024-04-05T10:57:17.790000,14:13:0b:44:19:e5,0,-75
2024-04-05T10:57:17.812000,14:13:0b:44:19:e5,0,-77
2024-04-05T10:57:17.835000,14:13:0b:44:19:e5,0,-93
2024-04-05T10:57:17.845000,50:0b:cc:8e:9e:c6,1,-94
2024-04-05T10:57:17.855000,14:13:0b:44:19:e5,0,-75
2024-04-05T10:57:17.903000,14:13:0b:44:19:e5,0,-75
2024-04-05T10:57:17.916000,cb:94:54:ed:5d:28,1,-86
2024-04-05T10:57:17.925000,14:13:0b:44:19:e5,0,-96
2024-04-05T10:57:17.947000,14:13:0b:44:19:e5,0,-75
2024-04-05T10:57:17.971000,14:13:0b:44:19:e5,0,-74
2024-04-05T10:57:17.990000,14:13:0b:44:19:e5,0,-75
2024-04-05T10:57:18.012000,14:13:0b:44:19:e5,0,-95
2024-04-05T10:57:18.036000,14:13:0b:44:19:e5,0,-75
2024-04-05T10:57:18.060000,14:13:0b:44:19:e5,0,-75
2024-04-05T10:57:18.080000,14:13:0b:44:19:e5,0,-76
2024-04-05T10:57:18.095000,76:17:c9:bb:66:1f,1,-75
2024-04-05T10:57:18.102000,14:13:0b:44:19:e5,0,-96
2024-04-05T10:57:18.118000,50:0b:cc:8e:9e:c6,1,-95
2024-04-05T10:57:18.128000,14:13:0b:44:19:e5,0,-74
2024-04-05T10:57:18.140000,14:13:0b:44:19:e5,0,-76
2024-04-05T10:57:18.147000,ff:cb:d1:dc:df:ea,1,-47
2024-04-05T10:57:18.162000,14:13:0b:44:19:e5,0,-92
2024-04-05T10:57:18.181000,14:13:0b:44:19:e5,0,-75
2024-04-05T10:57:18.192000,a0:de:0f:9b:a4:02,0,-93
2024-04-05T10:57:18.209000,14:13:0b:44:19:e5,0,-75
2024-04-05T10:57:18.227000,14:13:0b:44:19:e5,0,-94
2024-04-05T10:57:18.248000,14:13:0b:44:19:e5,0,-74
2024-04-05T10:57:18.270000,14:13:0b:44:19:e5,0,-75
2024-04-05T10:57:18.292000,14:13:0b:44:19:e5,0,-76
2024-04-05T10:57:18.318000,14:13:0b:44:19:e5,0,-92
2024-04-05T10:57:18.340000,14:13:0b:44:19:e5,0,-95
2024-04-05T10:57:18.348000,cb:94:54:ed:5d:28,1,-81
2024-04-05T10:57:18.362000,14:13:0b:44:19:e5,0,-75
2024-04-05T10:57:18.387000,14:13:0b:44:19:e5,0,-75
2024-04-05T10:57:18.409000,14:13:0b:44:19:e5,0,-75
2024-04-05T10:57:18.434000,14:13:0b:44:19:e5,0,-94
2024-04-05T10:57:18.457000,14:13:0b:44:19:e5,0,-75
2024-04-05T10:57:18.477000,14:13:0b:44:19:e5,0,-76
2024-04-05T10:57:18.500000,14:13:0b:44:19:e5,0,-75
2024-04-05T10:57:18.523000,14:13:0b:44:19:e5,0,-95
2024-04-05T10:57:18.547000,14:13:0b:44:19:e5,0,-74
2024-04-05T10:57:18.572000,14:13:0b:44:19:e5,0,-74
2024-04-05T10:57:18.592000,14:13:0b:44:19:e5,0,-76
2024-04-05T10:57:18.617000,14:13:0b:44:19:e5,0,-94
2024-04-05T10:57:18.637000,14:13:0b:44:19:e5,0,-75
2024-04-05T10:57:18.661000,14:13:0b:44:19:e5,0,-75
2024-04-05T10:57:18.668000,76:17:c9:bb:66:1f,1,-75
2024-04-05T10:57:18.684000,14:13:0b:44:19:e5,0,-76
2024-04-05T10:57:18.707000,14:13:0b:44:19:e5,0,-96
2024-04-05T10:57:18.732000,14:13:0b:44:19:e5,0,-97
2024-04-05T10:57:18.751000,14:13:0b:44:19:e5,0,-75
2024-04-05T10:57:18.766000,cb:94:54:ed:5d:28,1,-81
2024-04-05T10:57:18.775000,14:13:0b:44:19:e5,0,-75
2024-04-05T10:57:18.793000,14:13:0b:44:19:e5,0,-95
2024-04-05T10:57:18.814000,14:13:0b:44:19:e5,0,-75
2024-04-05T10:57:18.833000,14:13:0b:44:19:e5,0,-76
2024-04-05T10:57:18.877000,14:13:0b:44:19:e5,0,-75
2024-04-05T10:57:18.902000,14:13:0b:44:19:e5,0,-75
2024-04-05T10:57:18.923000,14:13:0b:44:19:e5,0,-76
2024-04-05T10:57:18.944000,14:13:0b:44:19:e5,0,-97
2024-04-05T10:57:18.954000,76:17:c9:bb:66:1f,1,-80
2024-04-05T10:57:18.967000,14:13:0b:44:19:e5,0,-74
2024-04-05T10:57:18.987000,14:13:0b:44:19:e5,0,-78
2024-04-05T10:57:19.000000,ff:cb:d1:dc:df:ea,1,-40
2024-04-05T10:57:19.010000,14:13:0b:44:19:e5,0,-75
2024-04-05T10:57:19.034000,14:13:0b:44:19:e5,0,-95
2024-04-05T10:57:19.054000,14:13:0b:44:19:e5,0,-74
2024-04-05T10:57:19.100000,14:13:0b:44:19:e5,0,-77
2024-04-05T10:57:19.124000,14:13:0b:44:19:e5,0,-97
2024-04-05T10:57:19.147000,14:13:0b:44:19:e5,0,-75
2024-04-05T10:57:19.167000,14:13:0b:44:19:e5,0,-77
2024-04-05T10:57:19.186000,cb:94:54:ed:5d:28,1,-81
2024-04-05T10:57:19.196000,14:13:0b:44:19:e5,0,-77
2024-04-05T10:57:19.215000,14:13:0b:44:19:e5,0,-96
2024-04-05T10:57:19.244000,76:17:c9:bb:66:1f,1,-73
2024-04-05T10:57:19.261000,14:13:0b:44:19:e5,0,-75
2024-04-05T10:57:19.282000,14:13:0b:44:19:e5,0,-76
2024-04-05T10:57:19.290000,a0:de:0f:9b:a4:02,0,-83
2024-04-05T10:57:19.306000,14:13:0b:44:19:e5,0,-97
2024-04-05T10:57:19.329000,14:13:0b:44:19:e5,0,-96
2024-04-05T10:57:19.353000,a4:c1:38:e0:67:ae,0,-64
2024-04-05T10:57:19.369000,14:13:0b:44:19:e5,0,-75
2024-04-05T10:57:19.390000,14:13:0b:44:19:e5,0,-94
2024-04-05T10:57:19.410000,7b:fd:c0:44:c7:55,1,-99
2024-04-05T10:57:19.432000,14:13:0b:44:19:e5,0,-77
2024-04-05T10:57:19.453000,14:13:0b:44:19:e5,0,-93
2024-04-05T10:57:19.476000,14:13:0b:44:19:e5,0,-75
2024-04-05T10:57:19.490000,50:0b:cc:8e:9e:c6,1,-94
2024-04-05T10:57:19.500000,14:13:0b:44:19:e5,0,-75
2024-04-05T10:57:19.520000,14:13:0b:44:19:e5,0,-75
2024-04-05T10:57:19.527000,76:17:c9:bb:66:1f,1,-79
2024-04-05T10:57:19.543000,14:13:0b:44:19:e5,0,-101
2024-04-05T10:57:19.565000,14:13:0b:44:19:e5,0,-75
2024-04-05T10:57:19.587000,14:13:0b:44:19:e5,0,-75
2024-04-05T10:57:19.610000,cb:94:54:ed:5d:28,1,-80
2024-04-05T10:57:19.620000,14:13:0b:44:19:e5,0,-76
2024-04-05T10:57:19.633000,14:13:0b:44:19:e5,0,-94
2024-04-05T10:57:19.657000,14:13:0b:44:19:e5,0,-75
2024-04-05T10:57:19.678000,14:13:0b:44:19:e5,0,-77
2024-04-05T10:57:19.700000,14:13:0b:44:19:e5,0,-75
2024-04-05T10:57:19.722000,14:13:0b:44:19:e5,0,-95
2024-04-05T10:57:19.745000,14:13:0b:44:19:e5,0,-75
2024-04-05T10:57:19.764000,14:13:0b:44:19:e5,0,-77
2024-04-05T10:57:19.787000,14:13:0b:44:19:e5,0,-94
2024-04-05T10:57:19.807000,14:13:0b:44:19:e5,0,-74
2024-04-05T10:57:19.814000,76:17:c9:bb:66:1f,1,-74
2024-04-05T10:57:19.828000,14:13:0b:44:19:e5,0,-76
2024-04-05T10:57:19.846000,a0:de:0f:9b:a4:02,0,-93
2024-04-05T10:57:19.864000,ff:cb:d1:dc:df:ea,1,-45
2024-04-05T10:57:19.894000,14:13:0b:44:19:e5,0,-74
2024-04-05T10:57:19.914000,14:13:0b:44:19:e5,0,-76
2024-04-05T10:57:19.935000,14:13:0b:44:19:e5,0,-93
2024-04-05T10:57:19.981000,14:13:0b:44:19:e5,0,-74
2024-04-05T10:57:20.002000,14:13:0b:44:19:e5,0,-76
2024-04-05T10:57:20.025000,14:13:0b:44:19:e5,0,-95
2024-04-05T10:57:20.047000,14:13:0b:44:19:e5,0,-74
2024-04-05T10:57:20.068000,14:13:0b:44:19:e5,0,-75
2024-04-05T10:57:20.082000,e8:d2:ed:ce:49:81,1,-54
2024-04-05T10:57:20.095000,76:17:c9:bb:66:1f,1,-80
2024-04-05T10:57:20.110000,14:13:0b:44:19:e5,0,-94
2024-04-05T10:57:20.128000,14:13:0b:44:19:e5,0,-75
2024-04-05T10:57:20.153000,14:13:0b:44:19:e5,0,-76
2024-04-05T10:57:20.175000,14:13:0b:44:19:e5,0,-93
2024-04-05T10:57:20.194000,14:13:0b:44:19:e5,0,-75
2024-04-05T10:57:20.218000,14:13:0b:44:19:e5,0,-75
2024-04-05T10:57:20.375000,76:17:c9:bb:66:1f,1,-75
2024-04-05T10:57:20.396000,a0:de:0f:9b:a4:02,0,-91
2024-04-05T10:57:20.453000,cb:94:54:ed:5d:28,1,-81
2024-04-05T10:57:20.660000,76:17:c9:bb:66:1f,1,-79
2024-04-05T10:57:20.723000,ff:cb:d1:dc:df:ea,1,-50
2024-04-05T10:57:20.877000,cb:94:54:ed:5d:28,1,-81
2024-04-05T10:57:20.941000,dc:23:4f:a9:9a:46,0,-97
2024-04-05T10:57:20.954000,a0:de:0f:9b:a4:02,0,-82
2024-04-05T10:57:20.965000,a0:de:0f:9b:a4:02,0,-95
2024-04-05T10:57:21.233000,76:17:c9:bb:66:1f,1,-79
2024-04-05T10:57:21.297000,cb:94:54:ed:5d:28,1,-79
2024-04-05T10:57:21.506000,14:13:0b:44:19:e5,0,-76
2024-04-05T10:57:21.523000,76:17:c9:bb:66:1f,1,-74
2024-04-05T10:57:21.576000,ff:cb:d1:dc:df:ea,1,-44
2024-04-05T10:57:21.684000,50:0b:cc:8e:9e:c6,1,-93
2024-04-05T10:57:21.725000,cb:94:54:ed:5d:28,1,-85
2024-04-05T10:57:21.758000,a4:c1:38:e0:67:ae,0,-63
2024-04-05T10:57:21.806000,76:17:c9:bb:66:1f,1,-80
2024-04-05T10:57:21.954000,50:0b:cc:8e:9e:c6,1,-94
2024-04-05T10:57:22.048000,a0:de:0f:9b:a4:02,0,-93
2024-04-05T10:57:22.098000,76:17:c9:bb:66:1f,1,-73
2024-04-05T10:57:22.152000,cb:94:54:ed:5d:28,1,-81
2024-04-05T10:57:22.237000,7b:fd:c0:44:c7:55,1,-95
2024-04-05T10:57:22.381000,76:17:c9:bb:66:1f,1,-75
2024-04-05T10:57:22.432000,ff:cb:d1:dc:df:ea,1,-49
2024-04-05T10:57:22.571000,cb:94:54:ed:5d:28,1,-81
2024-04-05T10:57:22.581000,e8:d2:ed:ce:49:81,1,-52
2024-04-05T10:57:22.605000,a0:de:0f:9b:a4:02,0,-93
2024-04-05T10:57:22.666000,76:17:c9:bb:66:1f,1,-73
2024-04-05T10:57:22.791000,14:13:0b:44:19:e5,0,-76
2024-04-05T10:57:22.945000,76:17:c9:bb:66:1f,1,-80
2024-04-05T10:57:22.991000,cb:94:54:ed:5d:28,1,-81
2024-04-05T10:57:23.231000,76:17:c9:bb:66:1f,1,-74
2024-04-05T10:57:23.410000,cb:94:54:ed:5d:28,1,-81
2024-04-05T10:57:23.516000,76:17:c9:bb:66:1f,1,-80
2024-04-05T10:57:23.827000,cb:94:54:ed:5d:28,1,-86
2024-04-05T10:57:23.878000,50:0b:cc:8e:9e:c6,1,-97
2024-04-05T10:57:23.933000,a4:c1:38:e0:67:ae,0,-63
2024-04-05T10:57:24.033000,7b:fd:c0:44:c7:55,1,-96
2024-04-05T10:57:24.057000,59:da:70:f0:a7:29,1,-96
2024-04-05T10:57:24.095000,76:17:c9:bb:66:1f,1,-74
2024-04-05T10:57:24.146000,ff:cb:d1:dc:df:ea,1,-48
2024-04-05T10:57:24.244000,a0:de:0f:9b:a4:02,0,-82
2024-04-05T10:57:24.254000,cb:94:54:ed:5d:28,1,-81
2024-04-05T10:57:24.511000,7b:fd:c0:44:c7:55,1,-98
2024-04-05T10:57:24.541000,7b:fd:c0:44:c7:55,1,-95
2024-04-05T10:57:24.608000,7b:fd:c0:44:c7:55,1,-98
2024-04-05T10:57:24.664000,76:17:c9:bb:66:1f,1,-77
2024-04-05T10:57:24.677000,cb:94:54:ed:5d:28,1,-83
2024-04-05T10:57:24.706000,7b:fd:c0:44:c7:55,1,-94
2024-04-05T10:57:24.794000,a0:de:0f:9b:a4:02,0,-86
2024-04-05T10:57:24.897000,7b:fd:c0:44:c7:55,1,-96
2024-04-05T10:57:24.916000,4b:58:2f:8c:7b:63,1,-100
2024-04-05T10:57:24.955000,dc:23:4f:a9:9a:46,0,-87
2024-04-05T10:57:24.982000,7b:fd:c0:44:c7:55,1,-93
2024-04-05T10:57:24.990000,7b:fd:c0:44:c7:55,1,-89
2024-04-05T10:57:25.004000,ff:cb:d1:dc:df:ea,1,-42
2024-04-05T10:57:25.020000,7b:fd:c0:44:c7:55,1,-93
2024-04-05T10:57:25.050000,7b:fd:c0:44:c7:55,1,-95
2024-04-05T10:57:25.075000,e8:d2:ed:ce:49:81,1,-55
2024-04-05T10:57:25.100000,cb:94:54:ed:5d:28,1,-81
2024-04-05T10:57:25.119000,7b:fd:c0:44:c7:55,1,-92
2024-04-05T10:57:25.152000,7b:fd:c0:44:c7:55,1,-95
2024-04-05T10:57:25.186000,7b:fd:c0:44:c7:55,1,-93
2024-04-05T10:57:25.240000,76:17:c9:bb:66:1f,1,-74
2024-04-05T10:57:25.252000,7b:fd:c0:44:c7:55,1,-88
2024-04-05T10:57:25.283000,7b:fd:c0:44:c7:55,1,-91
2024-04-05T10:57:25.347000,a0:de:0f:9b:a4:02,0,-89
2024-04-05T10:57:25.365000,14:13:0b:44:19:e5,0,-95
2024-04-05T10:57:25.410000,7b:fd:c0:44:c7:55,1,-92
2024-04-05T10:57:25.477000,7b:fd:c0:44:c7:55,1,-96
2024-04-05T10:57:25.507000,7b:fd:c0:44:c7:55,1,-97
2024-04-05T10:57:25.521000,76:17:c9:bb:66:1f,1,-81
2024-04-05T10:57:25.527000,cb:94:54:ed:5d:28,1,-82
2024-04-05T10:57:25.726000,7b:fd:c0:44:c7:55,1,-88
2024-04-05T10:57:25.740000,4b:58:2f:8c:7b:63,1,-96
2024-04-05T10:57:25.756000,7b:fd:c0:44:c7:55,1,-94
2024-04-05T10:57:25.784000,e7:27:e7:f3:59:fa,1,-101
2024-04-05T10:57:25.866000,ff:cb:d1:dc:df:ea,1,-45
2024-04-05T10:57:25.895000,a0:de:0f:9b:a4:02,0,-82
2024-04-05T10:57:25.951000,cb:94:54:ed:5d:28,1,-83
2024-04-05T10:57:25.966000,dc:23:4f:a9:9a:46,0,-84
2024-04-05T10:57:25.997000,7b:fd:c0:44:c7:55,1,-98
2024-04-05T10:57:26.018000,4b:58:2f:8c:7b:63,1,-97
2024-04-05T10:57:26.067000,fd:21:dd:ef:db:18,1,-96
2024-04-05T10:57:26.096000,76:17:c9:bb:66:1f,1,-82
2024-04-05T10:57:26.185000,a4:c1:38:e0:67:ae,0,-64
2024-04-05T10:57:26.220000,7b:fd:c0:44:c7:55,1,-94
2024-04-05T10:57:26.250000,7b:fd:c0:44:c7:55,1,-91
2024-04-05T10:57:26.283000,7b:fd:c0:44:c7:55,1,-88
2024-04-05T10:57:26.313000,7b:fd:c0:44:c7:55,1,-93
2024-04-05T10:57:26.343000,7b:fd:c0:44:c7:55,1,-95
2024-04-05T10:57:26.371000,cb:94:54:ed:5d:28,1,-83
2024-04-05T10:57:26.388000,76:17:c9:bb:66:1f,1,-75
2024-04-05T10:57:26.408000,7b:fd:c0:44:c7:55,1,-92
2024-04-05T10:57:26.438000,e7:27:e7:f3:59:fa,1,-96
2024-04-05T10:57:26.471000,7b:fd:c0:44:c7:55,1,-95
2024-04-05T10:57:26.506000,7b:fd:c0:44:c7:55,1,-88
2024-04-05T10:57:26.536000,7b:fd:c0:44:c7:55,1,-91
2024-04-05T10:57:26.557000,e7:27:e7:f3:59:fa,1,-98
2024-04-05T10:57:26.566000,7b:fd:c0:44:c7:55,1,-94
2024-04-05T10:57:26.596000,7b:fd:c0:44:c7:55,1,-88
2024-04-05T10:57:26.650000,14:13:0b:44:19:e5,0,-92
2024-04-05T10:57:26.657000,54:da:94:3c:98:98,1,-96
2024-04-05T10:57:26.664000,7b:fd:c0:44:c7:55,1,-89
2024-04-05T10:57:26.671000,e1:9d:eb:c4:2e:5f,1,-94
2024-04-05T10:57:26.676000,76:17:c9:bb:66:1f,1,-77
2024-04-05T10:57:26.695000,7b:fd:c0:44:c7:55,1,-90
2024-04-05T10:57:26.755000,7b:fd:c0:44:c7:55,1,-94
2024-04-05T10:57:26.785000,7b:fd:c0:44:c7:55,1,-89
2024-04-05T10:57:26.792000,cb:94:54:ed:5d:28,1,-83
2024-04-05T10:57:26.881000,7b:fd:c0:44:c7:55,1,-87
2024-04-05T10:57:26.964000,76:17:c9:bb:66:1f,1,-83
2024-04-05T10:57:26.974000,dc:23:4f:a9:9a:46,0,-90
2024-04-05T10:57:26.995000,7b:fd:c0:44:c7:55,1,-90
2024-04-05T10:57:27.005000,a0:de:0f:9b:a4:02,0,-83
2024-04-05T10:57:27.015000,7b:fd:c0:44:c7:55,1,-96
2024-04-05T10:57:27.077000,7b:fd:c0:44:c7:55,1,-89
2024-04-05T10:57:27.135000,ac:4d:16:61:3c:0e,0,-100
2024-04-05T10:57:27.167000,7b:fd:c0:44:c7:55,1,-94
2024-04-05T10:57:27.202000,7b:fd:c0:44:c7:55,1,-93
2024-04-05T10:57:27.209000,cb:94:54:ed:5d:28,1,-80
2024-04-05T10:57:27.235000,7b:fd:c0:44:c7:55,1,-91
2024-04-05T10:57:27.248000,76:17:c9:bb:66:1f,1,-76
2024-04-05T10:57:27.270000,7b:fd:c0:44:c7:55,1,-88
2024-04-05T10:57:27.363000,7b:fd:c0:44:c7:55,1,-105
2024-04-05T10:57:27.403000,69:75:dd:8d:b1:a6,1,-99
2024-04-05T10:57:27.427000,e7:27:e7:f3:59:fa,1,-99
2024-04-05T10:57:27.442000,ac:4d:16:61:3c:0e,0,-96
2024-04-05T10:57:27.492000,7b:fd:c0:44:c7:55,1,-94
2024-04-05T10:57:27.527000,7b:fd:c0:44:c7:55,1,-95
2024-04-05T10:57:27.536000,76:17:c9:bb:66:1f,1,-84
2024-04-05T10:57:27.584000,ff:cb:d1:dc:df:ea,1,-43
2024-04-05T10:57:27.595000,e8:d2:ed:ce:49:81,1,-52
2024-04-05T10:57:27.628000,cb:94:54:ed:5d:28,1,-80
2024-04-05T10:57:27.682000,fa:bf:6d:fb:05:95,1,-97
2024-04-05T10:57:27.774000,ac:4d:16:61:3c:0e,0,-94
2024-04-05T10:57:27.825000,76:17:c9:bb:66:1f,1,-74
2024-04-05T10:57:27.886000,7b:fd:c0:44:c7:55,1,-96
2024-04-05T10:57:27.934000,14:13:0b:44:19:e5,0,-74
2024-04-05T10:57:27.945000,ac:4d:16:61:3c:0e,0,-96
2024-04-05T10:57:27.983000,dc:23:4f:a9:9a:46,0,-85
2024-04-05T10:57:28.071000,fd:21:dd:ef:db:18,1,-95
2024-04-05T10:57:28.106000,ac:4d:16:61:3c:0e,0,-89
2024-04-05T10:57:28.113000,a0:de:0f:9b:a4:02,0,-82
2024-04-05T10:57:28.275000,ac:4d:16:61:3c:0e,0,-98
2024-04-05T10:57:28.398000,76:17:c9:bb:66:1f,1,-74
2024-04-05T10:57:28.436000,ac:4d:16:61:3c:0e,0,-97
2024-04-05T10:57:28.444000,ff:cb:d1:dc:df:ea,1,-46
2024-04-05T10:57:28.476000,cb:94:54:ed:5d:28,1,-82
2024-04-05T10:57:28.586000,a4:c1:38:e0:67:ae,0,-65
2024-04-05T10:57:28.666000,a0:de:0f:9b:a4:02,0,-85
2024-04-05T10:57:28.684000,76:17:c9:bb:66:1f,1,-76
2024-04-05T10:57:28.890000,7b:fd:c0:44:c7:55,1,-95
2024-04-05T10:57:28.904000,cb:94:54:ed:5d:28,1,-82
2024-04-05T10:57:28.924000,7b:fd:c0:44:c7:55,1,-95
2024-04-05T10:57:28.935000,ac:4d:16:61:3c:0e,0,-94
2024-04-05T10:57:28.974000,76:17:c9:bb:66:1f,1,-84
2024-04-05T10:57:28.988000,dc:23:4f:a9:9a:46,0,-92
2024-04-05T10:57:29.091000,50:0b:cc:8e:9e:c6,1,-98
2024-04-05T10:57:29.217000,a0:de:0f:9b:a4:02,0,-90
2024-04-05T10:57:29.226000,14:13:0b:44:19:e5,0,-74
2024-04-05T10:57:29.250000,ac:4d:16:61:3c:0e,0,-92
2024-04-05T10:57:29.263000,76:17:c9:bb:66:1f,1,-75
2024-04-05T10:57:29.296000,ff:cb:d1:dc:df:ea,1,-43
2024-04-05T10:57:29.328000,cb:94:54:ed:5d:28,1,-83
2024-04-05T10:57:29.363000,50:0b:cc:8e:9e:c6,1,-95
2024-04-05T10:57:29.543000,76:17:c9:bb:66:1f,1,-85
2024-04-05T10:57:29.599000,ac:4d:16:61:3c:0e,0,-102
2024-04-05T10:57:29.636000,50:0b:cc:8e:9e:c6,1,-98
2024-04-05T10:57:29.684000,fa:bf:6d:fb:05:95,1,-97
2024-04-05T10:57:29.742000,e3:ee:8a:0c:35:8f,1,-99
2024-04-05T10:57:29.768000,a0:de:0f:9b:a4:02,0,-85
2024-04-05T10:57:29.830000,76:17:c9:bb:66:1f,1,-74
2024-04-05T10:57:29.993000,dc:23:4f:a9:9a:46,0,-86
2024-04-05T10:57:30.085000,e8:d2:ed:ce:49:81,1,-56
2024-04-05T10:57:30.113000,76:17:c9:bb:66:1f,1,-85
2024-04-05T10:57:30.153000,ff:cb:d1:dc:df:ea,1,-46
2024-04-05T10:57:30.174000,cb:94:54:ed:5d:28,1,-80
2024-04-05T10:57:30.405000,76:17:c9:bb:66:1f,1,-75
2024-04-05T10:57:30.505000,14:13:0b:44:19:e5,0,-77
2024-04-05T10:57:30.555000,ac:4d:16:61:3c:0e,0,-98
2024-04-05T10:57:30.591000,cb:94:54:ed:5d:28,1,-80
2024-04-05T10:57:30.605000,47:88:cf:f3:ea:d2,1,-93
2024-04-05T10:57:30.685000,76:17:c9:bb:66:1f,1,-84
2024-04-05T10:57:30.705000,ac:4d:16:61:3c:0e,0,-97
2024-04-05T10:57:30.782000,a4:c1:38:e0:67:ae,0,-63
2024-04-05T10:57:30.872000,a0:de:0f:9b:a4:02,0,-83
2024-04-05T10:57:30.974000,76:17:c9:bb:66:1f,1,-75
2024-04-05T10:57:30.998000,dc:23:4f:a9:9a:46,0,-91
2024-04-05T10:57:31.029000,ff:cb:d1:dc:df:ea,1,-51
2024-04-05T10:57:31.050000,cb:94:54:ed:5d:28,1,-80
2024-04-05T10:57:31.068000,50:0b:cc:8e:9e:c6,1,-95
2024-04-05T10:57:31.258000,76:17:c9:bb:66:1f,1,-84
2024-04-05T10:57:31.428000,a0:de:0f:9b:a4:02,0,-85
2024-04-05T10:57:31.441000,cb:94:54:ed:5d:28,1,-82
2024-04-05T10:57:31.545000,76:17:c9:bb:66:1f,1,-75
2024-04-05T10:57:31.687000,fa:bf:6d:fb:05:95,1,-95
2024-04-05T10:57:31.790000,14:13:0b:44:19:e5,0,-75
2024-04-05T10:57:31.834000,76:17:c9:bb:66:1f,1,-76
2024-04-05T10:57:31.861000,cb:94:54:ed:5d:28,1,-82
2024-04-05T10:57:31.883000,ff:cb:d1:dc:df:ea,1,-48
2024-04-05T10:57:31.982000,a0:de:0f:9b:a4:02,0,-84
2024-04-05T10:57:32.005000,dc:23:4f:a9:9a:46,0,-85
2024-04-05T10:57:32.017000,ac:4d:16:61:3c:0e,0,-93
2024-04-05T10:57:32.066000,59:da:70:f0:a7:29,1,-97
2024-04-05T10:57:32.120000,76:17:c9:bb:66:1f,1,-83
2024-04-05T10:57:32.128000,50:0b:cc:8e:9e:c6,1,-97
2024-04-05T10:57:32.227000,5d:65:9e:f4:46:41,1,-96
2024-04-05T10:57:32.287000,cb:94:54:ed:5d:28,1,-81
2024-04-05T10:57:32.410000,76:17:c9:bb:66:1f,1,-75
2024-04-05T10:57:32.483000,ac:4d:16:61:3c:0e,0,-92
2024-04-05T10:57:32.532000,a0:de:0f:9b:a4:02,0,-85
2024-04-05T10:57:32.593000,e8:d2:ed:ce:49:81,1,-53
2024-04-05T10:57:32.638000,ac:4d:16:61:3c:0e,0,-97
2024-04-05T10:57:32.697000,76:17:c9:bb:66:1f,1,-84
2024-04-05T10:57:32.704000,cb:94:54:ed:5d:28,1,-81
2024-04-05T10:57:32.728000,ff:cb:d1:dc:df:ea,1,-51
2024-04-05T10:57:33.016000,dc:23:4f:a9:9a:46,0,-84
2024-04-05T10:57:33.124000,cb:94:54:ed:5d:28,1,-81
2024-04-05T10:57:33.170000,a4:c1:38:e0:67:ae,0,-66
2024-04-05T10:57:33.233000,50:0b:cc:8e:9e:c6,1,-97
2024-04-05T10:57:33.277000,76:17:c9:bb:66:1f,1,-76
2024-04-05T10:57:33.506000,50:0b:cc:8e:9e:c6,1,-95
2024-04-05T10:57:33.546000,cb:94:54:ed:5d:28,1,-82
2024-04-05T10:57:33.565000,76:17:c9:bb:66:1f,1,-84
2024-04-05T10:57:33.586000,ff:cb:d1:dc:df:ea,1,-43
2024-04-05T10:57:33.632000,a0:de:0f:9b:a4:02,0,-84
2024-04-05T10:57:33.776000,50:0b:cc:8e:9e:c6,1,-95
2024-04-05T10:57:33.852000,76:17:c9:bb:66:1f,1,-75
2024-04-05T10:57:33.971000,cb:94:54:ed:5d:28,1,-83
2024-04-05T10:57:34.018000,dc:23:4f:a9:9a:46,0,-85
2024-04-05T10:57:34.135000,76:17:c9:bb:66:1f,1,-84
2024-04-05T10:57:34.186000,a0:de:0f:9b:a4:02,0,-84
2024-04-05T10:57:34.260000,ac:4d:16:61:3c:0e,0,-95
2024-04-05T10:57:34.367000,14:13:0b:44:19:e5,0,-90
2024-04-05T10:57:34.396000,cb:94:54:ed:5d:28,1,-82
2024-04-05T10:57:34.441000,ff:cb:d1:dc:df:ea,1,-46
2024-04-05T10:57:34.707000,76:17:c9:bb:66:1f,1,-84
2024-04-05T10:57:34.815000,cb:94:54:ed:5d:28,1,-82
2024-04-05T10:57:34.885000,50:0b:cc:8e:9e:c6,1,-97
2024-04-05T10:57:34.935000,ac:4d:16:61:3c:0e,0,-100
2024-04-05T10:57:35.028000,dc:23:4f:a9:9a:46,0,-86
2024-04-05T10:57:35.096000,e8:d2:ed:ce:49:81,1,-56
2024-04-05T10:57:35.227000,14:13:0b:44:19:e5,0,-73
2024-04-05T10:57:35.234000,cb:94:54:ed:5d:28,1,-83
2024-04-05T10:57:35.246000,14:13:0b:44:19:e5,0,-76
2024-04-05T10:57:35.266000,ac:4d:16:61:3c:0e,0,-97
2024-04-05T10:57:35.284000,76:17:c9:bb:66:1f,1,-76
2024-04-05T10:57:35.288000,a0:de:0f:9b:a4:02,0,-83
2024-04-05T10:57:35.306000,14:13:0b:44:19:e5,0,-90
2024-04-05T10:57:35.333000,ff:cb:d1:dc:df:ea,1,-51
2024-04-05T10:57:35.343000,14:13:0b:44:19:e5,0,-74
2024-04-05T10:57:35.350000,14:13:0b:44:19:e5,0,-77
2024-04-05T10:57:35.357000,14:13:0b:44:19:e5,0,-89
2024-04-05T10:57:35.377000,14:13:0b:44:19:e5,0,-74
2024-04-05T10:57:35.400000,14:13:0b:44:19:e5,0,-74
2024-04-05T10:57:35.421000,14:13:0b:44:19:e5,0,-76
2024-04-05T10:57:35.443000,14:13:0b:44:19:e5,0,-88
2024-04-05T10:57:35.462000,14:13:0b:44:19:e5,0,-74
2024-04-05T10:57:35.485000,14:13:0b:44:19:e5,0,-75
2024-04-05T10:57:35.531000,14:13:0b:44:19:e5,0,-89
2024-04-05T10:57:35.550000,14:13:0b:44:19:e5,0,-74
2024-04-05T10:57:35.563000,a4:c1:38:e0:67:ae,0,-62
2024-04-05T10:57:35.570000,14:13:0b:44:19:e5,0,-77
2024-04-05T10:57:35.591000,14:13:0b:44:19:e5,0,-87
2024-04-05T10:57:35.610000,14:13:0b:44:19:e5,0,-74
2024-04-05T10:57:35.630000,14:13:0b:44:19:e5,0,-75
2024-04-05T10:57:35.651000,14:13:0b:44:19:e5,0,-88
2024-04-05T10:57:35.670000,cb:94:54:ed:5d:28,1,-82
2024-04-05T10:57:35.682000,14:13:0b:44:19:e5,0,-73
2024-04-05T10:57:35.701000,14:13:0b:44:19:e5,0,-73
2024-04-05T10:57:35.724000,14:13:0b:44:19:e5,0,-76
2024-04-05T10:57:35.772000,14:13:0b:44:19:e5,0,-87
2024-04-05T10:57:35.796000,14:13:0b:44:19:e5,0,-73
2024-04-05T10:57:35.838000,a0:de:0f:9b:a4:02,0,-85
2024-04-05T10:57:35.848000,14:13:0b:44:19:e5,0,-77
2024-04-05T10:57:35.864000,76:17:c9:bb:66:1f,1,-75
2024-04-05T10:57:35.869000,14:13:0b:44:19:e5,0,-88
2024-04-05T10:57:35.884000,14:13:0b:44:19:e5,0,-73
2024-04-05T10:57:35.907000,14:13:0b:44:19:e5,0,-77
2024-04-05T10:57:35.948000,14:13:0b:44:19:e5,0,-74
2024-04-05T10:57:35.967000,14:13:0b:44:19:e5,0,-76
2024-04-05T10:57:36.014000,14:13:0b:44:19:e5,0,-89
2024-04-05T10:57:36.033000,14:13:0b:44:19:e5,0,-74
2024-04-05T10:57:36.054000,14:13:0b:44:19:e5,0,-75
2024-04-05T10:57:36.076000,14:13:0b:44:19:e5,0,-88
2024-04-05T10:57:36.083000,cb:94:54:ed:5d:28,1,-80
2024-04-05T10:57:36.113000,14:13:0b:44:19:e5,0,-75
2024-04-05T10:57:36.134000,14:13:0b:44:19:e5,0,-76
2024-04-05T10:57:36.150000,76:17:c9:bb:66:1f,1,-83
2024-04-05T10:57:36.158000,ff:cb:d1:dc:df:ea,1,-48
2024-04-05T10:57:36.178000,14:13:0b:44:19:e5,0,-89
2024-04-05T10:57:36.192000,14:13:0b:44:19:e5,0,-74
2024-04-05T10:57:36.205000,14:13:0b:44:19:e5,0,-75
2024-04-05T10:57:36.228000,14:13:0b:44:19:e5,0,-87
2024-04-05T10:57:36.247000,14:13:0b:44:19:e5,0,-74
2024-04-05T10:57:36.310000,14:13:0b:44:19:e5,0,-89
2024-04-05T10:57:36.351000,14:13:0b:44:19:e5,0,-77
2024-04-05T10:57:36.376000,14:13:0b:44:19:e5,0,-88
2024-04-05T10:57:36.385000,a0:de:0f:9b:a4:02,0,-89
2024-04-05T10:57:36.398000,14:13:0b:44:19:e5,0,-73
2024-04-05T10:57:36.421000,14:13:0b:44:19:e5,0,-74
2024-04-05T10:57:36.428000,76:17:c9:bb:66:1f,1,-76
2024-04-05T10:57:36.441000,14:13:0b:44:19:e5,0,-76
2024-04-05T10:57:36.466000,14:13:0b:44:19:e5,0,-90
2024-04-05T10:57:36.490000,14:13:0b:44:19:e5,0,-89
2024-04-05T10:57:36.505000,cb:94:54:ed:5d:28,1,-81
2024-04-05T10:57:36.530000,14:13:0b:44:19:e5,0,-75
2024-04-05T10:57:36.554000,14:13:0b:44:19:e5,0,-91
2024-04-05T10:57:36.574000,14:13:0b:44:19:e5,0,-73
2024-04-05T10:57:36.596000,14:13:0b:44:19:e5,0,-76
2024-04-05T10:57:36.617000,14:13:0b:44:19:e5,0,-90
2024-04-05T10:57:36.638000,14:13:0b:44:19:e5,0,-74
2024-04-05T10:57:36.657000,14:13:0b:44:19:e5,0,-77
2024-04-05T10:57:36.698000,14:13:0b:44:19:e5,0,-75
2024-04-05T10:57:36.722000,14:13:0b:44:19:e5,0,-75
2024-04-05T10:57:36.735000,ac:4d:16:61:3c:0e,0,-95
2024-04-05T10:57:36.742000,14:13:0b:44:19:e5,0,-77
2024-04-05T10:57:36.765000,14:13:0b:44:19:e5,0,-89
2024-04-05T10:57:36.781000,69:75:dd:8d:b1:a6,1,-97
2024-04-05T10:57:36.790000,14:13:0b:44:19:e5,0,-73
2024-04-05T10:57:36.806000,50:0b:cc:8e:9e:c6,1,-95
2024-04-05T10:57:36.830000,14:13:0b:44:19:e5,0,-77
2024-04-05T10:57:36.851000,14:13:0b:44:19:e5,0,-91
2024-04-05T10:57:36.874000,14:13:0b:44:19:e5,0,-75
2024-04-05T10:57:36.896000,14:13:0b:44:19:e5,0,-75
2024-04-05T10:57:36.924000,cb:94:54:ed:5d:28,1,-80
2024-04-05T10:57:36.942000,a0:de:0f:9b:a4:02,0,-86
2024-04-05T10:57:36.962000,14:13:0b:44:19:e5,0,-73
2024-04-05T10:57:36.981000,14:13:0b:44:19:e5,0,-75
2024-04-05T10:57:36.995000,76:17:c9:bb:66:1f,1,-76
2024-04-05T10:57:37.006000,14:13:0b:44:19:e5,0,-89
2024-04-05T10:57:37.016000,ff:cb:d1:dc:df:ea,1,-49
2024-04-05T10:57:37.027000,14:13:0b:44:19:e5,0,-75
2024-04-05T10:57:37.037000,dc:23:4f:a9:9a:46,0,-84
2024-04-05T10:57:37.050000,14:13:0b:44:19:e5,0,-75
2024-04-05T10:57:37.067000,14:13:0b:44:19:e5,0,-89
2024-04-05T10:57:37.092000,14:13:0b:44:19:e5,0,-88
2024-04-05T10:57:37.116000,14:13:0b:44:19:e5,0,-73
2024-04-05T10:57:37.135000,14:13:0b:44:19:e5,0,-76
2024-04-05T10:57:37.178000,14:13:0b:44:19:e5,0,-75
2024-04-05T10:57:37.215000,ac:4d:16:61:3c:0e,0,-95
2024-04-05T10:57:37.223000,14:13:0b:44:19:e5,0,-76
2024-04-05T10:57:37.247000,14:13:0b:44:19:e5,0,-89
2024-04-05T10:57:37.267000,14:13:0b:44:19:e5,0,-74
2024-04-05T10:57:37.287000,14:13:0b:44:19:e5,0,-76
2024-04-05T10:57:37.328000,14:13:0b:44:19:e5,0,-74
2024-04-05T10:57:37.347000,14:13:0b:44:19:e5,0,-77
2024-04-05T10:57:37.363000,cb:94:54:ed:5d:28,1,-82
2024-04-05T10:57:37.390000,14:13:0b:44:19:e5,0,-89
2024-04-05T10:57:37.413000,14:13:0b:44:19:e5,0,-74
2024-04-05T10:57:37.434000,14:13:0b:44:19:e5,0,-75
2024-04-05T10:57:37.484000,14:13:0b:44:19:e5,0,-90
2024-04-05T10:57:37.493000,a0:de:0f:9b:a4:02,0,-93
2024-04-05T10:57:37.503000,14:13:0b:44:19:e5,0,-73
2024-04-05T10:57:37.524000,14:13:0b:44:19:e5,0,-75
2024-04-05T10:57:37.571000,14:13:0b:44:19:e5,0,-90
2024-04-05T10:57:37.593000,14:13:0b:44:19:e5,0,-74
2024-04-05T10:57:37.607000,e8:d2:ed:ce:49:81,1,-52
2024-04-05T10:57:37.617000,14:13:0b:44:19:e5,0,-76
2024-04-05T10:57:37.640000,14:13:0b:44:19:e5,0,-77
2024-04-05T10:57:37.664000,14:13:0b:44:19:e5,0,-89
2024-04-05T10:57:37.687000,14:13:0b:44:19:e5,0,-73
2024-04-05T10:57:37.707000,14:13:0b:44:19:e5,0,-75
2024-04-05T10:57:37.731000,14:13:0b:44:19:e5,0,-76
2024-04-05T10:57:37.753000,14:13:0b:44:19:e5,0,-88
2024-04-05T10:57:37.776000,14:13:0b:44:19:e5,0,-73
2024-04-05T10:57:37.782000,cb:94:54:ed:5d:28,1,-82
2024-04-05T10:57:37.796000,14:13:0b:44:19:e5,0,-76
2024-04-05T10:57:37.821000,14:13:0b:44:19:e5,0,-77
2024-04-05T10:57:37.828000,a4:c1:38:e0:67:ae,0,-66
2024-04-05T10:57:37.845000,14:13:0b:44:19:e5,0,-90
2024-04-05T10:57:37.863000,76:17:c9:bb:66:1f,1,-76
2024-04-05T10:57:37.866000,14:13:0b:44:19:e5,0,-74
2024-04-05T10:57:37.875000,ff:cb:d1:dc:df:ea,1,-42
2024-04-05T10:57:37.891000,14:13:0b:44:19:e5,0,-74
2024-04-05T10:57:37.910000,14:13:0b:44:19:e5,0,-75
2024-04-05T10:57:37.932000,14:13:0b:44:19:e5,0,-90
2024-04-05T10:57:37.954000,14:13:0b:44:19:e5,0,-74
2024-04-05T10:57:37.977000,14:13:0b:44:19:e5,0,-77
2024-04-05T10:57:38.003000,ac:4d:16:61:3c:0e,0,-94
2024-04-05T10:57:38.022000,14:13:0b:44:19:e5,0,-89
2024-04-05T10:57:38.065000,14:13:0b:44:19:e5,0,-76
2024-04-05T10:57:38.087000,14:13:0b:44:19:e5,0,-88
2024-04-05T10:57:38.111000,14:13:0b:44:19:e5,0,-89
2024-04-05T10:57:38.136000,14:13:0b:44:19:e5,0,-74
2024-04-05T10:57:38.148000,76:17:c9:bb:66:1f,1,-75
2024-04-05T10:57:38.162000,ac:4d:16:61:3c:0e,0,-101
2024-04-05T10:57:38.197000,cb:94:54:ed:5d:28,1,-81
2024-04-05T10:57:38.206000,14:13:0b:44:19:e5,0,-87
2024-04-05T10:57:38.224000,14:13:0b:44:19:e5,0,-73
2024-04-05T10:57:38.244000,14:13:0b:44:19:e5,0,-75
2024-04-05T10:57:38.265000,14:13:0b:44:19:e5,0,-90
2024-04-05T10:57:38.288000,14:13:0b:44:19:e5,0,-75
2024-04-05T10:57:38.308000,14:13:0b:44:19:e5,0,-75
2024-04-05T10:57:38.330000,14:13:0b:44:19:e5,0,-76
2024-04-05T10:57:38.354000,14:13:0b:44:19:e5,0,-88
2024-04-05T10:57:38.378000,14:13:0b:44:19:e5,0,-74
2024-04-05T10:57:38.421000,14:13:0b:44:19:e5,0,-75
2024-04-05T10:57:38.434000,76:17:c9:bb:66:1f,1,-76
2024-04-05T10:57:38.442000,14:13:0b:44:19:e5,0,-88
2024-04-05T10:57:38.464000,14:13:0b:44:19:e5,0,-74
2024-04-05T10:57:38.480000,ac:4d:16:61:3c:0e,0,-98
2024-04-05T10:57:38.487000,14:13:0b:44:19:e5,0,-75
2024-04-05T10:57:38.509000,14:13:0b:44:19:e5,0,-90
2024-04-05T10:57:38.530000,14:13:0b:44:19:e5,0,-89
2024-04-05T10:57:38.553000,14:13:0b:44:19:e5,0,-74
2024-04-05T10:57:38.573000,14:13:0b:44:19:e5,0,-75
2024-04-05T10:57:38.591000,a0:de:0f:9b:a4:02,0,-86
2024-04-05T10:57:38.601000,14:13:0b:44:19:e5,0,-89
2024-04-05T10:57:38.620000,14:13:0b:44:19:e5,0,-91
2024-04-05T10:57:38.628000,cb:94:54:ed:5d:28,1,-83
2024-04-05T10:57:38.642000,14:13:0b:44:19:e5,0,-74
2024-04-05T10:57:38.661000,14:13:0b:44:19:e5,0,-75
2024-04-05T10:57:38.682000,14:13:0b:44:19:e5,0,-89
2024-04-05T10:57:38.704000,14:13:0b:44:19:e5,0,-73
2024-04-05T10:57:38.727000,14:13:0b:44:19:e5,0,-75
2024-04-05T10:57:38.751000,14:13:0b:44:19:e5,0,-75
2024-04-05T10:57:38.772000,14:13:0b:44:19:e5,0,-89
2024-04-05T10:57:38.794000,14:13:0b:44:19:e5,0,-74
2024-04-05T10:57:38.817000,14:13:0b:44:19:e5,0,-76
2024-04-05T10:57:38.840000,14:13:0b:44:19:e5,0,-77
2024-04-05T10:57:38.865000,14:13:0b:44:19:e5,0,-90
2024-04-05T10:57:38.890000,14:13:0b:44:19:e5,0,-88
2024-04-05T10:57:38.911000,14:13:0b:44:19:e5,0,-74
2024-04-05T10:57:38.930000,14:13:0b:44:19:e5,0,-77
2024-04-05T10:57:38.951000,14:13:0b:44:19:e5,0,-90
2024-04-05T10:57:38.974000,14:13:0b:44:19:e5,0,-74
2024-04-05T10:57:38.996000,14:13:0b:44:19:e5,0,-75
2024-04-05T10:57:39.003000,76:17:c9:bb:66:1f,1,-78
2024-04-05T10:57:39.020000,14:13:0b:44:19:e5,0,-76
2024-04-05T10:57:39.042000,dc:23:4f:a9:9a:46,0,-83
2024-04-05T10:57:39.056000,14:13:0b:44:19:e5,0,-90
2024-04-05T10:57:39.064000,cb:94:54:ed:5d:28,1,-84
2024-04-05T10:57:39.074000,14:13:0b:44:19:e5,0,-74
2024-04-05T10:57:39.110000,14:13:0b:44:19:e5,0,-76
2024-04-05T10:57:39.131000,14:13:0b:44:19:e5,0,-88
2024-04-05T10:57:39.152000,14:13:0b:44:19:e5,0,-74
2024-04-05T10:57:39.175000,14:13:0b:44:19:e5,0,-75
2024-04-05T10:57:39.224000,14:13:0b:44:19:e5,0,-87
2024-04-05T10:57:39.246000,14:13:0b:44:19:e5,0,-74
2024-04-05T10:57:39.265000,14:13:0b:44:19:e5,0,-76
2024-04-05T10:57:39.285000,ac:4d:16:61:3c:0e,0,-104
2024-04-05T10:57:39.292000,76:17:c9:bb:66:1f,1,-83
2024-04-05T10:57:39.310000,14:13:0b:44:19:e5,0,-88
2024-04-05T10:57:39.333000,14:13:0b:44:19:e5,0,-73
2024-04-05T10:57:39.354000,14:13:0b:44:19:e5,0,-75
2024-04-05T10:57:39.375000,14:13:0b:44:19:e5,0,-90
2024-04-05T10:57:39.394000,14:13:0b:44:19:e5,0,-73
2024-04-05T10:57:39.417000,14:13:0b:44:19:e5,0,-76
2024-04-05T10:57:39.439000,14:13:0b:44:19:e5,0,-91
2024-04-05T10:57:39.460000,14:13:0b:44:19:e5,0,-91
2024-04-05T10:57:39.468000,cb:94:54:ed:5d:28,1,-82
2024-04-05T10:57:39.484000,14:13:0b:44:19:e5,0,-73
2024-04-05T10:57:39.504000,14:13:0b:44:19:e5,0,-78
2024-04-05T10:57:39.525000,14:13:0b:44:19:e5,0,-92
2024-04-05T10:57:39.544000,14:13:0b:44:19:e5,0,-73
2024-04-05T10:57:39.567000,14:13:0b:44:19:e5,0,-77
2024-04-05T10:57:39.581000,76:17:c9:bb:66:1f,1,-75
2024-04-05T10:57:39.590000,14:13:0b:44:19:e5,0,-75
2024-04-05T10:57:39.606000,ff:cb:d1:dc:df:ea,1,-51
2024-04-05T10:57:39.616000,14:13:0b:44:19:e5,0,-89
2024-04-05T10:57:39.632000,14:13:0b:44:19:e5,0,-74
2024-04-05T10:57:39.654000,14:13:0b:44:19:e5,0,-77
2024-04-05T10:57:39.675000,14:13:0b:44:19:e5,0,-89
2024-04-05T10:57:39.692000,a0:de:0f:9b:a4:02,0,-81
2024-04-05T10:57:39.701000,14:13:0b:44:19:e5,0,-73
2024-04-05T10:57:39.764000,14:13:0b:44:19:e5,0,-89
2024-04-05T10:57:39.786000,14:13:0b:44:19:e5,0,-74
2024-04-05T10:57:39.806000,14:13:0b:44:19:e5,0,-78
2024-04-05T10:57:39.827000,14:13:0b:44:19:e5,0,-91
2024-04-05T10:57:39.847000,14:13:0b:44:19:e5,0,-74
2024-04-05T10:57:39.864000,76:17:c9:bb:66:1f,1,-85
2024-04-05T10:57:39.872000,14:13:0b:44:19:e5,0,-74
2024-04-05T10:57:39.891000,14:13:0b:44:19:e5,0,-77
2024-04-05T10:57:39.914000,14:13:0b:44:19:e5,0,-89
2024-04-05T10:57:39.933000,14:13:0b:44:19:e5,0,-74
2024-04-05T10:57:39.945000,ac:4d:16:61:3c:0e,0,-101
2024-04-05T10:57:39.953000,14:13:0b:44:19:e5,0,-77
2024-04-05T10:57:39.963000,a4:c1:38:e0:67:ae,0,-62
2024-04-05T10:57:39.974000,14:13:0b:44:19:e5,0,-94
2024-04-05T10:57:39.993000,14:13:0b:44:19:e5,0,-72
2024-04-05T10:57:40.014000,14:13:0b:44:19:e5,0,-77
2024-04-05T10:57:40.038000,14:13:0b:44:19:e5,0,-90
2024-04-05T10:57:40.045000,dc:23:4f:a9:9a:46,0,-85
2024-04-05T10:57:40.058000,14:13:0b:44:19:e5,0,-75
2024-04-05T10:57:40.081000,14:13:0b:44:19:e5,0,-74
2024-04-05T10:57:40.103000,14:13:0b:44:19:e5,0,-76
2024-04-05T10:57:40.111000,e8:d2:ed:ce:49:81,1,-56
2024-04-05T10:57:40.127000,14:13:0b:44:19:e5,0,-86
2024-04-05T10:57:40.151000,14:13:0b:44:19:e5,0,-89
2024-04-05T10:57:40.158000,76:17:c9:bb:66:1f,1,-76
2024-04-05T10:57:40.171000,14:13:0b:44:19:e5,0,-75
2024-04-05T10:57:40.194000,14:13:0b:44:19:e5,0,-75
2024-04-05T10:57:40.219000,14:13:0b:44:19:e5,0,-90
2024-04-05T10:57:40.246000,14:13:0b:44:19:e5,0,-88
2024-04-05T10:57:40.253000,a0:de:0f:9b:a4:02,0,-89
2024-04-05T10:57:40.314000,cb:94:54:ed:5d:28,1,-82
2024-04-05T10:57:40.434000,76:17:c9:bb:66:1f,1,-76
2024-04-05T10:57:40.446000,ff:cb:d1:dc:df:ea,1,-48
2024-04-05T10:57:40.721000,76:17:c9:bb:66:1f,1,-75
2024-04-05T10:57:41.053000,dc:23:4f:a9:9a:46,0,-87
2024-04-05T10:57:41.153000,cb:94:54:ed:5d:28,1,-80
2024-04-05T10:57:41.211000,ac:4d:16:61:3c:0e,0,-97
2024-04-05T10:57:41.343000,a0:de:0f:9b:a4:02,0,-83
2024-04-05T10:57:41.532000,14:13:0b:44:19:e5,0,-93
2024-04-05T10:57:41.573000,cb:94:54:ed:5d:28,1,-80
2024-04-05T10:57:41.742000,50:0b:cc:8e:9e:c6,1,-103
2024-04-05T10:57:41.893000,a0:de:0f:9b:a4:02,0,-83
2024-04-05T10:57:41.975000,45:99:46:38:8f:31,1,-79
2024-04-05T10:57:41.995000,cb:94:54:ed:5d:28,1,-79
2024-04-05T10:57:42.011000,a4:c1:38:e0:67:ae,0,-63
2024-04-05T10:57:42.053000,dc:23:4f:a9:9a:46,0,-90
2024-04-05T10:57:42.156000,ff:cb:d1:dc:df:ea,1,-46
2024-04-05T10:57:42.260000,45:99:46:38:8f:31,1,-81
2024-04-05T10:57:42.420000,cb:94:54:ed:5d:28,1,-80
2024-04-05T10:57:42.445000,a0:de:0f:9b:a4:02,0,-91
2024-04-05T10:57:42.548000,45:99:46:38:8f:31,1,-76
2024-04-05T10:57:42.594000,00:e9:3a:1c:8f:d2,0,-98
2024-04-05T10:57:42.612000,e8:d2:ed:ce:49:81,1,-53
2024-04-05T10:57:42.693000,00:e9:3a:1c:8f:d2,0,-96
2024-04-05T10:57:42.818000,14:13:0b:44:19:e5,0,-75
2024-04-05T10:57:42.834000,45:99:46:38:8f:31,1,-88
2024-04-05T10:57:42.843000,cb:94:54:ed:5d:28,1,-83
2024-04-05T10:57:42.994000,a0:de:0f:9b:a4:02,0,-83
2024-04-05T10:57:43.061000,dc:23:4f:a9:9a:46,0,-86
2024-04-05T10:57:43.120000,45:99:46:38:8f:31,1,-74
2024-04-05T10:57:43.271000,cb:94:54:ed:5d:28,1,-85
2024-04-05T10:57:43.406000,45:99:46:38:8f:31,1,-81
2024-04-05T10:57:43.455000,ac:4d:16:61:3c:0e,0,-98
2024-04-05T10:57:43.696000,cb:94:54:ed:5d:28,1,-81
2024-04-05T10:57:43.706000,45:99:46:38:8f:31,1,-73
2024-04-05T10:57:43.878000,ff:cb:d1:dc:df:ea,1,-46
2024-04-05T10:57:43.965000,ac:4d:16:61:3c:0e,0,-99
2024-04-05T10:57:43.980000,45:99:46:38:8f:31,1,-74
2024-04-05T10:57:44.063000,dc:23:4f:a9:9a:46,0,-85
2024-04-05T10:57:44.103000,14:13:0b:44:19:e5,0,-73
2024-04-05T10:57:44.110000,a0:de:0f:9b:a4:02,0,-80
2024-04-05T10:57:44.119000,cb:94:54:ed:5d:28,1,-86
2024-04-05T10:57:44.341000,a4:c1:38:e0:67:ae,0,-63
2024-04-05T10:57:44.487000,50:0b:cc:8e:9e:c6,1,-96
2024-04-05T10:57:44.560000,45:99:46:38:8f:31,1,-75
2024-04-05T10:57:44.658000,a0:de:0f:9b:a4:02,0,-85
2024-04-05T10:57:44.731000,ff:cb:d1:dc:df:ea,1,-46
2024-04-05T10:57:44.840000,45:99:46:38:8f:31,1,-84
2024-04-05T10:57:44.963000,cb:94:54:ed:5d:28,1,-80
2024-04-05T10:57:45.075000,dc:23:4f:a9:9a:46,0,-85
2024-04-05T10:57:45.112000,e8:d2:ed:ce:49:81,1,-56
2024-04-05T10:57:45.125000,45:99:46:38:8f:31,1,-76
2024-04-05T10:57:45.212000,a0:de:0f:9b:a4:02,0,-81
2024-04-05T10:57:45.388000,cb:94:54:ed:5d:28,1,-82
2024-04-05T10:57:45.397000,14:13:0b:44:19:e5,0,-75
2024-04-05T10:57:45.420000,45:99:46:38:8f:31,1,-87
2024-04-05T10:57:45.588000,ff:cb:d1:dc:df:ea,1,-43
2024-04-05T10:57:45.695000,45:99:46:38:8f:31,1,-76
2024-04-05T10:57:45.765000,a0:de:0f:9b:a4:02,0,-86
2024-04-05T10:57:45.813000,cb:94:54:ed:5d:28,1,-81
2024-04-05T10:57:45.980000,45:99:46:38:8f:31,1,-79
2024-04-05T10:57:46.073000,dc:23:4f:a9:9a:46,0,-83
2024-04-05T10:57:46.272000,45:99:46:38:8f:31,1,-74
2024-04-05T10:57:46.448000,ff:cb:d1:dc:df:ea,1,-46
2024-04-05T10:57:46.555000,45:99:46:38:8f:31,1,-88
2024-04-05T10:57:46.631000,a4:c1:38:e0:67:ae,0,-60
2024-04-05T10:57:46.667000,cb:94:54:ed:5d:28,1,-79
2024-04-05T10:57:46.678000,14:13:0b:44:19:e5,0,-75
2024-04-05T10:57:46.843000,45:99:46:38:8f:31,1,-73
2024-04-05T10:57:46.867000,a0:de:0f:9b:a4:02,0,-83
2024-04-05T10:57:47.085000,dc:23:4f:a9:9a:46,0,-83
2024-04-05T10:57:47.125000,45:99:46:38:8f:31,1,-81
2024-04-05T10:57:47.305000,ff:cb:d1:dc:df:ea,1,-51
2024-04-05T10:57:47.418000,45:99:46:38:8f:31,1,-77
2024-04-05T10:57:47.511000,cb:94:54:ed:5d:28,1,-82
2024-04-05T10:57:47.622000,e8:d2:ed:ce:49:81,1,-52
2024-04-05T10:57:47.703000,45:99:46:38:8f:31,1,-75
2024-04-05T10:57:47.779000,50:0b:cc:8e:9e:c6,1,-100
2024-04-05T10:57:47.937000,cb:94:54:ed:5d:28,1,-77
2024-04-05T10:57:47.967000,a0:de:0f:9b:a4:02,0,-91
2024-04-05T10:57:47.994000,45:99:46:38:8f:31,1,-76
2024-04-05T10:57:48.085000,dc:23:4f:a9:9a:46,0,-85
2024-04-05T10:57:48.162000,ff:cb:d1:dc:df:ea,1,-43
2024-04-05T10:57:48.277000,45:99:46:38:8f:31,1,-74
2024-04-05T10:57:48.357000,cb:94:54:ed:5d:28,1,-79
2024-04-05T10:57:48.521000,a0:de:0f:9b:a4:02,0,-84
2024-04-05T10:57:48.776000,cb:94:54:ed:5d:28,1,-80
2024-04-05T10:57:48.848000,45:99:46:38:8f:31,1,-74
2024-04-05T10:57:49.017000,a4:c1:38:e0:67:ae,0,-64
2024-04-05T10:57:49.024000,ff:cb:d1:dc:df:ea,1,-46
2024-04-05T10:57:49.068000,a0:de:0f:9b:a4:02,0,-87
2024-04-05T10:57:49.091000,dc:23:4f:a9:9a:46,0,-83
2024-04-05T10:57:49.130000,45:99:46:38:8f:31,1,-88
2024-04-05T10:57:49.203000,cb:94:54:ed:5d:28,1,-82
2024-04-05T10:57:49.257000,14:13:0b:44:19:e5,0,-76
2024-04-05T10:57:49.615000,a0:de:0f:9b:a4:02,0,-90
2024-04-05T10:57:49.626000,cb:94:54:ed:5d:28,1,-81
2024-04-05T10:57:49.706000,45:99:46:38:8f:31,1,-81
2024-04-05T10:57:49.881000,ff:cb:d1:dc:df:ea,1,-50
2024-04-05T10:57:50.049000,cb:94:54:ed:5d:28,1,-81
2024-04-05T10:57:50.124000,e8:d2:ed:ce:49:81,1,-55
2024-04-05T10:57:50.163000,a0:de:0f:9b:a4:02,0,-82
2024-04-05T10:57:50.280000,45:99:46:38:8f:31,1,-77
2024-04-05T10:57:50.476000,cb:94:54:ed:5d:28,1,-82
2024-04-05T10:57:50.547000,14:13:0b:44:19:e5,0,-82
2024-04-05T10:57:50.568000,45:99:46:38:8f:31,1,-75
2024-04-05T10:57:50.717000,a0:de:0f:9b:a4:02,0,-86
2024-04-05T10:57:50.735000,ff:cb:d1:dc:df:ea,1,-45
2024-04-05T10:57:50.785000,50:0b:cc:8e:9e:c6,1,-98
2024-04-05T10:57:50.853000,45:99:46:38:8f:31,1,-77
2024-04-05T10:57:50.895000,cb:94:54:ed:5d:28,1,-83
2024-04-05T10:57:51.092000,dc:23:4f:a9:9a:46,0,-90
2024-04-05T10:57:51.140000,45:99:46:38:8f:31,1,-84
2024-04-05T10:57:51.267000,a0:de:0f:9b:a4:02,0,-87
2024-04-05T10:57:51.311000,a4:c1:38:e0:67:ae,0,-62
2024-04-05T10:57:51.320000,cb:94:54:ed:5d:28,1,-84
2024-04-05T10:57:51.426000,45:99:46:38:8f:31,1,-77
2024-04-05T10:57:51.593000,ff:cb:d1:dc:df:ea,1,-48
2024-04-05T10:57:51.742000,cb:94:54:ed:5d:28,1,-82
2024-04-05T10:57:51.814000,a0:de:0f:9b:a4:02,0,-82
2024-04-05T10:57:51.832000,14:13:0b:44:19:e5,0,-89
2024-04-05T10:57:51.891000,50:0b:cc:8e:9e:c6,1,-98
2024-04-05T10:57:51.988000,45:99:46:38:8f:31,1,-83
2024-04-05T10:57:52.096000,dc:23:4f:a9:9a:46,0,-86
2024-04-05T10:57:52.132000,fd:21:dd:ef:db:18,1,-95
2024-04-05T10:57:52.161000,cb:94:54:ed:5d:28,1,-82
2024-04-05T10:57:52.170000,50:0b:cc:8e:9e:c6,1,-94
2024-04-05T10:57:52.275000,45:99:46:38:8f:31,1,-75
2024-04-05T10:57:52.451000,ff:cb:d1:dc:df:ea,1,-42
2024-04-05T10:57:52.563000,45:99:46:38:8f:31,1,-76
2024-04-05T10:57:52.582000,cb:94:54:ed:5d:28,1,-82
2024-04-05T10:57:52.631000,e8:d2:ed:ce:49:81,1,-52
2024-04-05T10:57:52.851000,45:99:46:38:8f:31,1,-83
2024-04-05T10:57:52.919000,a0:de:0f:9b:a4:02,0,-89
2024-04-05T10:57:52.930000,a0:de:0f:9b:a4:02,0,-83
2024-04-05T10:57:53.003000,50:0b:cc:8e:9e:c6,1,-95
2024-04-05T10:57:53.099000,dc:23:4f:a9:9a:46,0,-85
2024-04-05T10:57:53.131000,dc:23:4f:a9:9a:46,0,-89
2024-04-05T10:57:53.152000,14:13:0b:44:19:e5,0,-88
2024-04-05T10:57:53.165000,45:99:46:38:8f:31,1,-76
2024-04-05T10:57:53.276000,50:0b:cc:8e:9e:c6,1,-95
2024-04-05T10:57:53.313000,ff:cb:d1:dc:df:ea,1,-46
2024-04-05T10:57:53.424000,cb:94:54:ed:5d:28,1,-82
2024-04-05T10:57:53.453000,45:99:46:38:8f:31,1,-82
2024-04-05T10:57:53.472000,a0:de:0f:9b:a4:02,0,-86
2024-04-05T10:57:53.522000,a4:c1:38:e0:67:ae,0,-63
2024-04-05T10:57:53.709000,45:99:46:38:8f:31,1,-75
2024-04-05T10:57:53.717000,45:99:46:38:8f:31,1,-75
2024-04-05T10:57:53.845000,cb:94:54:ed:5d:28,1,-81
2024-04-05T10:57:53.994000,45:99:46:38:8f:31,1,-83
2024-04-05T10:57:54.023000,a0:de:0f:9b:a4:02,0,-91
2024-04-05T10:57:54.141000,fd:21:dd:ef:db:18,1,-95
2024-04-05T10:57:54.174000,ff:cb:d1:dc:df:ea,1,-51
2024-04-05T10:57:54.267000,cb:94:54:ed:5d:28,1,-83
2024-04-05T10:57:54.283000,45:99:46:38:8f:31,1,-75
2024-04-05T10:57:54.568000,45:99:46:38:8f:31,1,-82
2024-04-05T10:57:54.578000,a0:de:0f:9b:a4:02,0,-82
2024-04-05T10:57:54.693000,cb:94:54:ed:5d:28,1,-81
2024-04-05T10:57:54.855000,45:99:46:38:8f:31,1,-75
2024-04-05T10:57:55.029000,ff:cb:d1:dc:df:ea,1,-45
2024-04-05T10:57:55.111000,cb:94:54:ed:5d:28,1,-81
2024-04-05T10:57:55.128000,dc:23:4f:a9:9a:46,0,-89
2024-04-05T10:57:55.154000,a0:de:0f:9b:a4:02,0,-86
2024-04-05T10:57:55.171000,e8:d2:ed:ce:49:81,1,-55
2024-04-05T10:57:55.187000,45:99:46:38:8f:31,1,-74
2024-04-05T10:57:55.253000,14:13:0b:44:19:e5,0,-86
2024-04-05T10:57:55.275000,14:13:0b:44:19:e5,0,-88
2024-04-05T10:57:55.294000,14:13:0b:44:19:e5,0,-87
2024-04-05T10:57:55.315000,14:13:0b:44:19:e5,0,-87
2024-04-05T10:57:55.361000,14:13:0b:44:19:e5,0,-90
2024-04-05T10:57:55.384000,14:13:0b:44:19:e5,0,-87
2024-04-05T10:57:55.403000,14:13:0b:44:19:e5,0,-90
2024-04-05T10:57:55.428000,14:13:0b:44:19:e5,0,-96
2024-04-05T10:57:55.452000,14:13:0b:44:19:e5,0,-95
2024-04-05T10:57:55.472000,14:13:0b:44:19:e5,0,-92
2024-04-05T10:57:55.493000,14:13:0b:44:19:e5,0,-95
2024-04-05T10:57:55.534000,cb:94:54:ed:5d:28,1,-81
2024-04-05T10:57:55.544000,14:13:0b:44:19:e5,0,-92
2024-04-05T10:57:55.561000,14:13:0b:44:19:e5,0,-91
2024-04-05T10:57:55.583000,14:13:0b:44:19:e5,0,-91
2024-04-05T10:57:55.606000,14:13:0b:44:19:e5,0,-88
2024-04-05T10:57:55.625000,14:13:0b:44:19:e5,0,-87
2024-04-05T10:57:55.661000,a4:c1:38:e0:67:ae,0,-61
2024-04-05T10:57:55.672000,a0:de:0f:9b:a4:02,0,-87
2024-04-05T10:57:55.694000,14:13:0b:44:19:e5,0,-86
2024-04-05T10:57:55.711000,45:99:46:38:8f:31,1,-76
2024-04-05T10:57:55.715000,14:13:0b:44:19:e5,0,-87
2024-04-05T10:57:55.734000,14:13:0b:44:19:e5,0,-85
2024-04-05T10:57:55.757000,14:13:0b:44:19:e5,0,-86
2024-04-05T10:57:55.782000,14:13:0b:44:19:e5,0,-89
2024-04-05T10:57:55.828000,14:13:0b:44:19:e5,0,-93
2024-04-05T10:57:55.873000,14:13:0b:44:19:e5,0,-88
2024-04-05T10:57:55.894000,14:13:0b:44:19:e5,0,-81
2024-04-05T10:57:55.915000,14:13:0b:44:19:e5,0,-85
2024-04-05T10:57:55.938000,14:13:0b:44:19:e5,0,-86
2024-04-05T10:57:55.952000,cb:94:54:ed:5d:28,1,-82
2024-04-05T10:57:55.961000,14:13:0b:44:19:e5,0,-83
2024-04-05T10:57:55.978000,14:13:0b:44:19:e5,0,-83
2024-04-05T10:57:56.024000,14:13:0b:44:19:e5,0,-90
2024-04-05T10:57:56.047000,14:13:0b:44:19:e5,0,-86
2024-04-05T10:57:56.072000,14:13:0b:44:19:e5,0,-85
2024-04-05T10:57:56.093000,14:13:0b:44:19:e5,0,-89
2024-04-05T10:57:56.123000,59:da:70:f0:a7:29,1,-95
2024-04-05T10:57:56.137000,14:13:0b:44:19:e5,0,-94
2024-04-05T10:57:56.157000,14:13:0b:44:19:e5,0,-79
2024-04-05T10:57:56.199000,14:13:0b:44:19:e5,0,-84
2024-04-05T10:57:56.224000,a0:de:0f:9b:a4:02,0,-84
2024-04-05T10:57:56.264000,14:13:0b:44:19:e5,0,-93
2024-04-05T10:57:56.284000,14:13:0b:44:19:e5,0,-82
2024-04-05T10:57:56.290000,45:99:46:38:8f:31,1,-77
2024-04-05T10:57:56.303000,14:13:0b:44:19:e5,0,-83
2024-04-05T10:57:56.327000,14:13:0b:44:19:e5,0,-89
2024-04-05T10:57:56.347000,14:13:0b:44:19:e5,0,-80
2024-04-05T10:57:56.367000,14:13:0b:44:19:e5,0,-80
2024-04-05T10:57:56.376000,cb:94:54:ed:5d:28,1,-81
2024-04-05T10:57:56.388000,14:13:0b:44:19:e5,0,-84
2024-04-05T10:57:56.409000,14:13:0b:44:19:e5,0,-83
2024-04-05T10:57:56.428000,14:13:0b:44:19:e5,0,-81
2024-04-05T10:57:56.469000,14:13:0b:44:19:e5,0,-87
2024-04-05T10:57:56.492000,14:13:0b:44:19:e5,0,-89
2024-04-05T10:57:56.512000,14:13:0b:44:19:e5,0,-81
2024-04-05T10:57:56.537000,14:13:0b:44:19:e5,0,-90
2024-04-05T10:57:56.561000,14:13:0b:44:19:e5,0,-91
2024-04-05T10:57:56.571000,45:99:46:38:8f:31,1,-86
2024-04-05T10:57:56.584000,14:13:0b:44:19:e5,0,-92
2024-04-05T10:57:56.606000,14:13:0b:44:19:e5,0,-83
2024-04-05T10:57:56.652000,14:13:0b:44:19:e5,0,-92
2024-04-05T10:57:56.672000,14:13:0b:44:19:e5,0,-97
2024-04-05T10:57:56.691000,14:13:0b:44:19:e5,0,-84
2024-04-05T10:57:56.716000,14:13:0b:44:19:e5,0,-90
2024-04-05T10:57:56.744000,ff:cb:d1:dc:df:ea,1,-43
2024-04-05T10:57:56.758000,14:13:0b:44:19:e5,0,-85
2024-04-05T10:57:56.777000,a0:de:0f:9b:a4:02,0,-85
2024-04-05T10:57:56.802000,cb:94:54:ed:5d:28,1,-82
2024-04-05T10:57:56.818000,14:13:0b:44:19:e5,0,-88
2024-04-05T10:57:56.863000,14:13:0b:44:19:e5,0,-91
2024-04-05T10:57:56.870000,45:99:46:38:8f:31,1,-75
2024-04-05T10:57:56.903000,14:13:0b:44:19:e5,0,-86
2024-04-05T10:57:56.928000,14:13:0b:44:19:e5,0,-91
2024-04-05T10:57:56.949000,14:13:0b:44:19:e5,0,-92
2024-04-05T10:57:56.968000,14:13:0b:44:19:e5,0,-83
2024-04-05T10:57:56.991000,14:13:0b:44:19:e5,0,-81
2024-04-05T10:57:57.012000,14:13:0b:44:19:e5,0,-94
2024-04-05T10:57:57.035000,14:13:0b:44:19:e5,0,-85
2024-04-05T10:57:57.057000,14:13:0b:44:19:e5,0,-82
2024-04-05T10:57:57.099000,14:13:0b:44:19:e5,0,-83
2024-04-05T10:57:57.115000,dc:23:4f:a9:9a:46,0,-86
2024-04-05T10:57:57.127000,14:13:0b:44:19:e5,0,-82
2024-04-05T10:57:57.142000,14:13:0b:44:19:e5,0,-79
2024-04-05T10:57:57.150000,45:99:46:38:8f:31,1,-83
2024-04-05T10:57:57.165000,14:13:0b:44:19:e5,0,-91
2024-04-05T10:57:57.184000,14:13:0b:44:19:e5,0,-86
2024-04-05T10:57:57.208000,14:13:0b:44:19:e5,0,-80
2024-04-05T10:57:57.223000,cb:94:54:ed:5d:28,1,-82
2024-04-05T10:57:57.233000,14:13:0b:44:19:e5,0,-81
2024-04-05T10:57:57.255000,14:13:0b:44:19:e5,0,-92
2024-04-05T10:57:57.274000,14:13:0b:44:19:e5,0,-88
2024-04-05T10:57:57.298000,14:13:0b:44:19:e5,0,-93
2024-04-05T10:57:57.329000,a0:de:0f:9b:a4:02,0,-88
2024-04-05T10:57:57.340000,a0:de:0f:9b:a4:02,0,-83
2024-04-05T10:57:57.351000,14:13:0b:44:19:e5,0,-88
2024-04-05T10:57:57.365000,14:13:0b:44:19:e5,0,-87
2024-04-05T10:57:57.387000,14:13:0b:44:19:e5,0,-90
2024-04-05T10:57:57.411000,50:0b:cc:8e:9e:c6,1,-95
2024-04-05T10:57:57.431000,14:13:0b:44:19:e5,0,-85
2024-04-05T10:57:57.438000,45:99:46:38:8f:31,1,-76
2024-04-05T10:57:57.471000,14:13:0b:44:19:e5,0,-94
2024-04-05T10:57:57.496000,14:13:0b:44:19:e5,0,-86
2024-04-05T10:57:57.515000,14:13:0b:44:19:e5,0,-86
2024-04-05T10:57:57.538000,14:13:0b:44:19:e5,0,-92
2024-04-05T10:57:57.562000,14:13:0b:44:19:e5,0,-94
2024-04-05T10:57:57.584000,14:13:0b:44:19:e5,0,-85
2024-04-05T10:57:57.603000,ff:cb:d1:dc:df:ea,1,-46
2024-04-05T10:57:57.613000,14:13:0b:44:19:e5,0,-89
2024-04-05T10:57:57.644000,cb:94:54:ed:5d:28,1,-82
2024-04-05T10:57:57.653000,e8:d2:ed:ce:49:81,1,-52
2024-04-05T10:57:57.671000,14:13:0b:44:19:e5,0,-85
2024-04-05T10:57:57.691000,14:13:0b:44:19:e5,0,-90
2024-04-05T10:57:57.716000,45:99:46:38:8f:31,1,-84
2024-04-05T10:57:57.732000,14:13:0b:44:19:e5,0,-84
2024-04-05T10:57:57.775000,14:13:0b:44:19:e5,0,-94
2024-04-05T10:57:57.796000,14:13:0b:44:19:e5,0,-90
2024-04-05T10:57:57.866000,14:13:0b:44:19:e5,0,-89
2024-04-05T10:57:57.911000,14:13:0b:44:19:e5,0,-94
2024-04-05T10:57:57.935000,14:13:0b:44:19:e5,0,-99
2024-04-05T10:57:57.956000,14:13:0b:44:19:e5,0,-100
2024-04-05T10:57:57.977000,14:13:0b:44:19:e5,0,-84
2024-04-05T10:57:58.001000,14:13:0b:44:19:e5,0,-85
2024-04-05T10:57:58.008000,45:99:46:38:8f:31,1,-76
2024-04-05T10:57:58.025000,a4:c1:38:e0:67:ae,0,-63
2024-04-05T10:57:58.061000,cb:94:54:ed:5d:28,1,-83
2024-04-05T10:57:58.076000,14:13:0b:44:19:e5,0,-82
2024-04-05T10:57:58.091000,14:13:0b:44:19:e5,0,-81
2024-04-05T10:57:58.106000,14:13:0b:44:19:e5,0,-86
2024-04-05T10:57:58.131000,14:13:0b:44:19:e5,0,-91
2024-04-05T10:57:58.153000,14:13:0b:44:19:e5,0,-83
2024-04-05T10:57:58.172000,14:13:0b:44:19:e5,0,-85
2024-04-05T10:57:58.192000,14:13:0b:44:19:e5,0,-82
2024-04-05T10:57:58.216000,14:13:0b:44:19:e5,0,-92
2024-04-05T10:57:58.237000,14:13:0b:44:19:e5,0,-92
2024-04-05T10:57:58.258000,14:13:0b:44:19:e5,0,-81
2024-04-05T10:57:58.283000,14:13:0b:44:19:e5,0,-79
2024-04-05T10:57:58.290000,45:99:46:38:8f:31,1,-83
2024-04-05T10:57:58.308000,14:13:0b:44:19:e5,0,-79
2024-04-05T10:57:58.327000,14:13:0b:44:19:e5,0,-82
2024-04-05T10:57:58.351000,14:13:0b:44:19:e5,0,-78
2024-04-05T10:57:58.372000,14:13:0b:44:19:e5,0,-76
2024-04-05T10:57:58.396000,14:13:0b:44:19:e5,0,-83
2024-04-05T10:57:58.415000,14:13:0b:44:19:e5,0,-91
2024-04-05T10:57:58.433000,a0:de:0f:9b:a4:02,0,-89
2024-04-05T10:57:58.442000,14:13:0b:44:19:e5,0,-93
2024-04-05T10:57:58.457000,14:13:0b:44:19:e5,0,-87
2024-04-05T10:57:58.465000,ff:cb:d1:dc:df:ea,1,-50
2024-04-05T10:57:58.477000,14:13:0b:44:19:e5,0,-83
2024-04-05T10:57:58.484000,cb:94:54:ed:5d:28,1,-83
2024-04-05T10:57:58.497000,14:13:0b:44:19:e5,0,-78
2024-04-05T10:57:58.521000,14:13:0b:44:19:e5,0,-76
2024-04-05T10:57:58.542000,14:13:0b:44:19:e5,0,-79
2024-04-05T10:57:58.564000,14:13:0b:44:19:e5,0,-77
2024-04-05T10:57:58.578000,45:99:46:38:8f:31,1,-77
2024-04-05T10:57:58.586000,14:13:0b:44:19:e5,0,-73
2024-04-05T10:57:58.607000,14:13:0b:44:19:e5,0,-72
2024-04-05T10:57:58.628000,14:13:0b:44:19:e5,0,-75
2024-04-05T10:57:58.648000,14:13:0b:44:19:e5,0,-74
2024-04-05T10:57:58.672000,14:13:0b:44:19:e5,0,-74
2024-04-05T10:57:58.696000,14:13:0b:44:19:e5,0,-73
2024-04-05T10:57:58.717000,14:13:0b:44:19:e5,0,-74
2024-04-05T10:57:58.737000,14:13:0b:44:19:e5,0,-74
2024-04-05T10:57:58.758000,14:13:0b:44:19:e5,0,-79
2024-04-05T10:57:58.777000,14:13:0b:44:19:e5,0,-74
2024-04-05T10:57:58.797000,14:13:0b:44:19:e5,0,-72
2024-04-05T10:57:58.842000,14:13:0b:44:19:e5,0,-80
2024-04-05T10:57:58.861000,14:13:0b:44:19:e5,0,-76
2024-04-05T10:57:58.868000,45:99:46:38:8f:31,1,-74
2024-04-05T10:57:58.882000,14:13:0b:44:19:e5,0,-73
2024-04-05T10:57:58.906000,14:13:0b:44:19:e5,0,-80
2024-04-05T10:57:58.913000,cb:94:54:ed:5d:28,1,-83
2024-04-05T10:57:58.929000,14:13:0b:44:19:e5,0,-75
2024-04-05T10:57:58.954000,14:13:0b:44:19:e5,0,-75
2024-04-05T10:57:58.973000,14:13:0b:44:19:e5,0,-74
2024-04-05T10:57:58.983000,a0:de:0f:9b:a4:02,0,-83
2024-04-05T10:57:58.994000,14:13:0b:44:19:e5,0,-85
2024-04-05T10:57:59.014000,14:13:0b:44:19:e5,0,-75
2024-04-05T10:57:59.034000,14:13:0b:44:19:e5,0,-75
2024-04-05T10:57:59.056000,14:13:0b:44:19:e5,0,-93
2024-04-05T10:57:59.075000,14:13:0b:44:19:e5,0,-79
2024-04-05T10:57:59.097000,14:13:0b:44:19:e5,0,-79
2024-04-05T10:57:59.118000,14:13:0b:44:19:e5,0,-87
2024-04-05T10:57:59.134000,dc:23:4f:a9:9a:46,0,-94
2024-04-05T10:57:59.147000,14:13:0b:44:19:e5,0,-83
2024-04-05T10:57:59.162000,14:13:0b:44:19:e5,0,-81
2024-04-05T10:57:59.183000,14:13:0b:44:19:e5,0,-83
2024-04-05T10:57:59.204000,14:13:0b:44:19:e5,0,-85
2024-04-05T10:57:59.224000,14:13:0b:44:19:e5,0,-91
2024-04-05T10:57:59.243000,14:13:0b:44:19:e5,0,-84
2024-04-05T10:57:59.264000,14:13:0b:44:19:e5,0,-79
2024-04-05T10:57:59.286000,14:13:0b:44:19:e5,0,-85
2024-04-05T10:57:59.307000,14:13:0b:44:19:e5,0,-88
2024-04-05T10:57:59.326000,cb:94:54:ed:5d:28,1,-81
2024-04-05T10:57:59.352000,14:13:0b:44:19:e5,0,-78
2024-04-05T10:57:59.376000,14:13:0b:44:19:e5,0,-85
2024-04-05T10:57:59.396000,14:13:0b:44:19:e5,0,-83
2024-04-05T10:57:59.421000,14:13:0b:44:19:e5,0,-85
2024-04-05T10:57:59.439000,45:99:46:38:8f:31,1,-76
2024-04-05T10:57:59.443000,14:13:0b:44:19:e5,0,-85
2024-04-05T10:57:59.461000,14:13:0b:44:19:e5,0,-84
2024-04-05T10:57:59.483000,14:13:0b:44:19:e5,0,-84
2024-04-05T10:57:59.529000,14:13:0b:44:19:e5,0,-82
2024-04-05T10:57:59.537000,a0:de:0f:9b:a4:02,0,-87
2024-04-05T10:57:59.551000,14:13:0b:44:19:e5,0,-81
2024-04-05T10:57:59.573000,14:13:0b:44:19:e5,0,-82
2024-04-05T10:57:59.594000,14:13:0b:44:19:e5,0,-82
2024-04-05T10:57:59.616000,14:13:0b:44:19:e5,0,-82
2024-04-05T10:57:59.636000,14:13:0b:44:19:e5,0,-79
2024-04-05T10:57:59.679000,14:13:0b:44:19:e5,0,-79
2024-04-05T10:57:59.698000,14:13:0b:44:19:e5,0,-80
2024-04-05T10:57:59.741000,14:13:0b:44:19:e5,0,-82
2024-04-05T10:57:59.765000,14:13:0b:44:19:e5,0,-80
2024-04-05T10:57:59.787000,14:13:0b:44:19:e5,0,-80
2024-04-05T10:57:59.832000,14:13:0b:44:19:e5,0,-81
2024-04-05T10:57:59.855000,14:13:0b:44:19:e5,0,-80
2024-04-05T10:57:59.878000,14:13:0b:44:19:e5,0,-81
2024-04-05T10:57:59.902000,14:13:0b:44:19:e5,0,-81
2024-04-05T10:57:59.924000,14:13:0b:44:19:e5,0,-82
2024-04-05T10:57:59.946000,14:13:0b:44:19:e5,0,-79
2024-04-05T10:57:59.967000,14:13:0b:44:19:e5,0,-77
2024-04-05T10:58:00.011000,14:13:0b:44:19:e5,0,-85
2024-04-05T10:58:00.032000,14:13:0b:44:19:e5,0,-78
2024-04-05T10:58:00.053000,14:13:0b:44:19:e5,0,-80
2024-04-05T10:58:00.078000,14:13:0b:44:19:e5,0,-83
2024-04-05T10:58:00.085000,a4:c1:38:e0:67:ae,0,-61
2024-04-05T10:58:00.093000,a0:de:0f:9b:a4:02,0,-88
2024-04-05T10:58:00.104000,14:13:0b:44:19:e5,0,-84
2024-04-05T10:58:00.143000,dc:23:4f:a9:9a:46,0,-87
2024-04-05T10:58:00.156000,e8:d2:ed:ce:49:81,1,-56
2024-04-05T10:58:00.166000,14:13:0b:44:19:e5,0,-85
2024-04-05T10:58:00.175000,ff:cb:d1:dc:df:ea,1,-49
2024-04-05T10:58:00.221000,14:13:0b:44:19:e5,0,-83
2024-04-05T10:58:00.243000,14:13:0b:44:19:e5,0,-79
2024-04-05T10:58:00.272000,14:13:0b:44:19:e5,0,-79
2024-04-05T10:58:00.298000,45:99:46:38:8f:31,1,-84
2024-04-05T10:58:00.585000,45:99:46:38:8f:31,1,-76
2024-04-05T10:58:00.596000,cb:94:54:ed:5d:28,1,-82
2024-04-05T10:58:00.644000,a0:de:0f:9b:a4:02,0,-91
2024-04-05T10:58:00.868000,45:99:46:38:8f:31,1,-77
2024-04-05T10:58:01.023000,cb:94:54:ed:5d:28,1,-89
2024-04-05T10:58:01.038000,ff:cb:d1:dc:df:ea,1,-43
2024-04-05T10:58:01.148000,dc:23:4f:a9:9a:46,0,-88
2024-04-05T10:58:01.169000,45:99:46:38:8f:31,1,-72
2024-04-05T10:58:01.197000,a0:de:0f:9b:a4:02,0,-85
2024-04-05T10:58:01.439000,45:99:46:38:8f:31,1,-82
2024-04-05T10:58:01.448000,cb:94:54:ed:5d:28,1,-81
2024-04-05T10:58:01.562000,14:13:0b:44:19:e5,0,-77
2024-04-05T10:58:01.728000,45:99:46:38:8f:31,1,-79
2024-04-05T10:58:01.752000,a0:de:0f:9b:a4:02,0,-89
2024-04-05T10:58:01.824000,50:0b:cc:8e:9e:c6,1,-96
2024-04-05T10:58:01.889000,ff:cb:d1:dc:df:ea,1,-51
2024-04-05T10:58:02.016000,45:99:46:38:8f:31,1,-81
2024-04-05T10:58:02.153000,dc:23:4f:a9:9a:46,0,-87
2024-04-05T10:58:02.287000,cb:94:54:ed:5d:28,1,-81
2024-04-05T10:58:02.305000,a0:de:0f:9b:a4:02,0,-91
2024-04-05T10:58:02.405000,a4:c1:38:e0:67:ae,0,-62
2024-04-05T10:58:02.592000,45:99:46:38:8f:31,1,-77
2024-04-05T10:58:02.657000,e8:d2:ed:ce:49:81,1,-53
2024-04-05T10:57:59.679000,14:13:0b:44:19:e5,0,-79
