2024-04-05T11:20:27.584000,65:ee:a6:5d:73:64,1,-76
2024-04-05T11:20:27.989000,e8:d2:ed:ce:49:81,1,-57
2024-04-05T11:20:27.999000,dc:23:4f:a9:9a:46,0,-87
2024-04-05T11:20:28.011000,65:ee:a6:5d:73:64,1,-81
2024-04-05T11:20:28.015000,69:a7:43:2b:ec:af,1,-85
2024-04-05T11:20:28.025000,a0:de:0f:9b:a4:02,0,-83
2024-04-05T11:20:28.035000,cb:94:54:ed:5d:28,1,-82
2024-04-05T11:20:28.156000,65:ee:a6:5d:73:64,1,-74
2024-04-05T11:20:28.229000,ff:cb:d1:dc:df:ea,1,-47
2024-04-05T11:20:28.295000,69:a7:43:2b:ec:af,1,-85
2024-04-05T11:20:28.439000,65:ee:a6:5d:73:64,1,-81
2024-04-05T11:20:28.458000,43:29:1c:75:64:02,1,-98
2024-04-05T11:20:28.467000,a0:de:0f:9b:a4:02,0,-89
2024-04-05T11:20:28.594000,14:13:0b:44:19:e5,0,-94
2024-04-05T11:20:28.721000,69:a7:43:2b:ec:af,1,-84
2024-04-05T11:20:28.730000,65:ee:a6:5d:73:64,1,-74
2024-04-05T11:20:28.796000,cb:94:54:ed:5d:28,1,-84
2024-04-05T11:20:28.805000,dc:23:4f:a9:9a:46,0,-86
2024-04-05T11:20:28.958000,a4:c1:38:e0:67:ae,0,-64
2024-04-05T11:20:29.005000,a0:de:0f:9b:a4:02,0,-82
2024-04-05T11:20:29.015000,65:ee:a6:5d:73:64,1,-81
2024-04-05T11:20:29.084000,ff:cb:d1:dc:df:ea,1,-43
2024-04-05T11:20:29.144000,69:a7:43:2b:ec:af,1,-94
2024-04-05T11:20:29.214000,cb:94:54:ed:5d:28,1,-86
2024-04-05T11:20:29.295000,65:ee:a6:5d:73:64,1,-74
2024-04-05T11:20:29.564000,69:a7:43:2b:ec:af,1,-94
2024-04-05T11:20:29.576000,65:ee:a6:5d:73:64,1,-83
2024-04-05T11:20:29.633000,cb:94:54:ed:5d:28,1,-86
2024-04-05T11:20:29.869000,65:ee:a6:5d:73:64,1,-75
2024-04-05T11:20:29.879000,14:13:0b:44:19:e5,0,-91
2024-04-05T11:20:29.947000,ff:cb:d1:dc:df:ea,1,-45
2024-04-05T11:20:29.989000,69:a7:43:2b:ec:af,1,-92
2024-04-05T11:20:30.056000,cb:94:54:ed:5d:28,1,-84
2024-04-05T11:20:30.095000,e8:d2:ed:ce:49:81,1,-54
2024-04-05T11:20:30.154000,65:ee:a6:5d:73:64,1,-75
2024-04-05T11:20:30.410000,69:a7:43:2b:ec:af,1,-93
2024-04-05T11:20:30.440000,65:ee:a6:5d:73:64,1,-76
2024-04-05T11:20:30.661000,a0:de:0f:9b:a4:02,0,-81
2024-04-05T11:20:30.725000,65:ee:a6:5d:73:64,1,-75
2024-04-05T11:20:30.801000,ff:cb:d1:dc:df:ea,1,-42
2024-04-05T11:20:30.821000,dc:23:4f:a9:9a:46,0,-87
2024-04-05T11:20:30.908000,cb:94:54:ed:5d:28,1,-83
2024-04-05T11:20:30.946000,43:29:1c:75:64:02,1,-96
2024-04-05T11:20:31.089000,a4:c1:38:e0:67:ae,0,-64
2024-04-05T11:20:31.167000,14:13:0b:44:19:e5,0,-91
2024-04-05T11:20:31.218000,a0:de:0f:9b:a4:02,0,-89
2024-04-05T11:20:31.302000,65:ee:a6:5d:73:64,1,-75
2024-04-05T11:20:31.306000,65:ee:a6:5d:73:64,1,-77
2024-04-05T11:20:31.333000,cb:94:54:ed:5d:28,1,-83
2024-04-05T11:20:31.585000,65:ee:a6:5d:73:64,1,-81
2024-04-05T11:20:31.658000,ff:cb:d1:dc:df:ea,1,-46
2024-04-05T11:20:31.750000,cb:94:54:ed:5d:28,1,-82
2024-04-05T11:20:31.769000,a0:de:0f:9b:a4:02,0,-83
2024-04-05T11:20:31.823000,dc:23:4f:a9:9a:46,0,-83
2024-04-05T11:20:31.872000,65:ee:a6:5d:73:64,1,-75
2024-04-05T11:20:31.881000,65:ee:a6:5d:73:64,1,-75
2024-04-05T11:20:32.159000,65:ee:a6:5d:73:64,1,-82
2024-04-05T11:20:32.169000,cb:94:54:ed:5d:28,1,-82
2024-04-05T11:20:32.318000,a0:de:0f:9b:a4:02,0,-82
2024-04-05T11:20:32.447000,65:ee:a6:5d:73:64,1,-76
2024-04-05T11:20:32.515000,69:a7:43:2b:ec:af,1,-85
2024-04-05T11:20:32.531000,ff:cb:d1:dc:df:ea,1,-50
2024-04-05T11:20:32.588000,cb:94:54:ed:5d:28,1,-82
2024-04-05T11:20:32.602000,e8:d2:ed:ce:49:81,1,-52
2024-04-05T11:20:32.726000,65:ee:a6:5d:73:64,1,-80
2024-04-05T11:20:32.866000,a0:de:0f:9b:a4:02,0,-90
2024-04-05T11:20:32.936000,69:a7:43:2b:ec:af,1,-84
2024-04-05T11:20:33.006000,cb:94:54:ed:5d:28,1,-82
2024-04-05T11:20:33.023000,65:ee:a6:5d:73:64,1,-77
2024-04-05T11:20:33.300000,65:ee:a6:5d:73:64,1,-79
2024-04-05T11:20:33.354000,69:a7:43:2b:ec:af,1,-81
2024-04-05T11:20:33.380000,a4:c1:38:e0:67:ae,0,-60
2024-04-05T11:20:33.411000,43:29:1c:75:64:02,1,-98
2024-04-05T11:20:33.420000,a0:de:0f:9b:a4:02,0,-80
2024-04-05T11:20:33.431000,cb:94:54:ed:5d:28,1,-83
2024-04-05T11:20:33.588000,65:ee:a6:5d:73:64,1,-76
2024-04-05T11:20:33.774000,69:a7:43:2b:ec:af,1,-83
2024-04-05T11:20:33.860000,cb:94:54:ed:5d:28,1,-84
2024-04-05T11:20:33.875000,65:ee:a6:5d:73:64,1,-75
2024-04-05T11:20:33.968000,a0:de:0f:9b:a4:02,0,-83
2024-04-05T11:20:34.200000,69:a7:43:2b:ec:af,1,-86
2024-04-05T11:20:34.237000,ff:cb:d1:dc:df:ea,1,-45
2024-04-05T11:20:34.284000,cb:94:54:ed:5d:28,1,-85
2024-04-05T11:20:34.455000,65:ee:a6:5d:73:64,1,-75
2024-04-05T11:20:34.516000,a0:de:0f:9b:a4:02,0,-89
2024-04-05T11:20:34.618000,69:a7:43:2b:ec:af,1,-85
2024-04-05T11:20:34.689000,cc:4d:31:c8:fe:40,1,-101
2024-04-05T11:20:34.739000,65:ee:a6:5d:73:64,1,-80
2024-04-05T11:20:34.844000,dc:23:4f:a9:9a:46,0,-88
2024-04-05T11:20:35.028000,65:ee:a6:5d:73:64,1,-76
2024-04-05T11:20:35.037000,69:a7:43:2b:ec:af,1,-85
2024-04-05T11:20:35.064000,a0:de:0f:9b:a4:02,0,-80
2024-04-05T11:20:35.089000,ff:cb:d1:dc:df:ea,1,-42
2024-04-05T11:20:35.098000,e8:d2:ed:ce:49:81,1,-57
2024-04-05T11:20:35.129000,cb:94:54:ed:5d:28,1,-85
2024-04-05T11:20:35.310000,65:ee:a6:5d:73:64,1,-82
2024-04-05T11:20:35.547000,cb:94:54:ed:5d:28,1,-82
2024-04-05T11:20:35.601000,65:ee:a6:5d:73:64,1,-75
2024-04-05T11:20:35.610000,a0:de:0f:9b:a4:02,0,-80
2024-04-05T11:20:35.691000,a4:c1:38:e0:67:ae,0,-61
2024-04-05T11:20:35.848000,dc:23:4f:a9:9a:46,0,-85
2024-04-05T11:20:35.879000,69:a7:43:2b:ec:af,1,-84
2024-04-05T11:20:35.890000,65:ee:a6:5d:73:64,1,-73
2024-04-05T11:20:35.948000,ff:cb:d1:dc:df:ea,1,-45
2024-04-05T11:20:35.967000,cb:94:54:ed:5d:28,1,-84
2024-04-05T11:20:36.160000,a0:de:0f:9b:a4:02,0,-84
2024-04-05T11:20:36.171000,65:ee:a6:5d:73:64,1,-75
2024-04-05T11:20:36.301000,69:a7:43:2b:ec:af,1,-83
2024-04-05T11:20:36.316000,14:13:0b:44:19:e5,0,-81
2024-04-05T11:20:36.387000,cb:94:54:ed:5d:28,1,-81
2024-04-05T11:20:36.461000,65:ee:a6:5d:73:64,1,-73
2024-04-05T11:20:36.714000,a0:de:0f:9b:a4:02,0,-80
2024-04-05T11:20:36.723000,69:a7:43:2b:ec:af,1,-83
2024-04-05T11:20:36.750000,65:ee:a6:5d:73:64,1,-82
2024-04-05T11:20:36.805000,cb:94:54:ed:5d:28,1,-83
2024-04-05T11:20:36.814000,ff:cb:d1:dc:df:ea,1,-52
2024-04-05T11:20:36.856000,dc:23:4f:a9:9a:46,0,-86
2024-04-05T11:20:37.144000,69:a7:43:2b:ec:af,1,-83
2024-04-05T11:20:37.181000,14:13:0b:44:19:e5,0,-82
2024-04-05T11:20:37.226000,14:13:0b:44:19:e5,0,-92
2024-04-05T11:20:37.250000,14:13:0b:44:19:e5,0,-87
2024-04-05T11:20:37.270000,14:13:0b:44:19:e5,0,-84
2024-04-05T11:20:37.316000,14:13:0b:44:19:e5,0,-86
2024-04-05T11:20:37.324000,65:ee:a6:5d:73:64,1,-85
2024-04-05T11:20:37.340000,14:13:0b:44:19:e5,0,-90
2024-04-05T11:20:37.359000,14:13:0b:44:19:e5,0,-88
2024-04-05T11:20:37.378000,14:13:0b:44:19:e5,0,-89
2024-04-05T11:20:37.386000,7d:1e:a8:02:1c:0e,1,-97
2024-04-05T11:20:37.400000,14:13:0b:44:19:e5,0,-88
2024-04-05T11:20:37.419000,14:13:0b:44:19:e5,0,-87
2024-04-05T11:20:37.461000,14:13:0b:44:19:e5,0,-84
2024-04-05T11:20:37.481000,14:13:0b:44:19:e5,0,-88
2024-04-05T11:20:37.501000,14:13:0b:44:19:e5,0,-92
2024-04-05T11:20:37.523000,14:13:0b:44:19:e5,0,-91
2024-04-05T11:20:37.546000,14:13:0b:44:19:e5,0,-84
2024-04-05T11:20:37.567000,69:a7:43:2b:ec:af,1,-84
2024-04-05T11:20:37.576000,14:13:0b:44:19:e5,0,-90
2024-04-05T11:20:37.606000,e8:d2:ed:ce:49:81,1,-52
2024-04-05T11:20:37.616000,65:ee:a6:5d:73:64,1,-75
2024-04-05T11:20:37.633000,14:13:0b:44:19:e5,0,-89
2024-04-05T11:20:37.648000,cb:94:54:ed:5d:28,1,-82
2024-04-05T11:20:37.658000,14:13:0b:44:19:e5,0,-84
2024-04-05T11:20:37.669000,ff:cb:d1:dc:df:ea,1,-42
2024-04-05T11:20:37.679000,14:13:0b:44:19:e5,0,-86
2024-04-05T11:20:37.698000,14:13:0b:44:19:e5,0,-89
2024-04-05T11:20:37.721000,14:13:0b:44:19:e5,0,-85
2024-04-05T11:20:37.741000,14:13:0b:44:19:e5,0,-85
2024-04-05T11:20:37.763000,14:13:0b:44:19:e5,0,-87
2024-04-05T11:20:37.785000,14:13:0b:44:19:e5,0,-90
2024-04-05T11:20:37.818000,a0:de:0f:9b:a4:02,0,-90
2024-04-05T11:20:37.828000,14:13:0b:44:19:e5,0,-84
2024-04-05T11:20:37.850000,14:13:0b:44:19:e5,0,-88
2024-04-05T11:20:37.860000,dc:23:4f:a9:9a:46,0,-85
2024-04-05T11:20:37.874000,14:13:0b:44:19:e5,0,-87
2024-04-05T11:20:37.894000,14:13:0b:44:19:e5,0,-91
2024-04-05T11:20:37.917000,14:13:0b:44:19:e5,0,-87
2024-04-05T11:20:37.984000,14:13:0b:44:19:e5,0,-88
2024-04-05T11:20:37.991000,69:a7:43:2b:ec:af,1,-83
2024-04-05T11:20:38.003000,14:13:0b:44:19:e5,0,-87
2024-04-05T11:20:38.046000,14:13:0b:44:19:e5,0,-85
2024-04-05T11:20:38.066000,14:13:0b:44:19:e5,0,-85
2024-04-05T11:20:38.074000,cb:94:54:ed:5d:28,1,-83
2024-04-05T11:20:38.155000,14:13:0b:44:19:e5,0,-86
2024-04-05T11:20:38.179000,65:ee:a6:5d:73:64,1,-76
2024-04-05T11:20:38.199000,14:13:0b:44:19:e5,0,-87
2024-04-05T11:20:38.220000,14:13:0b:44:19:e5,0,-83
2024-04-05T11:20:38.266000,14:13:0b:44:19:e5,0,-94
2024-04-05T11:20:38.290000,14:13:0b:44:19:e5,0,-86
2024-04-05T11:20:38.310000,14:13:0b:44:19:e5,0,-82
2024-04-05T11:20:38.335000,14:13:0b:44:19:e5,0,-81
2024-04-05T11:20:38.356000,14:13:0b:44:19:e5,0,-92
2024-04-05T11:20:38.371000,a0:de:0f:9b:a4:02,0,-81
2024-04-05T11:20:38.381000,14:13:0b:44:19:e5,0,-87
2024-04-05T11:20:38.395000,14:13:0b:44:19:e5,0,-81
2024-04-05T11:20:38.416000,69:a7:43:2b:ec:af,1,-95
2024-04-05T11:20:38.446000,14:13:0b:44:19:e5,0,-92
2024-04-05T11:20:38.458000,14:13:0b:44:19:e5,0,-86
2024-04-05T11:20:38.470000,14:13:0b:44:19:e5,0,-82
2024-04-05T11:20:38.490000,cb:94:54:ed:5d:28,1,-83
2024-04-05T11:20:38.506000,14:13:0b:44:19:e5,0,-89
2024-04-05T11:20:38.522000,ff:cb:d1:dc:df:ea,1,-52
2024-04-05T11:20:38.531000,14:13:0b:44:19:e5,0,-86
2024-04-05T11:20:38.547000,14:13:0b:44:19:e5,0,-82
2024-04-05T11:20:38.569000,14:13:0b:44:19:e5,0,-88
2024-04-05T11:20:38.594000,14:13:0b:44:19:e5,0,-87
2024-04-05T11:20:38.613000,14:13:0b:44:19:e5,0,-87
2024-04-05T11:20:38.635000,14:13:0b:44:19:e5,0,-83
2024-04-05T11:20:38.656000,14:13:0b:44:19:e5,0,-88
2024-04-05T11:20:38.675000,14:13:0b:44:19:e5,0,-87
2024-04-05T11:20:38.695000,14:13:0b:44:19:e5,0,-81
2024-04-05T11:20:38.717000,14:13:0b:44:19:e5,0,-91
2024-04-05T11:20:38.736000,14:13:0b:44:19:e5,0,-87
2024-04-05T11:20:38.750000,65:ee:a6:5d:73:64,1,-75
2024-04-05T11:20:38.759000,14:13:0b:44:19:e5,0,-83
2024-04-05T11:20:38.781000,14:13:0b:44:19:e5,0,-93
2024-04-05T11:20:38.801000,14:13:0b:44:19:e5,0,-86
2024-04-05T11:20:38.825000,14:13:0b:44:19:e5,0,-87
2024-04-05T11:20:38.835000,69:a7:43:2b:ec:af,1,-95
2024-04-05T11:20:38.846000,14:13:0b:44:19:e5,0,-83
2024-04-05T11:20:38.870000,dc:23:4f:a9:9a:46,0,-86
2024-04-05T11:20:38.897000,14:13:0b:44:19:e5,0,-96
2024-04-05T11:20:38.911000,cb:94:54:ed:5d:28,1,-82
2024-04-05T11:20:38.921000,14:13:0b:44:19:e5,0,-87
2024-04-05T11:20:38.930000,a0:de:0f:9b:a4:02,0,-89
2024-04-05T11:20:38.987000,14:13:0b:44:19:e5,0,-100
2024-04-05T11:20:39.008000,14:13:0b:44:19:e5,0,-87
2024-04-05T11:20:39.031000,14:13:0b:44:19:e5,0,-83
2024-04-05T11:20:39.038000,65:ee:a6:5d:73:64,1,-72
2024-04-05T11:20:39.073000,14:13:0b:44:19:e5,0,-100
2024-04-05T11:20:39.096000,14:13:0b:44:19:e5,0,-87
2024-04-05T11:20:39.117000,14:13:0b:44:19:e5,0,-82
2024-04-05T11:20:39.161000,14:13:0b:44:19:e5,0,-87
2024-04-05T11:20:39.203000,14:13:0b:44:19:e5,0,-82
2024-04-05T11:20:39.229000,14:13:0b:44:19:e5,0,-92
2024-04-05T11:20:39.248000,14:13:0b:44:19:e5,0,-87
2024-04-05T11:20:39.259000,69:a7:43:2b:ec:af,1,-92
2024-04-05T11:20:39.268000,14:13:0b:44:19:e5,0,-82
2024-04-05T11:20:39.324000,65:ee:a6:5d:73:64,1,-84
2024-04-05T11:20:39.329000,cb:94:54:ed:5d:28,1,-82
2024-04-05T11:20:39.341000,14:13:0b:44:19:e5,0,-87
2024-04-05T11:20:39.355000,14:13:0b:44:19:e5,0,-83
2024-04-05T11:20:39.376000,14:13:0b:44:19:e5,0,-93
2024-04-05T11:20:39.385000,ff:cb:d1:dc:df:ea,1,-52
2024-04-05T11:20:39.398000,14:13:0b:44:19:e5,0,-87
2024-04-05T11:20:39.421000,14:13:0b:44:19:e5,0,-82
2024-04-05T11:20:39.445000,14:13:0b:44:19:e5,0,-83
2024-04-05T11:20:39.470000,14:13:0b:44:19:e5,0,-91
2024-04-05T11:20:39.479000,a0:de:0f:9b:a4:02,0,-81
2024-04-05T11:20:39.493000,14:13:0b:44:19:e5,0,-91
2024-04-05T11:20:39.537000,14:13:0b:44:19:e5,0,-81
2024-04-05T11:20:39.560000,14:13:0b:44:19:e5,0,-94
2024-04-05T11:20:39.579000,14:13:0b:44:19:e5,0,-87
2024-04-05T11:20:39.598000,14:13:0b:44:19:e5,0,-82
2024-04-05T11:20:39.610000,65:ee:a6:5d:73:64,1,-72
2024-04-05T11:20:39.679000,69:a7:43:2b:ec:af,1,-92
2024-04-05T11:20:39.703000,14:13:0b:44:19:e5,0,-98
2024-04-05T11:20:39.743000,14:13:0b:44:19:e5,0,-84
2024-04-05T11:20:39.750000,cb:94:54:ed:5d:28,1,-85
2024-04-05T11:20:39.768000,14:13:0b:44:19:e5,0,-95
2024-04-05T11:20:39.788000,14:13:0b:44:19:e5,0,-87
2024-04-05T11:20:39.853000,14:13:0b:44:19:e5,0,-94
2024-04-05T11:20:39.868000,dc:23:4f:a9:9a:46,0,-86
2024-04-05T11:20:39.896000,14:13:0b:44:19:e5,0,-83
2024-04-05T11:20:39.903000,65:ee:a6:5d:73:64,1,-85
2024-04-05T11:20:39.920000,14:13:0b:44:19:e5,0,-93
2024-04-05T11:20:39.941000,14:13:0b:44:19:e5,0,-87
2024-04-05T11:20:39.966000,14:13:0b:44:19:e5,0,-84
2024-04-05T11:20:39.980000,a4:c1:38:e0:67:ae,0,-61
2024-04-05T11:20:39.988000,14:13:0b:44:19:e5,0,-83
2024-04-05T11:20:40.010000,43:29:1c:75:64:02,1,-97
2024-04-05T11:20:40.031000,a0:de:0f:9b:a4:02,0,-82
2024-04-05T11:20:40.056000,14:13:0b:44:19:e5,0,-88
2024-04-05T11:20:40.078000,14:13:0b:44:19:e5,0,-81
2024-04-05T11:20:40.100000,14:13:0b:44:19:e5,0,-94
2024-04-05T11:20:40.115000,e8:d2:ed:ce:49:81,1,-54
2024-04-05T11:20:40.124000,14:13:0b:44:19:e5,0,-86
2024-04-05T11:20:40.140000,14:13:0b:44:19:e5,0,-83
2024-04-05T11:20:40.172000,cb:94:54:ed:5d:28,1,-82
2024-04-05T11:20:40.188000,65:ee:a6:5d:73:64,1,-75
2024-04-05T11:20:40.240000,ff:cb:d1:dc:df:ea,1,-46
2024-04-05T11:20:40.249000,14:13:0b:44:19:e5,0,-90
2024-04-05T11:20:40.266000,14:13:0b:44:19:e5,0,-87
2024-04-05T11:20:40.286000,14:13:0b:44:19:e5,0,-82
2024-04-05T11:20:40.307000,14:13:0b:44:19:e5,0,-94
2024-04-05T11:20:40.350000,14:13:0b:44:19:e5,0,-83
2024-04-05T11:20:40.397000,14:13:0b:44:19:e5,0,-97
2024-04-05T11:20:40.441000,14:13:0b:44:19:e5,0,-83
2024-04-05T11:20:40.466000,65:ee:a6:5d:73:64,1,-84
2024-04-05T11:20:40.486000,14:13:0b:44:19:e5,0,-94
2024-04-05T11:20:40.506000,14:13:0b:44:19:e5,0,-87
2024-04-05T11:20:40.525000,14:13:0b:44:19:e5,0,-84
2024-04-05T11:20:40.548000,14:13:0b:44:19:e5,0,-91
2024-04-05T11:20:40.568000,14:13:0b:44:19:e5,0,-88
2024-04-05T11:20:40.584000,a0:de:0f:9b:a4:02,0,-81
2024-04-05T11:20:40.593000,14:13:0b:44:19:e5,0,-83
2024-04-05T11:20:40.602000,cb:94:54:ed:5d:28,1,-83
2024-04-05T11:20:40.612000,14:13:0b:44:19:e5,0,-93
2024-04-05T11:20:40.631000,14:13:0b:44:19:e5,0,-86
2024-04-05T11:20:40.654000,14:13:0b:44:19:e5,0,-87
2024-04-05T11:20:40.677000,14:13:0b:44:19:e5,0,-81
2024-04-05T11:20:40.701000,14:13:0b:44:19:e5,0,-94
2024-04-05T11:20:40.721000,14:13:0b:44:19:e5,0,-87
2024-04-05T11:20:40.746000,14:13:0b:44:19:e5,0,-87
2024-04-05T11:20:40.756000,65:ee:a6:5d:73:64,1,-75
2024-04-05T11:20:40.766000,14:13:0b:44:19:e5,0,-82
2024-04-05T11:20:40.791000,14:13:0b:44:19:e5,0,-93
2024-04-05T11:20:40.811000,14:13:0b:44:19:e5,0,-87
2024-04-05T11:20:40.831000,14:13:0b:44:19:e5,0,-83
2024-04-05T11:20:40.873000,14:13:0b:44:19:e5,0,-91
2024-04-05T11:20:40.881000,dc:23:4f:a9:9a:46,0,-86
2024-04-05T11:20:40.894000,14:13:0b:44:19:e5,0,-87
2024-04-05T11:20:40.915000,14:13:0b:44:19:e5,0,-82
2024-04-05T11:20:40.936000,14:13:0b:44:19:e5,0,-94
2024-04-05T11:20:40.958000,14:13:0b:44:19:e5,0,-87
2024-04-05T11:20:40.981000,14:13:0b:44:19:e5,0,-82
2024-04-05T11:20:41.001000,14:13:0b:44:19:e5,0,-93
2024-04-05T11:20:41.020000,cb:94:54:ed:5d:28,1,-79
2024-04-05T11:20:41.031000,14:13:0b:44:19:e5,0,-96
2024-04-05T11:20:41.044000,65:ee:a6:5d:73:64,1,-73
2024-04-05T11:20:41.048000,14:13:0b:44:19:e5,0,-88
2024-04-05T11:20:41.066000,14:13:0b:44:19:e5,0,-83
2024-04-05T11:20:41.091000,14:13:0b:44:19:e5,0,-95
2024-04-05T11:20:41.098000,ff:cb:d1:dc:df:ea,1,-52
2024-04-05T11:20:41.116000,14:13:0b:44:19:e5,0,-86
2024-04-05T11:20:41.133000,14:13:0b:44:19:e5,0,-82
2024-04-05T11:20:41.151000,14:13:0b:44:19:e5,0,-94
2024-04-05T11:20:41.170000,14:13:0b:44:19:e5,0,-89
2024-04-05T11:20:41.190000,14:13:0b:44:19:e5,0,-82
2024-04-05T11:20:41.213000,14:13:0b:44:19:e5,0,-83
2024-04-05T11:20:41.236000,14:13:0b:44:19:e5,0,-93
2024-04-05T11:20:41.256000,14:13:0b:44:19:e5,0,-87
2024-04-05T11:20:41.276000,14:13:0b:44:19:e5,0,-84
2024-04-05T11:20:41.301000,14:13:0b:44:19:e5,0,-94
2024-04-05T11:20:41.321000,14:13:0b:44:19:e5,0,-88
2024-04-05T11:20:41.344000,14:13:0b:44:19:e5,0,-86
2024-04-05T11:20:41.363000,14:13:0b:44:19:e5,0,-82
2024-04-05T11:20:41.386000,14:13:0b:44:19:e5,0,-95
2024-04-05T11:20:41.405000,14:13:0b:44:19:e5,0,-87
2024-04-05T11:20:41.426000,14:13:0b:44:19:e5,0,-83
2024-04-05T11:20:41.438000,cb:94:54:ed:5d:28,1,-79
2024-04-05T11:20:41.450000,14:13:0b:44:19:e5,0,-94
2024-04-05T11:20:41.468000,6e:8a:63:9b:35:33,1,-93
2024-04-05T11:20:41.472000,14:13:0b:44:19:e5,0,-88
2024-04-05T11:20:41.490000,14:13:0b:44:19:e5,0,-82
2024-04-05T11:20:41.511000,14:13:0b:44:19:e5,0,-95
2024-04-05T11:20:41.535000,14:13:0b:44:19:e5,0,-96
2024-04-05T11:20:41.554000,14:13:0b:44:19:e5,0,-87
2024-04-05T11:20:41.575000,14:13:0b:44:19:e5,0,-82
2024-04-05T11:20:41.598000,14:13:0b:44:19:e5,0,-95
2024-04-05T11:20:41.619000,14:13:0b:44:19:e5,0,-88
2024-04-05T11:20:41.629000,65:ee:a6:5d:73:64,1,-76
2024-04-05T11:20:41.638000,14:13:0b:44:19:e5,0,-84
2024-04-05T11:20:41.675000,c5:25:2b:73:d9:fd,1,-93
2024-04-05T11:20:41.683000,14:13:0b:44:19:e5,0,-87
2024-04-05T11:20:41.701000,14:13:0b:44:19:e5,0,-84
2024-04-05T11:20:41.725000,14:13:0b:44:19:e5,0,-82
2024-04-05T11:20:41.750000,14:13:0b:44:19:e5,0,-95
2024-04-05T11:20:41.769000,14:13:0b:44:19:e5,0,-87
2024-04-05T11:20:41.784000,69:a7:43:2b:ec:af,1,-84
2024-04-05T11:20:41.793000,14:13:0b:44:19:e5,0,-83
2024-04-05T11:20:41.815000,14:13:0b:44:19:e5,0,-81
2024-04-05T11:20:41.837000,14:13:0b:44:19:e5,0,-97
2024-04-05T11:20:41.859000,14:13:0b:44:19:e5,0,-86
2024-04-05T11:20:41.868000,cb:94:54:ed:5d:28,1,-80
2024-04-05T11:20:41.878000,14:13:0b:44:19:e5,0,-83
2024-04-05T11:20:41.900000,14:13:0b:44:19:e5,0,-96
2024-04-05T11:20:41.906000,65:ee:a6:5d:73:64,1,-84
2024-04-05T11:20:41.923000,14:13:0b:44:19:e5,0,-95
2024-04-05T11:20:41.944000,14:13:0b:44:19:e5,0,-86
2024-04-05T11:20:41.957000,ff:cb:d1:dc:df:ea,1,-41
2024-04-05T11:20:41.975000,14:13:0b:44:19:e5,0,-82
2024-04-05T11:20:41.987000,14:13:0b:44:19:e5,0,-97
2024-04-05T11:20:42.009000,14:13:0b:44:19:e5,0,-87
2024-04-05T11:20:42.031000,14:13:0b:44:19:e5,0,-81
2024-04-05T11:20:42.053000,14:13:0b:44:19:e5,0,-82
2024-04-05T11:20:42.076000,14:13:0b:44:19:e5,0,-96
2024-04-05T11:20:42.095000,14:13:0b:44:19:e5,0,-86
2024-04-05T11:20:42.115000,14:13:0b:44:19:e5,0,-83
2024-04-05T11:20:42.136000,14:13:0b:44:19:e5,0,-96
2024-04-05T11:20:42.155000,14:13:0b:44:19:e5,0,-87
2024-04-05T11:20:42.181000,14:13:0b:44:19:e5,0,-83
2024-04-05T11:20:42.195000,65:ee:a6:5d:73:64,1,-78
2024-04-05T11:20:42.205000,69:a7:43:2b:ec:af,1,-84
2024-04-05T11:20:42.216000,6e:8a:63:9b:35:33,1,-92
2024-04-05T11:20:42.224000,a4:c1:38:e0:67:ae,0,-60
2024-04-05T11:20:42.235000,a0:de:0f:9b:a4:02,0,-82
2024-04-05T11:20:42.285000,cb:94:54:ed:5d:28,1,-85
2024-04-05T11:20:42.594000,6e:8a:63:9b:35:33,1,-90
2024-04-05T11:20:42.621000,e8:d2:ed:ce:49:81,1,-53
2024-04-05T11:20:42.632000,69:a7:43:2b:ec:af,1,-85
2024-04-05T11:20:42.709000,cb:94:54:ed:5d:28,1,-85
2024-04-05T11:20:42.766000,65:ee:a6:5d:73:64,1,-76
2024-04-05T11:20:42.788000,a0:de:0f:9b:a4:02,0,-84
2024-04-05T11:20:42.809000,ff:cb:d1:dc:df:ea,1,-53
2024-04-05T11:20:42.880000,dc:23:4f:a9:9a:46,0,-86
2024-04-05T11:20:43.045000,69:a7:43:2b:ec:af,1,-85
2024-04-05T11:20:43.056000,65:ee:a6:5d:73:64,1,-73
2024-04-05T11:20:43.128000,cb:94:54:ed:5d:28,1,-85
2024-04-05T11:20:43.331000,6e:8a:63:9b:35:33,1,-98
2024-04-05T11:20:43.339000,65:ee:a6:5d:73:64,1,-77
2024-04-05T11:20:43.464000,14:13:0b:44:19:e5,0,-84
2024-04-05T11:20:43.472000,69:a7:43:2b:ec:af,1,-85
2024-04-05T11:20:43.548000,cb:94:54:ed:5d:28,1,-84
2024-04-05T11:20:43.625000,65:ee:a6:5d:73:64,1,-73
2024-04-05T11:20:43.664000,ff:cb:d1:dc:df:ea,1,-42
2024-04-05T11:20:43.851000,43:29:1c:75:64:02,1,-97
2024-04-05T11:20:43.889000,69:a7:43:2b:ec:af,1,-85
2024-04-05T11:20:43.914000,65:ee:a6:5d:73:64,1,-85
2024-04-05T11:20:43.970000,cb:94:54:ed:5d:28,1,-84
2024-04-05T11:20:44.122000,43:29:1c:75:64:02,1,-97
2024-04-05T11:20:44.200000,65:ee:a6:5d:73:64,1,-72
2024-04-05T11:20:44.394000,cb:94:54:ed:5d:28,1,-84
2024-04-05T11:20:44.434000,a0:de:0f:9b:a4:02,0,-82
2024-04-05T11:20:44.453000,a4:c1:38:e0:67:ae,0,-63
2024-04-05T11:20:44.524000,ff:cb:d1:dc:df:ea,1,-46
2024-04-05T11:20:44.732000,69:a7:43:2b:ec:af,1,-84
2024-04-05T11:20:44.811000,65:ee:a6:5d:73:64,1,-73
2024-04-05T11:20:44.819000,cb:94:54:ed:5d:28,1,-83
2024-04-05T11:20:44.887000,dc:23:4f:a9:9a:46,0,-87
2024-04-05T11:20:44.988000,a0:de:0f:9b:a4:02,0,-89
2024-04-05T11:20:45.050000,eb:33:61:f3:63:aa,1,-98
2024-04-05T11:20:45.056000,65:ee:a6:5d:73:64,1,-85
2024-04-05T11:20:45.130000,e8:d2:ed:ce:49:81,1,-54
2024-04-05T11:20:45.155000,69:a7:43:2b:ec:af,1,-84
2024-04-05T11:20:45.239000,cb:94:54:ed:5d:28,1,-82
2024-04-05T11:20:45.347000,65:ee:a6:5d:73:64,1,-76
2024-04-05T11:20:45.379000,ff:cb:d1:dc:df:ea,1,-42
2024-04-05T11:20:45.537000,a0:de:0f:9b:a4:02,0,-81
2024-04-05T11:20:45.587000,69:a7:43:2b:ec:af,1,-89
2024-04-05T11:20:45.636000,65:ee:a6:5d:73:64,1,-73
2024-04-05T11:20:45.658000,cb:94:54:ed:5d:28,1,-82
2024-04-05T11:20:45.922000,65:ee:a6:5d:73:64,1,-77
2024-04-05T11:20:45.996000,69:a7:43:2b:ec:af,1,-86
2024-04-05T11:20:46.034000,43:29:1c:75:64:02,1,-97
2024-04-05T11:20:46.045000,14:13:0b:44:19:e5,0,-93
2024-04-05T11:20:46.085000,a0:de:0f:9b:a4:02,0,-83
2024-04-05T11:20:46.102000,cb:94:54:ed:5d:28,1,-79
2024-04-05T11:20:46.200000,65:ee:a6:5d:73:64,1,-89
2024-04-05T11:20:46.241000,ff:cb:d1:dc:df:ea,1,-45
2024-04-05T11:20:46.414000,69:a7:43:2b:ec:af,1,-87
2024-04-05T11:20:46.488000,65:ee:a6:5d:73:64,1,-79
2024-04-05T11:20:46.506000,cb:94:54:ed:5d:28,1,-80
2024-04-05T11:20:46.524000,a4:c1:38:e0:67:ae,0,-63
2024-04-05T11:20:46.656000,6e:8a:63:9b:35:33,1,-94
2024-04-05T11:20:46.770000,65:ee:a6:5d:73:64,1,-89
2024-04-05T11:20:46.840000,69:a7:43:2b:ec:af,1,-87
2024-04-05T11:20:46.849000,6e:8a:63:9b:35:33,1,-94
2024-04-05T11:20:46.897000,dc:23:4f:a9:9a:46,0,-88
2024-04-05T11:20:46.927000,cb:94:54:ed:5d:28,1,-80
2024-04-05T11:20:47.054000,eb:33:61:f3:63:aa,1,-94
2024-04-05T11:20:47.060000,65:ee:a6:5d:73:64,1,-77
2024-04-05T11:20:47.097000,ff:cb:d1:dc:df:ea,1,-52
2024-04-05T11:20:47.148000,43:29:1c:75:64:02,1,-96
2024-04-05T11:20:47.190000,a0:de:0f:9b:a4:02,0,-82
2024-04-05T11:20:47.208000,6e:8a:63:9b:35:33,1,-97
2024-04-05T11:20:47.260000,69:a7:43:2b:ec:af,1,-87
2024-04-05T11:20:47.326000,14:13:0b:44:19:e5,0,-92
2024-04-05T11:20:47.340000,65:ee:a6:5d:73:64,1,-89
2024-04-05T11:20:47.347000,cb:94:54:ed:5d:28,1,-80
2024-04-05T11:20:47.420000,43:29:1c:75:64:02,1,-102
2024-04-05T11:20:47.628000,65:ee:a6:5d:73:64,1,-75
2024-04-05T11:20:47.632000,e8:d2:ed:ce:49:81,1,-53
2024-04-05T11:20:47.741000,a0:de:0f:9b:a4:02,0,-82
2024-04-05T11:20:47.772000,cb:94:54:ed:5d:28,1,-80
2024-04-05T11:20:47.904000,dc:23:4f:a9:9a:46,0,-85
2024-04-05T11:20:47.956000,ff:cb:d1:dc:df:ea,1,-43
2024-04-05T11:20:48.111000,69:a7:43:2b:ec:af,1,-94
2024-04-05T11:20:48.201000,cb:94:54:ed:5d:28,1,-81
2024-04-05T11:20:48.294000,a0:de:0f:9b:a4:02,0,-81
2024-04-05T11:20:48.323000,6e:8a:63:9b:35:33,1,-97
2024-04-05T11:20:48.487000,65:ee:a6:5d:73:64,1,-78
2024-04-05T11:20:48.616000,14:13:0b:44:19:e5,0,-88
2024-04-05T11:20:48.622000,cb:94:54:ed:5d:28,1,-82
2024-04-05T11:20:48.695000,6e:8a:63:9b:35:33,1,-94
2024-04-05T11:20:48.729000,a4:c1:38:e0:67:ae,0,-63
2024-04-05T11:20:48.818000,ff:cb:d1:dc:df:ea,1,-45
2024-04-05T11:20:48.849000,a0:de:0f:9b:a4:02,0,-82
2024-04-05T11:20:48.878000,6e:8a:63:9b:35:33,1,-93
2024-04-05T11:20:48.906000,dc:23:4f:a9:9a:46,0,-86
2024-04-05T11:20:48.957000,69:a7:43:2b:ec:af,1,-83
2024-04-05T11:20:49.036000,cb:94:54:ed:5d:28,1,-82
2024-04-05T11:20:49.062000,65:ee:a6:5d:73:64,1,-76
2024-04-05T11:20:49.251000,6e:8a:63:9b:35:33,1,-88
2024-04-05T11:20:49.382000,69:a7:43:2b:ec:af,1,-82
2024-04-05T11:20:49.398000,a0:de:0f:9b:a4:02,0,-88
2024-04-05T11:20:49.458000,cb:94:54:ed:5d:28,1,-83
2024-04-05T11:20:49.635000,65:ee:a6:5d:73:64,1,-77
2024-04-05T11:20:49.671000,ff:cb:d1:dc:df:ea,1,-42
2024-04-05T11:20:49.691000,c5:25:2b:73:d9:fd,1,-89
2024-04-05T11:20:49.800000,69:a7:43:2b:ec:af,1,-82
2024-04-05T11:20:49.828000,45:56:6b:4a:15:da,1,-96
2024-04-05T11:20:49.877000,cb:94:54:ed:5d:28,1,-83
2024-04-05T11:20:49.900000,14:13:0b:44:19:e5,0,-91
2024-04-05T11:20:49.922000,65:ee:a6:5d:73:64,1,-89
2024-04-05T11:20:50.138000,e8:d2:ed:ce:49:81,1,-55
2024-04-05T11:20:50.207000,65:ee:a6:5d:73:64,1,-76
2024-04-05T11:20:50.221000,69:a7:43:2b:ec:af,1,-82
2024-04-05T11:20:50.297000,cb:94:54:ed:5d:28,1,-84
2024-04-05T11:20:50.492000,65:ee:a6:5d:73:64,1,-81
2024-04-05T11:20:50.496000,a0:de:0f:9b:a4:02,0,-82
2024-04-05T11:20:50.529000,ff:cb:d1:dc:df:ea,1,-47
2024-04-05T11:20:50.644000,69:a7:43:2b:ec:af,1,-85
2024-04-05T11:20:50.721000,cb:94:54:ed:5d:28,1,-85
2024-04-05T11:20:50.786000,a4:c1:38:e0:67:ae,0,-67
2024-04-05T11:20:50.918000,dc:23:4f:a9:9a:46,0,-89
2024-04-05T11:20:51.048000,a0:de:0f:9b:a4:02,0,-87
2024-04-05T11:20:51.064000,69:a7:43:2b:ec:af,1,-85
2024-04-05T11:20:51.103000,6e:8a:63:9b:35:33,1,-88
2024-04-05T11:20:51.139000,cb:94:54:ed:5d:28,1,-83
2024-04-05T11:20:51.186000,14:13:0b:44:19:e5,0,-79
2024-04-05T11:20:51.349000,65:ee:a6:5d:73:64,1,-73
2024-04-05T11:20:51.386000,ff:cb:d1:dc:df:ea,1,-46
2024-04-05T11:20:51.478000,6e:8a:63:9b:35:33,1,-89
2024-04-05T11:20:51.484000,69:a7:43:2b:ec:af,1,-86
2024-04-05T11:20:51.563000,cb:94:54:ed:5d:28,1,-83
2024-04-05T11:20:51.600000,a0:de:0f:9b:a4:02,0,-81
2024-04-05T11:20:51.635000,65:ee:a6:5d:73:64,1,-76
2024-04-05T11:20:51.664000,6e:8a:63:9b:35:33,1,-89
2024-04-05T11:20:51.908000,69:a7:43:2b:ec:af,1,-87
2024-04-05T11:20:51.987000,cb:94:54:ed:5d:28,1,-82
2024-04-05T11:20:52.158000,a0:de:0f:9b:a4:02,0,-90
2024-04-05T11:20:52.209000,65:ee:a6:5d:73:64,1,-75
2024-04-05T11:20:52.239000,ff:cb:d1:dc:df:ea,1,-45
2024-04-05T11:20:52.329000,69:a7:43:2b:ec:af,1,-88
2024-04-05T11:20:52.371000,43:29:1c:75:64:02,1,-100
2024-04-05T11:20:52.410000,cb:94:54:ed:5d:28,1,-82
2024-04-05T11:20:52.419000,6e:8a:63:9b:35:33,1,-90
2024-04-05T11:20:52.475000,14:13:0b:44:19:e5,0,-74
2024-04-05T11:20:52.641000,e8:d2:ed:ce:49:81,1,-53
2024-04-05T11:20:52.704000,a0:de:0f:9b:a4:02,0,-81
2024-04-05T11:20:52.757000,69:a7:43:2b:ec:af,1,-95
2024-04-05T11:20:52.776000,6e:8a:63:9b:35:33,1,-90
2024-04-05T11:20:52.781000,65:ee:a6:5d:73:64,1,-74
2024-04-05T11:20:52.808000,a4:c1:38:e0:67:ae,0,-64
2024-04-05T11:20:52.837000,cb:94:54:ed:5d:28,1,-83
2024-04-05T11:20:52.959000,6e:8a:63:9b:35:33,1,-88
2024-04-05T11:20:53.065000,65:ee:a6:5d:73:64,1,-80
2024-04-05T11:20:53.096000,ff:cb:d1:dc:df:ea,1,-48
2024-04-05T11:20:53.141000,6e:8a:63:9b:35:33,1,-91
2024-04-05T11:20:53.176000,69:a7:43:2b:ec:af,1,-91
2024-04-05T11:20:53.189000,43:29:1c:75:64:02,1,-96
2024-04-05T11:20:53.252000,a0:de:0f:9b:a4:02,0,-80
2024-04-05T11:20:53.262000,a0:de:0f:9b:a4:02,0,-84
2024-04-05T11:20:53.273000,cb:94:54:ed:5d:28,1,-82
2024-04-05T11:20:53.329000,6e:8a:63:9b:35:33,1,-86
2024-04-05T11:20:53.358000,65:ee:a6:5d:73:64,1,-76
2024-04-05T11:20:53.514000,6e:8a:63:9b:35:33,1,-86
2024-04-05T11:20:53.600000,69:a7:43:2b:ec:af,1,-93
2024-04-05T11:20:53.642000,65:ee:a6:5d:73:64,1,-82
2024-04-05T11:20:53.686000,cb:94:54:ed:5d:28,1,-84
2024-04-05T11:20:53.759000,14:13:0b:44:19:e5,0,-74
2024-04-05T11:20:53.808000,a0:de:0f:9b:a4:02,0,-88
2024-04-05T11:20:53.847000,45:56:6b:4a:15:da,1,-99
2024-04-05T11:20:53.922000,dc:23:4f:a9:9a:46,0,-85
2024-04-05T11:20:53.935000,dc:23:4f:a9:9a:46,0,-82
2024-04-05T11:20:53.955000,65:ee:a6:5d:73:64,1,-74
2024-04-05T11:20:53.958000,ff:cb:d1:dc:df:ea,1,-42
2024-04-05T11:20:54.075000,6e:8a:63:9b:35:33,1,-92
2024-04-05T11:20:54.110000,cb:94:54:ed:5d:28,1,-83
2024-04-05T11:20:54.214000,65:ee:a6:5d:73:64,1,-74
2024-04-05T11:20:54.449000,6e:8a:63:9b:35:33,1,-87
2024-04-05T11:20:54.502000,65:ee:a6:5d:73:64,1,-76
2024-04-05T11:20:54.532000,cb:94:54:ed:5d:28,1,-86
2024-04-05T11:20:54.787000,65:ee:a6:5d:73:64,1,-75
2024-04-05T11:20:54.816000,6e:8a:63:9b:35:33,1,-90
2024-04-05T11:20:54.820000,ff:cb:d1:dc:df:ea,1,-46
2024-04-05T11:20:54.845000,a4:c1:38:e0:67:ae,0,-63
2024-04-05T11:20:54.908000,a0:de:0f:9b:a4:02,0,-83
2024-04-05T11:20:54.955000,cb:94:54:ed:5d:28,1,-82
2024-04-05T11:20:54.998000,6e:8a:63:9b:35:33,1,-96
2024-04-05T11:20:55.044000,14:13:0b:44:19:e5,0,-80
2024-04-05T11:20:55.072000,eb:33:61:f3:63:aa,1,-95
2024-04-05T11:20:55.140000,e8:d2:ed:ce:49:81,1,-53
2024-04-05T11:20:55.184000,6e:8a:63:9b:35:33,1,-89
2024-04-05T11:20:55.361000,65:ee:a6:5d:73:64,1,-75
2024-04-05T11:20:55.372000,6e:8a:63:9b:35:33,1,-87
2024-04-05T11:20:55.384000,cb:94:54:ed:5d:28,1,-82
2024-04-05T11:20:55.675000,ff:cb:d1:dc:df:ea,1,-50
2024-04-05T11:20:55.712000,c5:25:2b:73:d9:fd,1,-95
2024-04-05T11:20:55.716000,69:a7:43:2b:ec:af,1,-87
2024-04-05T11:20:55.748000,6e:8a:63:9b:35:33,1,-88
2024-04-05T11:20:55.849000,45:56:6b:4a:15:da,1,-101
2024-04-05T11:20:55.930000,dc:23:4f:a9:9a:46,0,-85
2024-04-05T11:20:55.943000,65:ee:a6:5d:73:64,1,-74
2024-04-05T11:20:55.946000,6e:8a:63:9b:35:33,1,-87
2024-04-05T11:20:56.016000,a0:de:0f:9b:a4:02,0,-84
2024-04-05T11:20:56.140000,69:a7:43:2b:ec:af,1,-88
2024-04-05T11:20:56.217000,65:ee:a6:5d:73:64,1,-81
2024-04-05T11:20:56.311000,6e:8a:63:9b:35:33,1,-94
2024-04-05T11:20:56.334000,14:13:0b:44:19:e5,0,-88
2024-04-05T11:20:56.507000,65:ee:a6:5d:73:64,1,-75
2024-04-05T11:20:56.561000,69:a7:43:2b:ec:af,1,-87
2024-04-05T11:20:56.635000,cb:94:54:ed:5d:28,1,-83
2024-04-05T11:20:56.774000,43:29:1c:75:64:02,1,-97
2024-04-05T11:20:56.792000,65:ee:a6:5d:73:64,1,-84
2024-04-05T11:20:56.871000,6e:8a:63:9b:35:33,1,-95
2024-04-05T11:20:56.937000,dc:23:4f:a9:9a:46,0,-84
2024-04-05T11:20:56.979000,69:a7:43:2b:ec:af,1,-85
2024-04-05T11:20:57.028000,a4:c1:38:e0:67:ae,0,-65
2024-04-05T11:20:57.044000,43:29:1c:75:64:02,1,-98
2024-04-05T11:20:57.121000,a0:de:0f:9b:a4:02,0,-81
2024-04-05T11:20:57.189000,14:13:0b:44:19:e5,0,-78
2024-04-05T11:20:57.209000,14:13:0b:44:19:e5,0,-87
2024-04-05T11:20:57.247000,6e:8a:63:9b:35:33,1,-92
2024-04-05T11:20:57.257000,14:13:0b:44:19:e5,0,-82
2024-04-05T11:20:57.280000,14:13:0b:44:19:e5,0,-79
2024-04-05T11:20:57.299000,14:13:0b:44:19:e5,0,-89
2024-04-05T11:20:57.316000,43:29:1c:75:64:02,1,-99
2024-04-05T11:20:57.328000,14:13:0b:44:19:e5,0,-82
2024-04-05T11:20:57.340000,14:13:0b:44:19:e5,0,-79
2024-04-05T11:20:57.359000,14:13:0b:44:19:e5,0,-88
2024-04-05T11:20:57.367000,65:ee:a6:5d:73:64,1,-75
2024-04-05T11:20:57.381000,14:13:0b:44:19:e5,0,-82
2024-04-05T11:20:57.398000,ff:cb:d1:dc:df:ea,1,-46
2024-04-05T11:20:57.407000,14:13:0b:44:19:e5,0,-79
2024-04-05T11:20:57.421000,14:13:0b:44:19:e5,0,-89
2024-04-05T11:20:57.432000,6e:8a:63:9b:35:33,1,-87
2024-04-05T11:20:57.442000,14:13:0b:44:19:e5,0,-83
2024-04-05T11:20:57.465000,14:13:0b:44:19:e5,0,-82
2024-04-05T11:20:57.486000,cb:94:54:ed:5d:28,1,-82
2024-04-05T11:20:57.495000,14:13:0b:44:19:e5,0,-80
2024-04-05T11:20:57.508000,14:13:0b:44:19:e5,0,-89
2024-04-05T11:20:57.529000,14:13:0b:44:19:e5,0,-84
2024-04-05T11:20:57.577000,14:13:0b:44:19:e5,0,-80
2024-04-05T11:20:57.592000,43:29:1c:75:64:02,1,-96
2024-04-05T11:20:57.601000,14:13:0b:44:19:e5,0,-89
2024-04-05T11:20:57.622000,14:13:0b:44:19:e5,0,-83
2024-04-05T11:20:57.647000,e8:d2:ed:ce:49:81,1,-54
2024-04-05T11:20:57.658000,65:ee:a6:5d:73:64,1,-75
2024-04-05T11:20:57.666000,14:13:0b:44:19:e5,0,-80
2024-04-05T11:20:57.678000,a0:de:0f:9b:a4:02,0,-91
2024-04-05T11:20:57.689000,14:13:0b:44:19:e5,0,-90
2024-04-05T11:20:57.711000,14:13:0b:44:19:e5,0,-83
2024-04-05T11:20:57.719000,c5:25:2b:73:d9:fd,1,-85
2024-04-05T11:20:57.730000,14:13:0b:44:19:e5,0,-79
2024-04-05T11:20:57.752000,14:13:0b:44:19:e5,0,-89
2024-04-05T11:20:57.799000,14:13:0b:44:19:e5,0,-82
2024-04-05T11:20:57.821000,69:a7:43:2b:ec:af,1,-86
2024-04-05T11:20:57.845000,14:13:0b:44:19:e5,0,-79
2024-04-05T11:20:57.862000,43:29:1c:75:64:02,1,-98
2024-04-05T11:20:57.871000,14:13:0b:44:19:e5,0,-89
2024-04-05T11:20:57.891000,14:13:0b:44:19:e5,0,-82
2024-04-05T11:20:57.905000,cb:94:54:ed:5d:28,1,-84
2024-04-05T11:20:57.936000,14:13:0b:44:19:e5,0,-80
2024-04-05T11:20:57.944000,65:ee:a6:5d:73:64,1,-75
2024-04-05T11:20:57.948000,dc:23:4f:a9:9a:46,0,-81
2024-04-05T11:20:57.961000,14:13:0b:44:19:e5,0,-89
2024-04-05T11:20:57.982000,14:13:0b:44:19:e5,0,-84
2024-04-05T11:20:58.001000,14:13:0b:44:19:e5,0,-80
2024-04-05T11:20:58.021000,14:13:0b:44:19:e5,0,-90
2024-04-05T11:20:58.044000,14:13:0b:44:19:e5,0,-89
2024-04-05T11:20:58.066000,14:13:0b:44:19:e5,0,-82
2024-04-05T11:20:58.086000,14:13:0b:44:19:e5,0,-79
2024-04-05T11:20:58.106000,14:13:0b:44:19:e5,0,-90
2024-04-05T11:20:58.127000,14:13:0b:44:19:e5,0,-82
2024-04-05T11:20:58.150000,14:13:0b:44:19:e5,0,-80
2024-04-05T11:20:58.171000,14:13:0b:44:19:e5,0,-89
2024-04-05T11:20:58.218000,14:13:0b:44:19:e5,0,-83
2024-04-05T11:20:58.227000,a0:de:0f:9b:a4:02,0,-80
2024-04-05T11:20:58.238000,14:13:0b:44:19:e5,0,-78
2024-04-05T11:20:58.257000,ff:cb:d1:dc:df:ea,1,-50
2024-04-05T11:20:58.267000,14:13:0b:44:19:e5,0,-89
2024-04-05T11:20:58.307000,14:13:0b:44:19:e5,0,-83
2024-04-05T11:20:58.328000,cb:94:54:ed:5d:28,1,-84
2024-04-05T11:20:58.348000,14:13:0b:44:19:e5,0,-89
2024-04-05T11:20:58.362000,6e:8a:63:9b:35:33,1,-90
2024-04-05T11:20:58.372000,14:13:0b:44:19:e5,0,-82
2024-04-05T11:20:58.394000,14:13:0b:44:19:e5,0,-83
2024-04-05T11:20:58.414000,14:13:0b:44:19:e5,0,-80
2024-04-05T11:20:58.458000,14:13:0b:44:19:e5,0,-83
2024-04-05T11:20:58.481000,14:13:0b:44:19:e5,0,-80
2024-04-05T11:20:58.504000,14:13:0b:44:19:e5,0,-80
2024-04-05T11:20:58.511000,65:ee:a6:5d:73:64,1,-75
2024-04-05T11:20:58.526000,14:13:0b:44:19:e5,0,-89
2024-04-05T11:20:58.547000,6e:8a:63:9b:35:33,1,-87
2024-04-05T11:20:58.569000,14:13:0b:44:19:e5,0,-80
2024-04-05T11:20:58.590000,14:13:0b:44:19:e5,0,-89
2024-04-05T11:20:58.611000,14:13:0b:44:19:e5,0,-84
2024-04-05T11:20:58.630000,14:13:0b:44:19:e5,0,-80
2024-04-05T11:20:58.654000,14:13:0b:44:19:e5,0,-80
2024-04-05T11:20:58.695000,14:13:0b:44:19:e5,0,-82
2024-04-05T11:20:58.714000,14:13:0b:44:19:e5,0,-79
2024-04-05T11:20:58.736000,14:13:0b:44:19:e5,0,-92
2024-04-05T11:20:58.753000,cb:94:54:ed:5d:28,1,-83
2024-04-05T11:20:58.763000,14:13:0b:44:19:e5,0,-83
2024-04-05T11:20:58.779000,a0:de:0f:9b:a4:02,0,-83
2024-04-05T11:20:58.790000,14:13:0b:44:19:e5,0,-79
2024-04-05T11:20:58.797000,65:ee:a6:5d:73:64,1,-82
2024-04-05T11:20:58.802000,14:13:0b:44:19:e5,0,-91
2024-04-05T11:20:58.843000,14:13:0b:44:19:e5,0,-79
2024-04-05T11:20:58.862000,14:13:0b:44:19:e5,0,-91
2024-04-05T11:20:58.906000,14:13:0b:44:19:e5,0,-82
2024-04-05T11:20:58.921000,6e:8a:63:9b:35:33,1,-89
2024-04-05T11:20:58.930000,14:13:0b:44:19:e5,0,-80
2024-04-05T11:20:58.945000,dc:23:4f:a9:9a:46,0,-86
2024-04-05T11:20:58.959000,14:13:0b:44:19:e5,0,-80
2024-04-05T11:20:58.995000,14:13:0b:44:19:e5,0,-84
2024-04-05T11:20:59.017000,14:13:0b:44:19:e5,0,-80
2024-04-05T11:20:59.037000,14:13:0b:44:19:e5,0,-91
2024-04-05T11:20:59.060000,14:13:0b:44:19:e5,0,-83
2024-04-05T11:20:59.074000,a4:c1:38:e0:67:ae,0,-65
2024-04-05T11:20:59.089000,65:ee:a6:5d:73:64,1,-74
2024-04-05T11:20:59.094000,14:13:0b:44:19:e5,0,-79
2024-04-05T11:20:59.102000,14:13:0b:44:19:e5,0,-93
2024-04-05T11:20:59.110000,6e:8a:63:9b:35:33,1,-88
2024-04-05T11:20:59.115000,ff:cb:d1:dc:df:ea,1,-45
2024-04-05T11:20:59.127000,14:13:0b:44:19:e5,0,-91
2024-04-05T11:20:59.148000,14:13:0b:44:19:e5,0,-84
2024-04-05T11:20:59.171000,14:13:0b:44:19:e5,0,-80
2024-04-05T11:20:59.179000,cb:94:54:ed:5d:28,1,-82
2024-04-05T11:20:59.195000,14:13:0b:44:19:e5,0,-79
2024-04-05T11:20:59.218000,14:13:0b:44:19:e5,0,-91
2024-04-05T11:20:59.266000,14:13:0b:44:19:e5,0,-84
2024-04-05T11:20:59.290000,14:13:0b:44:19:e5,0,-80
2024-04-05T11:20:59.309000,14:13:0b:44:19:e5,0,-91
2024-04-05T11:20:59.329000,a0:de:0f:9b:a4:02,0,-92
2024-04-05T11:20:59.340000,14:13:0b:44:19:e5,0,-84
2024-04-05T11:20:59.352000,14:13:0b:44:19:e5,0,-79
2024-04-05T11:20:59.367000,65:ee:a6:5d:73:64,1,-82
2024-04-05T11:20:59.376000,14:13:0b:44:19:e5,0,-79
2024-04-05T11:20:59.396000,14:13:0b:44:19:e5,0,-91
2024-04-05T11:20:59.417000,14:13:0b:44:19:e5,0,-82
2024-04-05T11:20:59.436000,14:13:0b:44:19:e5,0,-79
2024-04-05T11:20:59.457000,14:13:0b:44:19:e5,0,-91
2024-04-05T11:20:59.478000,14:13:0b:44:19:e5,0,-82
2024-04-05T11:20:59.497000,14:13:0b:44:19:e5,0,-80
2024-04-05T11:20:59.518000,69:a7:43:2b:ec:af,1,-83
2024-04-05T11:20:59.541000,14:13:0b:44:19:e5,0,-83
2024-04-05T11:20:59.562000,14:13:0b:44:19:e5,0,-80
2024-04-05T11:20:59.586000,14:13:0b:44:19:e5,0,-80
2024-04-05T11:20:59.604000,cb:94:54:ed:5d:28,1,-82
2024-04-05T11:20:59.615000,14:13:0b:44:19:e5,0,-89
2024-04-05T11:20:59.629000,14:13:0b:44:19:e5,0,-82
2024-04-05T11:20:59.651000,14:13:0b:44:19:e5,0,-79
2024-04-05T11:20:59.658000,65:ee:a6:5d:73:64,1,-79
2024-04-05T11:20:59.674000,14:13:0b:44:19:e5,0,-85
2024-04-05T11:20:59.692000,14:13:0b:44:19:e5,0,-81
2024-04-05T11:20:59.711000,14:13:0b:44:19:e5,0,-79
2024-04-05T11:20:59.724000,c5:25:2b:73:d9:fd,1,-92
2024-04-05T11:20:59.731000,14:13:0b:44:19:e5,0,-85
2024-04-05T11:20:59.774000,14:13:0b:44:19:e5,0,-80
2024-04-05T11:20:59.795000,14:13:0b:44:19:e5,0,-79
2024-04-05T11:20:59.816000,14:13:0b:44:19:e5,0,-85
2024-04-05T11:20:59.864000,14:13:0b:44:19:e5,0,-84
2024-04-05T11:20:59.877000,a0:de:0f:9b:a4:02,0,-82
2024-04-05T11:20:59.888000,14:13:0b:44:19:e5,0,-81
2024-04-05T11:20:59.906000,14:13:0b:44:19:e5,0,-84
2024-04-05T11:20:59.931000,14:13:0b:44:19:e5,0,-83
2024-04-05T11:20:59.939000,65:ee:a6:5d:73:64,1,-84
2024-04-05T11:20:59.946000,dc:23:4f:a9:9a:46,0,-88
2024-04-05T11:20:59.967000,14:13:0b:44:19:e5,0,-85
2024-04-05T11:20:59.975000,ff:cb:d1:dc:df:ea,1,-47
2024-04-05T11:20:59.987000,14:13:0b:44:19:e5,0,-82
2024-04-05T11:20:59.999000,14:13:0b:44:19:e5,0,-87
2024-04-05T11:21:00.047000,14:13:0b:44:19:e5,0,-84
2024-04-05T11:21:00.070000,14:13:0b:44:19:e5,0,-85
2024-04-05T11:21:00.137000,14:13:0b:44:19:e5,0,-85
2024-04-05T11:21:00.150000,e8:d2:ed:ce:49:81,1,-56
2024-04-05T11:21:00.160000,14:13:0b:44:19:e5,0,-84
2024-04-05T11:21:00.224000,65:ee:a6:5d:73:64,1,-77
2024-04-05T11:21:00.244000,14:13:0b:44:19:e5,0,-82
2024-04-05T11:21:00.268000,14:13:0b:44:19:e5,0,-88
2024-04-05T11:21:00.291000,14:13:0b:44:19:e5,0,-83
2024-04-05T11:21:00.312000,14:13:0b:44:19:e5,0,-85
2024-04-05T11:21:00.332000,14:13:0b:44:19:e5,0,-89
2024-04-05T11:21:00.354000,69:a7:43:2b:ec:af,1,-84
2024-04-05T11:21:00.379000,14:13:0b:44:19:e5,0,-80
2024-04-05T11:21:00.399000,14:13:0b:44:19:e5,0,-81
2024-04-05T11:21:00.420000,14:13:0b:44:19:e5,0,-83
2024-04-05T11:21:00.427000,a0:de:0f:9b:a4:02,0,-87
2024-04-05T11:21:00.467000,14:13:0b:44:19:e5,0,-79
2024-04-05T11:21:00.490000,14:13:0b:44:19:e5,0,-79
2024-04-05T11:21:00.510000,65:ee:a6:5d:73:64,1,-83
2024-04-05T11:21:00.559000,14:13:0b:44:19:e5,0,-77
2024-04-05T11:21:00.579000,14:13:0b:44:19:e5,0,-79
2024-04-05T11:21:00.604000,14:13:0b:44:19:e5,0,-78
2024-04-05T11:21:00.645000,14:13:0b:44:19:e5,0,-75
2024-04-05T11:21:00.665000,14:13:0b:44:19:e5,0,-78
2024-04-05T11:21:00.684000,14:13:0b:44:19:e5,0,-82
2024-04-05T11:21:00.708000,14:13:0b:44:19:e5,0,-76
2024-04-05T11:21:00.729000,14:13:0b:44:19:e5,0,-78
2024-04-05T11:21:00.748000,14:13:0b:44:19:e5,0,-81
2024-04-05T11:21:00.769000,14:13:0b:44:19:e5,0,-75
2024-04-05T11:21:00.792000,14:13:0b:44:19:e5,0,-78
2024-04-05T11:21:00.799000,65:ee:a6:5d:73:64,1,-78
2024-04-05T11:21:00.812000,14:13:0b:44:19:e5,0,-83
2024-04-05T11:21:00.821000,ff:cb:d1:dc:df:ea,1,-46
2024-04-05T11:21:00.856000,14:13:0b:44:19:e5,0,-76
2024-04-05T11:21:00.867000,cb:94:54:ed:5d:28,1,-80
2024-04-05T11:21:00.877000,14:13:0b:44:19:e5,0,-79
2024-04-05T11:21:00.896000,14:13:0b:44:19:e5,0,-85
2024-04-05T11:21:00.918000,14:13:0b:44:19:e5,0,-78
2024-04-05T11:21:00.940000,14:13:0b:44:19:e5,0,-81
2024-04-05T11:21:00.959000,14:13:0b:44:19:e5,0,-90
2024-04-05T11:21:00.978000,a0:de:0f:9b:a4:02,0,-83
2024-04-05T11:21:00.988000,14:13:0b:44:19:e5,0,-80
2024-04-05T11:21:01.002000,14:13:0b:44:19:e5,0,-80
2024-04-05T11:21:01.022000,14:13:0b:44:19:e5,0,-90
2024-04-05T11:21:01.046000,14:13:0b:44:19:e5,0,-93
2024-04-05T11:21:01.067000,14:13:0b:44:19:e5,0,-81
2024-04-05T11:21:01.084000,65:ee:a6:5d:73:64,1,-74
2024-04-05T11:21:01.088000,14:13:0b:44:19:e5,0,-81
2024-04-05T11:21:01.107000,14:13:0b:44:19:e5,0,-91
2024-04-05T11:21:01.132000,14:13:0b:44:19:e5,0,-81
2024-04-05T11:21:01.149000,6e:8a:63:9b:35:33,1,-97
2024-04-05T11:21:01.156000,14:13:0b:44:19:e5,0,-83
2024-04-05T11:21:01.177000,14:13:0b:44:19:e5,0,-83
2024-04-05T11:21:01.197000,14:13:0b:44:19:e5,0,-91
2024-04-05T11:21:01.222000,14:13:0b:44:19:e5,0,-82
2024-04-05T11:21:01.241000,14:13:0b:44:19:e5,0,-80
2024-04-05T11:21:01.261000,14:13:0b:44:19:e5,0,-89
2024-04-05T11:21:01.291000,cb:94:54:ed:5d:28,1,-82
2024-04-05T11:21:01.305000,14:13:0b:44:19:e5,0,-81
2024-04-05T11:21:01.324000,14:13:0b:44:19:e5,0,-82
2024-04-05T11:21:01.364000,14:13:0b:44:19:e5,0,-82
2024-04-05T11:21:01.372000,65:ee:a6:5d:73:64,1,-77
2024-04-05T11:21:01.384000,14:13:0b:44:19:e5,0,-81
2024-04-05T11:21:01.412000,a4:c1:38:e0:67:ae,0,-62
2024-04-05T11:21:01.427000,14:13:0b:44:19:e5,0,-82
2024-04-05T11:21:01.447000,14:13:0b:44:19:e5,0,-82
2024-04-05T11:21:01.489000,14:13:0b:44:19:e5,0,-85
2024-04-05T11:21:01.512000,14:13:0b:44:19:e5,0,-83
2024-04-05T11:21:01.532000,14:13:0b:44:19:e5,0,-90
2024-04-05T11:21:01.554000,14:13:0b:44:19:e5,0,-88
2024-04-05T11:21:01.576000,14:13:0b:44:19:e5,0,-85
2024-04-05T11:21:01.596000,14:13:0b:44:19:e5,0,-82
2024-04-05T11:21:01.605000,69:a7:43:2b:ec:af,1,-89
2024-04-05T11:21:01.619000,14:13:0b:44:19:e5,0,-89
2024-04-05T11:21:01.655000,65:ee:a6:5d:73:64,1,-75
2024-04-05T11:21:01.662000,14:13:0b:44:19:e5,0,-82
2024-04-05T11:21:01.680000,ff:cb:d1:dc:df:ea,1,-47
2024-04-05T11:21:01.689000,14:13:0b:44:19:e5,0,-83
2024-04-05T11:21:01.705000,6e:8a:63:9b:35:33,1,-92
2024-04-05T11:21:01.710000,cb:94:54:ed:5d:28,1,-82
2024-04-05T11:21:01.728000,14:13:0b:44:19:e5,0,-83
2024-04-05T11:21:01.750000,14:13:0b:44:19:e5,0,-83
2024-04-05T11:21:01.818000,14:13:0b:44:19:e5,0,-82
2024-04-05T11:21:01.837000,14:13:0b:44:19:e5,0,-82
2024-04-05T11:21:01.858000,14:13:0b:44:19:e5,0,-91
2024-04-05T11:21:01.879000,14:13:0b:44:19:e5,0,-81
2024-04-05T11:21:01.899000,14:13:0b:44:19:e5,0,-82
2024-04-05T11:21:01.942000,14:13:0b:44:19:e5,0,-82
2024-04-05T11:21:01.950000,65:ee:a6:5d:73:64,1,-83
2024-04-05T11:21:01.961000,14:13:0b:44:19:e5,0,-83
2024-04-05T11:21:01.969000,dc:23:4f:a9:9a:46,0,-84
2024-04-05T11:21:01.983000,14:13:0b:44:19:e5,0,-90
2024-04-05T11:21:02.024000,14:13:0b:44:19:e5,0,-84
2024-04-05T11:21:02.032000,69:a7:43:2b:ec:af,1,-90
2024-04-05T11:21:02.049000,14:13:0b:44:19:e5,0,-83
2024-04-05T11:21:02.070000,a0:de:0f:9b:a4:02,0,-82
2024-04-05T11:21:02.082000,14:13:0b:44:19:e5,0,-82
2024-04-05T11:21:02.097000,14:13:0b:44:19:e5,0,-91
2024-04-05T11:21:02.131000,cb:94:54:ed:5d:28,1,-83
2024-04-05T11:21:02.142000,14:13:0b:44:19:e5,0,-83
2024-04-05T11:21:02.164000,14:13:0b:44:19:e5,0,-82
2024-04-05T11:21:02.188000,14:13:0b:44:19:e5,0,-90
2024-04-05T11:21:02.208000,14:13:0b:44:19:e5,0,-82
2024-04-05T11:21:02.228000,65:ee:a6:5d:73:64,1,-74
2024-04-05T11:21:02.266000,6e:8a:63:9b:35:33,1,-93
2024-04-05T11:21:02.446000,69:a7:43:2b:ec:af,1,-93
2024-04-05T11:21:02.518000,65:ee:a6:5d:73:64,1,-84
2024-04-05T11:21:02.536000,ff:cb:d1:dc:df:ea,1,-41
2024-04-05T11:21:02.550000,43:29:1c:75:64:02,1,-95
2024-04-05T11:21:02.560000,cb:94:54:ed:5d:28,1,-82
2024-04-05T11:21:02.628000,a0:de:0f:9b:a4:02,0,-83
2024-04-05T11:21:02.661000,e8:d2:ed:ce:49:81,1,-53
2024-04-05T11:21:02.807000,65:ee:a6:5d:73:64,1,-77
2024-04-05T11:21:02.819000,6e:8a:63:9b:35:33,1,-88
2024-04-05T11:21:02.874000,69:a7:43:2b:ec:af,1,-84
2024-04-05T11:21:02.972000,dc:23:4f:a9:9a:46,0,-86
2024-04-05T11:21:03.006000,c8:44:f2:41:54:87,1,-98
2024-04-05T11:21:03.088000,65:ee:a6:5d:73:64,1,-83
2024-04-05T11:21:03.378000,65:ee:a6:5d:73:64,1,-76
2024-04-05T11:21:03.390000,cb:94:54:ed:5d:28,1,-82
2024-04-05T11:21:03.399000,ff:cb:d1:dc:df:ea,1,-48
2024-04-05T11:21:03.494000,14:13:0b:44:19:e5,0,-82
2024-04-05T11:21:03.660000,43:29:1c:75:64:02,1,-96
2024-04-05T11:21:03.669000,65:ee:a6:5d:73:64,1,-75
2024-04-05T11:21:03.687000,a4:c1:38:e0:67:ae,0,-63
2024-04-05T11:21:03.712000,69:a7:43:2b:ec:af,1,-94
2024-04-05T11:21:03.728000,a0:de:0f:9b:a4:02,0,-82
2024-04-05T11:21:03.739000,c5:25:2b:73:d9:fd,1,-98
2024-04-05T11:21:03.811000,cb:94:54:ed:5d:28,1,-82
2024-04-05T11:21:03.931000,43:29:1c:75:64:02,1,-96
2024-04-05T11:21:03.949000,65:ee:a6:5d:73:64,1,-77
2024-04-05T11:21:03.979000,dc:23:4f:a9:9a:46,0,-84
2024-04-05T11:21:04.148000,69:a7:43:2b:ec:af,1,-83
2024-04-05T11:21:04.255000,ff:cb:d1:dc:df:ea,1,-48
2024-04-05T11:21:04.279000,a0:de:0f:9b:a4:02,0,-83
2024-04-05T11:21:04.438000,6e:8a:63:9b:35:33,1,-91
2024-04-05T11:21:04.561000,69:a7:43:2b:ec:af,1,-85
2024-04-05T11:21:04.621000,6e:8a:63:9b:35:33,1,-94
2024-04-05T11:21:04.652000,cb:94:54:ed:5d:28,1,-83
2024-04-05T11:21:04.778000,14:13:0b:44:19:e5,0,-82
2024-04-05T11:21:04.814000,65:ee:a6:5d:73:64,1,-77
2024-04-05T11:21:04.826000,a0:de:0f:9b:a4:02,0,-81
2024-04-05T11:21:04.982000,dc:23:4f:a9:9a:46,0,-86
2024-04-05T11:21:05.071000,cb:94:54:ed:5d:28,1,-82
2024-04-05T11:21:05.094000,65:ee:a6:5d:73:64,1,-84
2024-04-05T11:21:05.109000,ff:cb:d1:dc:df:ea,1,-45
2024-04-05T11:21:05.165000,e8:d2:ed:ce:49:81,1,-55
2024-04-05T11:21:05.377000,65:ee:a6:5d:73:64,1,-74
2024-04-05T11:21:05.381000,a0:de:0f:9b:a4:02,0,-82
2024-04-05T11:21:05.406000,69:a7:43:2b:ec:af,1,-88
2024-04-05T11:21:05.661000,65:ee:a6:5d:73:64,1,-77
2024-04-05T11:21:05.835000,69:a7:43:2b:ec:af,1,-86
2024-04-05T11:21:05.916000,cb:94:54:ed:5d:28,1,-81
2024-04-05T11:21:05.933000,6e:8a:63:9b:35:33,1,-94
2024-04-05T11:21:05.941000,65:ee:a6:5d:73:64,1,-82
2024-04-05T11:21:05.965000,ff:cb:d1:dc:df:ea,1,-46
2024-04-05T11:21:05.989000,dc:23:4f:a9:9a:46,0,-83
2024-04-05T11:21:06.077000,a4:c1:38:e0:67:ae,0,-62
2024-04-05T11:21:06.110000,6e:8a:63:9b:35:33,1,-94
2024-04-05T11:21:06.232000,65:ee:a6:5d:73:64,1,-76
2024-04-05T11:21:06.249000,69:a7:43:2b:ec:af,1,-85
2024-04-05T11:21:06.337000,cb:94:54:ed:5d:28,1,-81
2024-04-05T11:21:06.481000,a0:de:0f:9b:a4:02,0,-81
2024-04-05T11:21:06.520000,65:ee:a6:5d:73:64,1,-74
2024-04-05T11:21:06.671000,69:a7:43:2b:ec:af,1,-88
2024-04-05T11:21:06.755000,cb:94:54:ed:5d:28,1,-81
2024-04-05T11:21:06.808000,65:ee:a6:5d:73:64,1,-83
2024-04-05T11:21:06.824000,ff:cb:d1:dc:df:ea,1,-42
2024-04-05T11:21:06.996000,dc:23:4f:a9:9a:46,0,-88
2024-04-05T11:21:07.090000,69:a7:43:2b:ec:af,1,-89
2024-04-05T11:21:07.099000,65:ee:a6:5d:73:64,1,-77
2024-04-05T11:21:07.180000,cb:94:54:ed:5d:28,1,-81
2024-04-05T11:21:07.352000,14:13:0b:44:19:e5,0,-81
2024-04-05T11:21:07.380000,65:ee:a6:5d:73:64,1,-82
2024-04-05T11:21:07.515000,69:a7:43:2b:ec:af,1,-97
2024-04-05T11:21:07.583000,a0:de:0f:9b:a4:02,0,-83
2024-04-05T11:21:07.599000,cb:94:54:ed:5d:28,1,-81
2024-04-05T11:21:07.670000,65:ee:a6:5d:73:64,1,-75
2024-04-05T11:21:07.675000,e8:d2:ed:ce:49:81,1,-52
2024-04-05T11:21:07.687000,ff:cb:d1:dc:df:ea,1,-48
2024-04-05T11:21:07.804000,53:d8:64:40:5d:b4,1,-95
2024-04-05T11:21:07.931000,69:a7:43:2b:ec:af,1,-83
2024-04-05T11:21:07.941000,5f:94:eb:51:bd:d6,1,-97
2024-04-05T11:21:07.953000,65:ee:a6:5d:73:64,1,-84
2024-04-05T11:21:07.961000,6e:8a:63:9b:35:33,1,-99
2024-04-05T11:21:08.017000,cb:94:54:ed:5d:28,1,-81
2024-04-05T11:21:08.131000,a0:de:0f:9b:a4:02,0,-81
2024-04-05T11:21:08.240000,65:ee:a6:5d:73:64,1,-76
2024-04-05T11:21:08.351000,69:a7:43:2b:ec:af,1,-83
2024-04-05T11:21:08.444000,cb:94:54:ed:5d:28,1,-82
2024-04-05T11:21:08.476000,a4:c1:38:e0:67:ae,0,-62
2024-04-05T11:21:08.527000,65:ee:a6:5d:73:64,1,-74
2024-04-05T11:21:08.541000,ff:cb:d1:dc:df:ea,1,-42
2024-04-05T11:21:08.637000,14:13:0b:44:19:e5,0,-80
2024-04-05T11:21:08.689000,a0:de:0f:9b:a4:02,0,-83
2024-04-05T11:21:08.771000,69:a7:43:2b:ec:af,1,-84
2024-04-05T11:21:08.817000,65:ee:a6:5d:73:64,1,-82
2024-04-05T11:21:08.862000,cb:94:54:ed:5d:28,1,-82
2024-04-05T11:21:09.008000,dc:23:4f:a9:9a:46,0,-86
2024-04-05T11:21:09.107000,65:ee:a6:5d:73:64,1,-77
2024-04-05T11:21:09.191000,69:a7:43:2b:ec:af,1,-83
2024-04-05T11:21:09.241000,a0:de:0f:9b:a4:02,0,-82
2024-04-05T11:21:09.289000,cb:94:54:ed:5d:28,1,-84
2024-04-05T11:21:09.440000,43:29:1c:75:64:02,1,-97
2024-04-05T11:21:09.616000,69:a7:43:2b:ec:af,1,-92
2024-04-05T11:21:09.644000,6e:8a:63:9b:35:33,1,-97
2024-04-05T11:21:09.687000,65:ee:a6:5d:73:64,1,-85
2024-04-05T11:21:09.707000,cb:94:54:ed:5d:28,1,-82
2024-04-05T11:21:09.791000,a0:de:0f:9b:a4:02,0,-82
2024-04-05T11:21:09.924000,14:13:0b:44:19:e5,0,-80
2024-04-05T11:21:09.969000,65:ee:a6:5d:73:64,1,-74
2024-04-05T11:21:09.992000,43:29:1c:75:64:02,1,-96
2024-04-05T11:21:10.014000,dc:23:4f:a9:9a:46,0,-85
2024-04-05T11:21:10.172000,e8:d2:ed:ce:49:81,1,-57
2024-04-05T11:21:10.342000,a0:de:0f:9b:a4:02,0,-89
2024-04-05T11:21:10.455000,69:a7:43:2b:ec:af,1,-93
2024-04-05T11:21:10.535000,65:ee:a6:5d:73:64,1,-73
2024-04-05T11:21:10.553000,cb:94:54:ed:5d:28,1,-86
2024-04-05T11:21:10.592000,a4:c1:38:e0:67:ae,0,-65
2024-04-05T11:21:10.880000,69:a7:43:2b:ec:af,1,-85
2024-04-05T11:21:10.891000,a0:de:0f:9b:a4:02,0,-88
2024-04-05T11:21:10.975000,cb:94:54:ed:5d:28,1,-81
2024-04-05T11:21:11.025000,dc:23:4f:a9:9a:46,0,-83
2024-04-05T11:21:11.107000,65:ee:a6:5d:73:64,1,-73
2024-04-05T11:21:11.115000,ff:cb:d1:dc:df:ea,1,-42
2024-04-05T11:21:11.212000,14:13:0b:44:19:e5,0,-75
2024-04-05T11:21:11.303000,6e:8a:63:9b:35:33,1,-99
2024-04-05T11:21:11.313000,69:a7:43:2b:ec:af,1,-88
2024-04-05T11:21:11.362000,43:29:1c:75:64:02,1,-98
2024-04-05T11:21:11.447000,a0:de:0f:9b:a4:02,0,-85
2024-04-05T11:21:11.640000,43:29:1c:75:64:02,1,-96
2024-04-05T11:21:11.677000,6e:8a:63:9b:35:33,1,-97
2024-04-05T11:21:11.689000,65:ee:a6:5d:73:64,1,-77
2024-04-05T11:21:11.821000,cb:94:54:ed:5d:28,1,-80
2024-04-05T11:21:11.969000,65:ee:a6:5d:73:64,1,-79
2024-04-05T11:21:11.976000,ff:cb:d1:dc:df:ea,1,-45
2024-04-05T11:21:11.993000,a0:de:0f:9b:a4:02,0,-86
2024-04-05T11:21:12.147000,69:a7:43:2b:ec:af,1,-84
2024-04-05T11:21:12.246000,cb:94:54:ed:5d:28,1,-84
2024-04-05T11:21:12.264000,65:ee:a6:5d:73:64,1,-80
2024-04-05T11:21:12.498000,14:13:0b:44:19:e5,0,-75
2024-04-05T11:21:12.540000,65:ee:a6:5d:73:64,1,-86
2024-04-05T11:21:12.550000,a0:de:0f:9b:a4:02,0,-84
2024-04-05T11:21:12.569000,69:a7:43:2b:ec:af,1,-85
2024-04-05T11:21:12.657000,a4:c1:38:e0:67:ae,0,-61
2024-04-05T11:21:12.668000,cb:94:54:ed:5d:28,1,-84
2024-04-05T11:21:12.684000,e8:d2:ed:ce:49:81,1,-53
2024-04-05T11:21:12.793000,6e:8a:63:9b:35:33,1,-98
2024-04-05T11:21:12.827000,65:ee:a6:5d:73:64,1,-74
2024-04-05T11:21:12.989000,69:a7:43:2b:ec:af,1,-85
2024-04-05T11:21:13.017000,43:29:1c:75:64:02,1,-96
2024-04-05T11:21:13.044000,dc:23:4f:a9:9a:46,0,-86
2024-04-05T11:21:13.086000,cb:94:54:ed:5d:28,1,-85
2024-04-05T11:21:13.099000,a0:de:0f:9b:a4:02,0,-84
2024-04-05T11:21:13.114000,65:ee:a6:5d:73:64,1,-82
2024-04-05T11:21:13.120000,65:ee:a6:5d:73:64,1,-73
2024-04-05T11:21:13.398000,65:ee:a6:5d:73:64,1,-75
2024-04-05T11:21:13.408000,69:a7:43:2b:ec:af,1,-81
2024-04-05T11:21:13.511000,cb:94:54:ed:5d:28,1,-78
2024-04-05T11:21:13.545000,6e:8a:63:9b:35:33,1,-100
2024-04-05T11:21:13.646000,a0:de:0f:9b:a4:02,0,-81
2024-04-05T11:21:13.678000,65:ee:a6:5d:73:64,1,-84
2024-04-05T11:21:13.727000,6e:8a:63:9b:35:33,1,-99
2024-04-05T11:21:13.782000,14:13:0b:44:19:e5,0,-78
2024-04-05T11:21:13.829000,69:a7:43:2b:ec:af,1,-82
2024-04-05T11:21:13.932000,cb:94:54:ed:5d:28,1,-80
2024-04-05T11:21:13.967000,65:ee:a6:5d:73:64,1,-75
2024-04-05T11:21:14.031000,dc:23:4f:a9:9a:46,0,-85
2024-04-05T11:21:14.199000,a0:de:0f:9b:a4:02,0,-83
2024-04-05T11:21:14.249000,69:a7:43:2b:ec:af,1,-85
2024-04-05T11:21:14.268000,65:ee:a6:5d:73:64,1,-77
2024-04-05T11:21:14.354000,cb:94:54:ed:5d:28,1,-87
2024-04-05T11:21:14.545000,ff:cb:d1:dc:df:ea,1,-45
2024-04-05T11:21:14.671000,43:29:1c:75:64:02,1,-98
2024-04-05T11:21:14.743000,a4:c1:38:e0:67:ae,0,-63
2024-04-05T11:21:14.771000,cb:94:54:ed:5d:28,1,-81
2024-04-05T11:21:14.828000,65:ee:a6:5d:73:64,1,-76
2024-04-05T11:21:14.942000,43:29:1c:75:64:02,1,-95
2024-04-05T11:21:15.068000,14:13:0b:44:19:e5,0,-78
2024-04-05T11:21:15.092000,69:a7:43:2b:ec:af,1,-91
2024-04-05T11:21:15.117000,65:ee:a6:5d:73:64,1,-81
2024-04-05T11:21:15.181000,e8:d2:ed:ce:49:81,1,-55
2024-04-05T11:21:15.195000,cb:94:54:ed:5d:28,1,-78
2024-04-05T11:21:15.301000,a0:de:0f:9b:a4:02,0,-80
2024-04-05T11:21:15.402000,ff:cb:d1:dc:df:ea,1,-46
2024-04-05T11:21:15.421000,65:ee:a6:5d:73:64,1,-75
2024-04-05T11:21:15.511000,69:a7:43:2b:ec:af,1,-89
2024-04-05T11:21:15.618000,cb:94:54:ed:5d:28,1,-80
2024-04-05T11:21:15.692000,65:ee:a6:5d:73:64,1,-84
2024-04-05T11:21:15.772000,43:29:1c:75:64:02,1,-100
2024-04-05T11:21:15.857000,a0:de:0f:9b:a4:02,0,-85
2024-04-05T11:21:15.939000,69:a7:43:2b:ec:af,1,-95
2024-04-05T11:21:15.978000,65:ee:a6:5d:73:64,1,-76
2024-04-05T11:21:16.038000,cb:94:54:ed:5d:28,1,-84
2024-04-05T11:21:16.062000,dc:23:4f:a9:9a:46,0,-85
2024-04-05T11:21:16.258000,65:ee:a6:5d:73:64,1,-78
2024-04-05T11:21:16.265000,ff:cb:d1:dc:df:ea,1,-47
2024-04-05T11:21:16.355000,14:13:0b:44:19:e5,0,-78
2024-04-05T11:21:16.368000,69:a7:43:2b:ec:af,1,-95
2024-04-05T11:21:16.540000,65:ee:a6:5d:73:64,1,-73
2024-04-05T11:21:16.882000,cb:94:54:ed:5d:28,1,-82
2024-04-05T11:21:16.955000,a0:de:0f:9b:a4:02,0,-86
2024-04-05T11:21:17.041000,dc:23:4f:a9:9a:46,0,-85
2024-04-05T11:21:17.206000,69:a7:43:2b:ec:af,1,-84
2024-04-05T11:21:17.240000,14:13:0b:44:19:e5,0,-75
2024-04-05T11:21:17.262000,14:13:0b:44:19:e5,0,-76
2024-04-05T11:21:17.285000,14:13:0b:44:19:e5,0,-75
2024-04-05T11:21:17.328000,14:13:0b:44:19:e5,0,-74
2024-04-05T11:21:17.351000,14:13:0b:44:19:e5,0,-76
2024-04-05T11:21:17.370000,14:13:0b:44:19:e5,0,-80
2024-04-05T11:21:17.391000,14:13:0b:44:19:e5,0,-73
2024-04-05T11:21:17.399000,65:ee:a6:5d:73:64,1,-87
2024-04-05T11:21:17.412000,14:13:0b:44:19:e5,0,-76
2024-04-05T11:21:17.437000,14:13:0b:44:19:e5,0,-76
2024-04-05T11:21:17.459000,14:13:0b:44:19:e5,0,-78
2024-04-05T11:21:17.481000,14:13:0b:44:19:e5,0,-73
2024-04-05T11:21:17.503000,a0:de:0f:9b:a4:02,0,-83
2024-04-05T11:21:17.526000,14:13:0b:44:19:e5,0,-77
2024-04-05T11:21:17.546000,14:13:0b:44:19:e5,0,-79
2024-04-05T11:21:17.568000,14:13:0b:44:19:e5,0,-74
2024-04-05T11:21:17.587000,14:13:0b:44:19:e5,0,-75
2024-04-05T11:21:17.606000,14:13:0b:44:19:e5,0,-79
2024-04-05T11:21:17.628000,14:13:0b:44:19:e5,0,-73
2024-04-05T11:21:17.651000,14:13:0b:44:19:e5,0,-76
2024-04-05T11:21:17.670000,14:13:0b:44:19:e5,0,-79
2024-04-05T11:21:17.687000,e8:d2:ed:ce:49:81,1,-53
2024-04-05T11:21:17.697000,65:ee:a6:5d:73:64,1,-76
2024-04-05T11:21:17.701000,14:13:0b:44:19:e5,0,-75
2024-04-05T11:21:17.712000,14:13:0b:44:19:e5,0,-77
2024-04-05T11:21:17.728000,cb:94:54:ed:5d:28,1,-82
2024-04-05T11:21:17.739000,14:13:0b:44:19:e5,0,-79
2024-04-05T11:21:17.753000,14:13:0b:44:19:e5,0,-75
2024-04-05T11:21:17.778000,14:13:0b:44:19:e5,0,-75
2024-04-05T11:21:17.801000,14:13:0b:44:19:e5,0,-75
2024-04-05T11:21:17.823000,14:13:0b:44:19:e5,0,-79
2024-04-05T11:21:17.846000,14:13:0b:44:19:e5,0,-79
2024-04-05T11:21:17.868000,14:13:0b:44:19:e5,0,-73
2024-04-05T11:21:17.882000,d2:3f:c7:61:75:3a,1,-96
2024-04-05T11:21:17.890000,14:13:0b:44:19:e5,0,-76
2024-04-05T11:21:17.909000,45:56:6b:4a:15:da,1,-93
2024-04-05T11:21:17.915000,14:13:0b:44:19:e5,0,-77
2024-04-05T11:21:17.941000,14:13:0b:44:19:e5,0,-74
2024-04-05T11:21:17.952000,14:13:0b:44:19:e5,0,-76
2024-04-05T11:21:17.971000,14:13:0b:44:19:e5,0,-79
2024-04-05T11:21:17.979000,ff:cb:d1:dc:df:ea,1,-45
2024-04-05T11:21:17.993000,14:13:0b:44:19:e5,0,-73
2024-04-05T11:21:18.015000,14:13:0b:44:19:e5,0,-74
2024-04-05T11:21:18.036000,14:13:0b:44:19:e5,0,-75
2024-04-05T11:21:18.046000,69:a7:43:2b:ec:af,1,-85
2024-04-05T11:21:18.056000,dc:23:4f:a9:9a:46,0,-82
2024-04-05T11:21:18.071000,14:13:0b:44:19:e5,0,-78
2024-04-05T11:21:18.081000,14:13:0b:44:19:e5,0,-73
2024-04-05T11:21:18.126000,14:13:0b:44:19:e5,0,-78
2024-04-05T11:21:18.148000,cb:94:54:ed:5d:28,1,-82
2024-04-05T11:21:18.170000,14:13:0b:44:19:e5,0,-75
2024-04-05T11:21:18.191000,14:13:0b:44:19:e5,0,-77
2024-04-05T11:21:18.215000,14:13:0b:44:19:e5,0,-77
2024-04-05T11:21:18.236000,14:13:0b:44:19:e5,0,-81
2024-04-05T11:21:18.258000,14:13:0b:44:19:e5,0,-74
2024-04-05T11:21:18.277000,14:13:0b:44:19:e5,0,-76
2024-04-05T11:21:18.299000,14:13:0b:44:19:e5,0,-78
2024-04-05T11:21:18.320000,14:13:0b:44:19:e5,0,-74
2024-04-05T11:21:18.345000,14:13:0b:44:19:e5,0,-73
2024-04-05T11:21:18.365000,14:13:0b:44:19:e5,0,-76
2024-04-05T11:21:18.386000,14:13:0b:44:19:e5,0,-79
2024-04-05T11:21:18.413000,14:13:0b:44:19:e5,0,-73
2024-04-05T11:21:18.432000,14:13:0b:44:19:e5,0,-77
2024-04-05T11:21:18.451000,14:13:0b:44:19:e5,0,-79
2024-04-05T11:21:18.462000,69:a7:43:2b:ec:af,1,-93
2024-04-05T11:21:18.496000,14:13:0b:44:19:e5,0,-74
2024-04-05T11:21:18.520000,14:13:0b:44:19:e5,0,-76
2024-04-05T11:21:18.539000,14:13:0b:44:19:e5,0,-80
2024-04-05T11:21:18.548000,65:ee:a6:5d:73:64,1,-73
2024-04-05T11:21:18.563000,14:13:0b:44:19:e5,0,-74
2024-04-05T11:21:18.577000,cb:94:54:ed:5d:28,1,-81
2024-04-05T11:21:18.586000,14:13:0b:44:19:e5,0,-76
2024-04-05T11:21:18.604000,a0:de:0f:9b:a4:02,0,-82
2024-04-05T11:21:18.615000,14:13:0b:44:19:e5,0,-79
2024-04-05T11:21:18.623000,14:13:0b:44:19:e5,0,-74
2024-04-05T11:21:18.642000,14:13:0b:44:19:e5,0,-77
2024-04-05T11:21:18.663000,14:13:0b:44:19:e5,0,-78
2024-04-05T11:21:18.704000,14:13:0b:44:19:e5,0,-73
2024-04-05T11:21:18.728000,14:13:0b:44:19:e5,0,-76
2024-04-05T11:21:18.749000,14:13:0b:44:19:e5,0,-78
2024-04-05T11:21:18.795000,14:13:0b:44:19:e5,0,-75
2024-04-05T11:21:18.807000,43:29:1c:75:64:02,1,-98
2024-04-05T11:21:18.818000,14:13:0b:44:19:e5,0,-77
2024-04-05T11:21:18.836000,ff:cb:d1:dc:df:ea,1,-47
2024-04-05T11:21:18.860000,14:13:0b:44:19:e5,0,-74
2024-04-05T11:21:18.880000,69:a7:43:2b:ec:af,1,-91
2024-04-05T11:21:18.890000,14:13:0b:44:19:e5,0,-77
2024-04-05T11:21:18.901000,14:13:0b:44:19:e5,0,-79
2024-04-05T11:21:18.923000,14:13:0b:44:19:e5,0,-74
2024-04-05T11:21:18.948000,14:13:0b:44:19:e5,0,-73
2024-04-05T11:21:18.967000,14:13:0b:44:19:e5,0,-76
2024-04-05T11:21:18.986000,14:13:0b:44:19:e5,0,-79
2024-04-05T11:21:19.002000,cb:94:54:ed:5d:28,1,-81
2024-04-05T11:21:19.011000,14:13:0b:44:19:e5,0,-74
2024-04-05T11:21:19.027000,14:13:0b:44:19:e5,0,-76
2024-04-05T11:21:19.048000,14:13:0b:44:19:e5,0,-79
2024-04-05T11:21:19.055000,dc:23:4f:a9:9a:46,0,-84
2024-04-05T11:21:19.070000,14:13:0b:44:19:e5,0,-74
2024-04-05T11:21:19.090000,14:13:0b:44:19:e5,0,-76
2024-04-05T11:21:19.113000,14:13:0b:44:19:e5,0,-78
2024-04-05T11:21:19.138000,14:13:0b:44:19:e5,0,-80
2024-04-05T11:21:19.148000,a0:de:0f:9b:a4:02,0,-81
2024-04-05T11:21:19.161000,14:13:0b:44:19:e5,0,-75
2024-04-05T11:21:19.203000,14:13:0b:44:19:e5,0,-79
2024-04-05T11:21:19.266000,14:13:0b:44:19:e5,0,-77
2024-04-05T11:21:19.286000,14:13:0b:44:19:e5,0,-80
2024-04-05T11:21:19.310000,14:13:0b:44:19:e5,0,-74
2024-04-05T11:21:19.332000,14:13:0b:44:19:e5,0,-77
2024-04-05T11:21:19.351000,14:13:0b:44:19:e5,0,-78
2024-04-05T11:21:19.375000,14:13:0b:44:19:e5,0,-78
2024-04-05T11:21:19.396000,a4:c1:38:e0:67:ae,0,-62
2024-04-05T11:21:19.420000,14:13:0b:44:19:e5,0,-77
2024-04-05T11:21:19.428000,cb:94:54:ed:5d:28,1,-80
2024-04-05T11:21:19.443000,14:13:0b:44:19:e5,0,-79
2024-04-05T11:21:19.488000,14:13:0b:44:19:e5,0,-74
2024-04-05T11:21:19.507000,14:13:0b:44:19:e5,0,-77
2024-04-05T11:21:19.530000,14:13:0b:44:19:e5,0,-79
2024-04-05T11:21:19.553000,14:13:0b:44:19:e5,0,-74
2024-04-05T11:21:19.575000,14:13:0b:44:19:e5,0,-74
2024-04-05T11:21:19.595000,14:13:0b:44:19:e5,0,-77
2024-04-05T11:21:19.616000,14:13:0b:44:19:e5,0,-79
2024-04-05T11:21:19.639000,14:13:0b:44:19:e5,0,-74
2024-04-05T11:21:19.658000,14:13:0b:44:19:e5,0,-77
2024-04-05T11:21:19.680000,14:13:0b:44:19:e5,0,-79
2024-04-05T11:21:19.690000,65:ee:a6:5d:73:64,1,-74
2024-04-05T11:21:19.694000,ff:cb:d1:dc:df:ea,1,-48
2024-04-05T11:21:19.726000,14:13:0b:44:19:e5,0,-75
2024-04-05T11:21:19.747000,14:13:0b:44:19:e5,0,-78
2024-04-05T11:21:19.769000,14:13:0b:44:19:e5,0,-81
2024-04-05T11:21:19.833000,14:13:0b:44:19:e5,0,-82
2024-04-05T11:21:19.841000,cb:94:54:ed:5d:28,1,-81
2024-04-05T11:21:19.882000,d2:3f:c7:61:75:3a,1,-99
2024-04-05T11:21:19.895000,14:13:0b:44:19:e5,0,-79
2024-04-05T11:21:19.938000,14:13:0b:44:19:e5,0,-75
2024-04-05T11:21:19.957000,14:13:0b:44:19:e5,0,-78
2024-04-05T11:21:19.977000,65:ee:a6:5d:73:64,1,-83
2024-04-05T11:21:19.981000,14:13:0b:44:19:e5,0,-84
2024-04-05T11:21:20.001000,14:13:0b:44:19:e5,0,-75
2024-04-05T11:21:20.021000,14:13:0b:44:19:e5,0,-78
2024-04-05T11:21:20.040000,14:13:0b:44:19:e5,0,-83
2024-04-05T11:21:20.062000,14:13:0b:44:19:e5,0,-74
2024-04-05T11:21:20.082000,14:13:0b:44:19:e5,0,-78
2024-04-05T11:21:20.106000,14:13:0b:44:19:e5,0,-78
2024-04-05T11:21:20.128000,14:13:0b:44:19:e5,0,-81
2024-04-05T11:21:20.145000,69:a7:43:2b:ec:af,1,-87
2024-04-05T11:21:20.155000,14:13:0b:44:19:e5,0,-74
2024-04-05T11:21:20.170000,14:13:0b:44:19:e5,0,-77
2024-04-05T11:21:20.192000,e8:d2:ed:ce:49:81,1,-56
2024-04-05T11:21:20.249000,a0:de:0f:9b:a4:02,0,-81
2024-04-05T11:21:20.259000,14:13:0b:44:19:e5,0,-77
2024-04-05T11:21:20.267000,cb:94:54:ed:5d:28,1,-81
2024-04-05T11:21:20.277000,65:ee:a6:5d:73:64,1,-78
2024-04-05T11:21:20.298000,14:13:0b:44:19:e5,0,-74
2024-04-05T11:21:20.317000,14:13:0b:44:19:e5,0,-78
2024-04-05T11:21:20.341000,14:13:0b:44:19:e5,0,-83
2024-04-05T11:21:20.363000,14:13:0b:44:19:e5,0,-74
2024-04-05T11:21:20.385000,14:13:0b:44:19:e5,0,-74
2024-04-05T11:21:20.405000,14:13:0b:44:19:e5,0,-78
2024-04-05T11:21:20.427000,14:13:0b:44:19:e5,0,-81
2024-04-05T11:21:20.450000,14:13:0b:44:19:e5,0,-74
2024-04-05T11:21:20.471000,14:13:0b:44:19:e5,0,-76
2024-04-05T11:21:20.493000,14:13:0b:44:19:e5,0,-80
2024-04-05T11:21:20.547000,ff:cb:d1:dc:df:ea,1,-47
2024-04-05T11:21:20.557000,65:ee:a6:5d:73:64,1,-74
2024-04-05T11:21:20.562000,14:13:0b:44:19:e5,0,-76
2024-04-05T11:21:20.570000,69:a7:43:2b:ec:af,1,-85
2024-04-05T11:21:20.580000,14:13:0b:44:19:e5,0,-78
2024-04-05T11:21:20.598000,14:13:0b:44:19:e5,0,-74
2024-04-05T11:21:20.622000,14:13:0b:44:19:e5,0,-76
2024-04-05T11:21:20.645000,14:13:0b:44:19:e5,0,-77
2024-04-05T11:21:20.688000,14:13:0b:44:19:e5,0,-72
2024-04-05T11:21:20.707000,14:13:0b:44:19:e5,0,-75
2024-04-05T11:21:20.730000,14:13:0b:44:19:e5,0,-77
2024-04-05T11:21:20.751000,14:13:0b:44:19:e5,0,-72
2024-04-05T11:21:20.793000,14:13:0b:44:19:e5,0,-75
2024-04-05T11:21:20.805000,a0:de:0f:9b:a4:02,0,-85
2024-04-05T11:21:20.838000,14:13:0b:44:19:e5,0,-71
2024-04-05T11:21:20.845000,65:ee:a6:5d:73:64,1,-76
2024-04-05T11:21:20.862000,14:13:0b:44:19:e5,0,-74
2024-04-05T11:21:20.882000,14:13:0b:44:19:e5,0,-76
2024-04-05T11:21:20.903000,14:13:0b:44:19:e5,0,-73
2024-04-05T11:21:20.926000,14:13:0b:44:19:e5,0,-72
2024-04-05T11:21:20.946000,14:13:0b:44:19:e5,0,-75
2024-04-05T11:21:20.968000,14:13:0b:44:19:e5,0,-75
2024-04-05T11:21:20.982000,69:a7:43:2b:ec:af,1,-97
2024-04-05T11:21:20.991000,14:13:0b:44:19:e5,0,-72
2024-04-05T11:21:21.010000,14:13:0b:44:19:e5,0,-76
2024-04-05T11:21:21.029000,14:13:0b:44:19:e5,0,-77
2024-04-05T11:21:21.053000,14:13:0b:44:19:e5,0,-72
2024-04-05T11:21:21.061000,dc:23:4f:a9:9a:46,0,-85
2024-04-05T11:21:21.073000,14:13:0b:44:19:e5,0,-77
2024-04-05T11:21:21.096000,14:13:0b:44:19:e5,0,-76
2024-04-05T11:21:21.108000,cb:94:54:ed:5d:28,1,-83
2024-04-05T11:21:21.124000,14:13:0b:44:19:e5,0,-80
2024-04-05T11:21:21.131000,65:ee:a6:5d:73:64,1,-85
2024-04-05T11:21:21.138000,14:13:0b:44:19:e5,0,-73
2024-04-05T11:21:21.157000,14:13:0b:44:19:e5,0,-78
2024-04-05T11:21:21.177000,14:13:0b:44:19:e5,0,-80
2024-04-05T11:21:21.198000,14:13:0b:44:19:e5,0,-74
2024-04-05T11:21:21.217000,14:13:0b:44:19:e5,0,-78
2024-04-05T11:21:21.239000,14:13:0b:44:19:e5,0,-83
2024-04-05T11:21:21.289000,14:13:0b:44:19:e5,0,-75
2024-04-05T11:21:21.333000,14:13:0b:44:19:e5,0,-84
2024-04-05T11:21:21.359000,a0:de:0f:9b:a4:02,0,-82
2024-04-05T11:21:21.380000,14:13:0b:44:19:e5,0,-78
2024-04-05T11:21:21.400000,14:13:0b:44:19:e5,0,-81
2024-04-05T11:21:21.407000,ff:cb:d1:dc:df:ea,1,-42
2024-04-05T11:21:21.418000,69:a7:43:2b:ec:af,1,-85
2024-04-05T11:21:21.429000,14:13:0b:44:19:e5,0,-81
2024-04-05T11:21:21.465000,14:13:0b:44:19:e5,0,-78
2024-04-05T11:21:21.484000,14:13:0b:44:19:e5,0,-81
2024-04-05T11:21:21.529000,14:13:0b:44:19:e5,0,-80
2024-04-05T11:21:21.552000,14:13:0b:44:19:e5,0,-82
2024-04-05T11:21:21.574000,14:13:0b:44:19:e5,0,-82
2024-04-05T11:21:21.597000,14:13:0b:44:19:e5,0,-87
2024-04-05T11:21:21.619000,14:13:0b:44:19:e5,0,-77
2024-04-05T11:21:21.638000,14:13:0b:44:19:e5,0,-81
2024-04-05T11:21:21.660000,14:13:0b:44:19:e5,0,-85
2024-04-05T11:21:21.681000,14:13:0b:44:19:e5,0,-77
2024-04-05T11:21:21.702000,14:13:0b:44:19:e5,0,-81
2024-04-05T11:21:21.714000,65:ee:a6:5d:73:64,1,-77
2024-04-05T11:21:21.726000,14:13:0b:44:19:e5,0,-81
2024-04-05T11:21:21.747000,14:13:0b:44:19:e5,0,-88
2024-04-05T11:21:21.754000,a4:c1:38:e0:67:ae,0,-64
2024-04-05T11:21:21.769000,14:13:0b:44:19:e5,0,-78
2024-04-05T11:21:21.791000,14:13:0b:44:19:e5,0,-81
2024-04-05T11:21:21.813000,14:13:0b:44:19:e5,0,-89
2024-04-05T11:21:21.832000,69:a7:43:2b:ec:af,1,-85
2024-04-05T11:21:21.842000,14:13:0b:44:19:e5,0,-89
2024-04-05T11:21:21.860000,14:13:0b:44:19:e5,0,-78
2024-04-05T11:21:21.882000,14:13:0b:44:19:e5,0,-81
2024-04-05T11:21:21.906000,14:13:0b:44:19:e5,0,-81
2024-04-05T11:21:21.913000,a0:de:0f:9b:a4:02,0,-81
2024-04-05T11:21:21.938000,14:13:0b:44:19:e5,0,-89
2024-04-05T11:21:21.949000,14:13:0b:44:19:e5,0,-77
2024-04-05T11:21:21.961000,cb:94:54:ed:5d:28,1,-82
2024-04-05T11:21:21.970000,14:13:0b:44:19:e5,0,-81
2024-04-05T11:21:21.985000,65:ee:a6:5d:73:64,1,-83
2024-04-05T11:21:21.994000,14:13:0b:44:19:e5,0,-82
2024-04-05T11:21:22.018000,14:13:0b:44:19:e5,0,-89
2024-04-05T11:21:22.043000,14:13:0b:44:19:e5,0,-80
2024-04-05T11:21:22.062000,14:13:0b:44:19:e5,0,-82
2024-04-05T11:21:22.073000,dc:23:4f:a9:9a:46,0,-84
2024-04-05T11:21:22.087000,14:13:0b:44:19:e5,0,-88
2024-04-05T11:21:22.105000,14:13:0b:44:19:e5,0,-87
2024-04-05T11:21:22.126000,14:13:0b:44:19:e5,0,-78
2024-04-05T11:21:22.146000,14:13:0b:44:19:e5,0,-81
2024-04-05T11:21:22.165000,14:13:0b:44:19:e5,0,-91
2024-04-05T11:21:22.188000,14:13:0b:44:19:e5,0,-79
2024-04-05T11:21:22.207000,14:13:0b:44:19:e5,0,-81
2024-04-05T11:21:22.255000,69:a7:43:2b:ec:af,1,-93
2024-04-05T11:21:22.265000,ff:cb:d1:dc:df:ea,1,-47
2024-04-05T11:21:22.278000,65:ee:a6:5d:73:64,1,-77
2024-04-05T11:21:22.389000,cb:94:54:ed:5d:28,1,-81
2024-04-05T11:21:22.466000,a0:de:0f:9b:a4:02,0,-82
2024-04-05T11:21:22.565000,65:ee:a6:5d:73:64,1,-74
2024-04-05T11:21:22.676000,69:a7:43:2b:ec:af,1,-89
2024-04-05T11:21:22.697000,e8:d2:ed:ce:49:81,1,-53
2024-04-05T11:21:22.810000,cb:94:54:ed:5d:28,1,-81
2024-04-05T11:21:22.850000,65:ee:a6:5d:73:64,1,-77
2024-04-05T11:21:23.019000,a0:de:0f:9b:a4:02,0,-81
2024-04-05T11:21:23.074000,dc:23:4f:a9:9a:46,0,-84
2024-04-05T11:21:23.098000,dc:23:4f:a9:9a:46,0,-87
2024-04-05T11:21:23.124000,ff:cb:d1:dc:df:ea,1,-42
2024-04-05T11:21:23.140000,65:ee:a6:5d:73:64,1,-74
2024-04-05T11:21:23.237000,cb:94:54:ed:5d:28,1,-83
2024-04-05T11:21:23.428000,65:ee:a6:5d:73:64,1,-84
2024-04-05T11:21:23.520000,14:13:0b:44:19:e5,0,-92
2024-04-05T11:21:23.652000,6e:8a:63:9b:35:33,1,-95
2024-04-05T11:21:23.717000,65:ee:a6:5d:73:64,1,-76
2024-04-05T11:21:23.757000,43:29:1c:75:64:02,1,-97
2024-04-05T11:21:23.935000,69:a7:43:2b:ec:af,1,-87
2024-04-05T11:21:23.952000,a4:c1:38:e0:67:ae,0,-64
2024-04-05T11:21:24.002000,65:ee:a6:5d:73:64,1,-84
2024-04-05T11:21:24.079000,dc:23:4f:a9:9a:46,0,-84
2024-04-05T11:21:24.119000,a0:de:0f:9b:a4:02,0,-83
2024-04-05T11:21:24.362000,69:a7:43:2b:ec:af,1,-91
2024-04-05T11:21:24.507000,cb:94:54:ed:5d:28,1,-82
2024-04-05T11:21:24.585000,65:ee:a6:5d:73:64,1,-76
2024-04-05T11:21:24.591000,43:29:1c:75:64:02,1,-100
2024-04-05T11:21:24.672000,a0:de:0f:9b:a4:02,0,-81
2024-04-05T11:21:24.807000,14:13:0b:44:19:e5,0,-92
2024-04-05T11:21:24.830000,ff:cb:d1:dc:df:ea,1,-42
2024-04-05T11:21:24.867000,43:29:1c:75:64:02,1,-95
2024-04-05T11:21:24.930000,cb:94:54:ed:5d:28,1,-82
2024-04-05T11:21:25.076000,dc:23:4f:a9:9a:46,0,-84
2024-04-05T11:21:25.162000,65:ee:a6:5d:73:64,1,-77
2024-04-05T11:21:25.199000,e8:d2:ed:ce:49:81,1,-54
2024-04-05T11:21:25.210000,69:a7:43:2b:ec:af,1,-97
2024-04-05T11:21:25.358000,cb:94:54:ed:5d:28,1,-79
2024-04-05T11:21:25.449000,65:ee:a6:5d:73:64,1,-74
2024-04-05T11:21:25.692000,ff:cb:d1:dc:df:ea,1,-46
2024-04-05T11:21:25.737000,65:ee:a6:5d:73:64,1,-84
2024-04-05T11:21:25.778000,a0:de:0f:9b:a4:02,0,-81
2024-04-05T11:21:25.788000,cb:94:54:ed:5d:28,1,-81
2024-04-05T11:21:26.022000,65:ee:a6:5d:73:64,1,-75
2024-04-05T11:21:26.080000,dc:23:4f:a9:9a:46,0,-87
2024-04-05T11:21:26.096000,14:13:0b:44:19:e5,0,-85
2024-04-05T11:21:26.161000,a4:c1:38:e0:67:ae,0,-65
2024-04-05T11:21:26.205000,cb:94:54:ed:5d:28,1,-84
2024-04-05T11:21:26.308000,65:ee:a6:5d:73:64,1,-84
2024-04-05T11:21:26.476000,69:a7:43:2b:ec:af,1,-85
2024-04-05T11:21:26.551000,ff:cb:d1:dc:df:ea,1,-48
2024-04-05T11:21:26.599000,65:ee:a6:5d:73:64,1,-76
2024-04-05T11:21:26.626000,cb:94:54:ed:5d:28,1,-83
2024-04-05T11:21:26.880000,a0:de:0f:9b:a4:02,0,-83
2024-04-05T11:21:22.676000,69:a7:43:2b:ec:af,1,-89
