Timestamp,DeviceName,AdvertisingType,AddressType,Address,RSSI,Channel
2024-04-11T14:18:40.157,,2,1,42:12:77:76:d0:14,-60,37
2024-04-11T14:18:40.157,,2,1,42:12:77:76:d0:14,-55,39
2024-04-11T14:18:40.157,,0,0,dc:23:4f:a9:9a:46,-70,37
2024-04-11T14:18:40.157,,0,0,dc:23:4f:a9:9a:46,-69,39
2024-04-11T14:18:40.167,,2,1,42:12:77:76:d0:14,-53,38
2024-04-11T14:18:40.167,,0,0,dc:23:4f:a9:9a:46,-81,38
2024-04-11T14:18:40.167,,2,1,42:12:77:76:d0:14,-58,37
2024-04-11T14:18:40.167,,2,1,42:12:77:76:d0:14,-54,39
2024-04-11T14:18:40.177,,0,0,dc:23:4f:a9:9a:46,-68,39
2024-04-11T14:18:40.177,,2,1,42:12:77:76:d0:14,-56,39
2024-04-11T14:18:40.177,,0,0,dc:23:4f:a9:9a:46,-72,37
2024-04-11T14:18:40.177,,2,1,42:12:77:76:d0:14,-59,37
2024-04-11T14:18:40.177,,2,1,42:12:77:76:d0:14,-51,38
2024-04-11T14:18:40.187,,2,1,42:12:77:76:d0:14,-51,38
2024-04-11T14:18:40.187,,0,0,dc:23:4f:a9:9a:46,-82,38
2024-04-11T14:18:40.307,,0,0,dc:23:4f:a9:9a:46,-72,37
2024-04-11T14:18:40.307,,0,0,dc:23:4f:a9:9a:46,-69,39
2024-04-11T14:18:40.307,,2,1,42:12:77:76:d0:14,-60,37
2024-04-11T14:18:40.317,,2,1,42:12:77:76:d0:14,-51,38
2024-04-11T14:18:40.317,,0,0,dc:23:4f:a9:9a:46,-80,38
2024-04-11T14:18:40.607,,2,1,42:12:77:76:d0:14,-59,37
2024-04-11T14:18:40.607,,2,1,42:12:77:76:d0:14,-55,39
2024-04-11T14:18:40.617,,2,1,42:12:77:76:d0:14,-51,38
2024-04-11T14:18:40.907,,2,1,42:12:77:76:d0:14,-60,37
2024-04-11T14:18:40.907,,2,1,42:12:77:76:d0:14,-53,39
2024-04-11T14:18:40.917,,2,1,42:12:77:76:d0:14,-51,38
2024-04-11T14:18:41.207,,2,1,42:12:77:76:d0:14,-54,39
2024-04-11T14:18:41.207,,2,1,42:12:77:76:d0:14,-59,37
2024-04-11T14:18:41.217,,2,1,42:12:77:76:d0:14,-51,38
2024-04-11T14:18:41.307,,0,0,dc:23:4f:a9:9a:46,-72,37
2024-04-11T14:18:41.307,,0,0,dc:23:4f:a9:9a:46,-69,39
2024-04-11T14:18:41.317,,0,0,dc:23:4f:a9:9a:46,-79,38
2024-04-11T14:18:41.457,,2,1,42:12:77:76:d0:14,-53,39
2024-04-11T14:18:41.457,,2,1,42:12:77:76:d0:14,-59,37
2024-04-11T14:18:41.467,,2,1,42:12:77:76:d0:14,-51,38
2024-04-11T14:18:41.757,,2,1,42:12:77:76:d0:14,-53,39
2024-04-11T14:18:41.757,,2,1,42:12:77:76:d0:14,-60,37
2024-04-11T14:18:41.767,,2,1,42:12:77:76:d0:14,-51,38
2024-04-11T14:18:42.057,,2,1,42:12:77:76:d0:14,-54,39
2024-04-11T14:18:42.057,,2,1,42:12:77:76:d0:14,-60,37
2024-04-11T14:18:42.067,,2,1,42:12:77:76:d0:14,-51,38
2024-04-11T14:18:42.297,,2,1,42:12:77:76:d0:14,-60,37
2024-04-11T14:18:42.297,,0,0,dc:23:4f:a9:9a:46,-72,37
2024-04-11T14:18:42.307,,2,1,42:12:77:76:d0:14,-54,39
2024-04-11T14:18:42.307,,0,0,dc:23:4f:a9:9a:46,-68,39
2024-04-11T14:18:42.317,,0,0,dc:23:4f:a9:9a:46,-80,38
2024-04-11T14:18:42.317,,2,1,42:12:77:76:d0:14,-51,38
2024-04-11T14:18:42.607,,2,1,42:12:77:76:d0:14,-60,37
2024-04-11T14:18:42.607,,2,1,42:12:77:76:d0:14,-54,39
2024-04-11T14:18:42.617,,2,1,42:12:77:76:d0:14,-51,38
2024-04-11T14:18:42.907,,2,1,42:12:77:76:d0:14,-60,37
2024-04-11T14:18:42.907,,2,1,42:12:77:76:d0:14,-54,39
2024-04-11T14:18:42.917,,2,1,42:12:77:76:d0:14,-51,38
2024-04-11T14:18:43.207,,2,1,42:12:77:76:d0:14,-53,39
2024-04-11T14:18:43.207,,2,1,42:12:77:76:d0:14,-60,37
2024-04-11T14:18:43.217,,2,1,42:12:77:76:d0:14,-51,38
2024-04-11T14:18:43.307,,0,0,dc:23:4f:a9:9a:46,-72,37
2024-04-11T14:18:43.307,,0,0,dc:23:4f:a9:9a:46,-69,39
2024-04-11T14:18:43.317,,0,0,dc:23:4f:a9:9a:46,-81,38
2024-04-11T14:18:43.457,,2,1,42:12:77:76:d0:14,-59,37
2024-04-11T14:18:43.457,,2,1,42:12:77:76:d0:14,-54,39
2024-04-11T14:18:43.467,,2,1,42:12:77:76:d0:14,-51,38
2024-04-11T14:18:43.757,,2,1,42:12:77:76:d0:14,-60,37
2024-04-11T14:18:43.757,,2,1,42:12:77:76:d0:14,-53,39
2024-04-11T14:18:43.767,,2,1,42:12:77:76:d0:14,-51,38
2024-04-11T14:18:44.057,,2,1,42:12:77:76:d0:14,-53,39
2024-04-11T14:18:44.057,,2,1,42:12:77:76:d0:14,-60,37
2024-04-11T14:18:44.067,,2,1,42:12:77:76:d0:14,-51,38
2024-04-11T14:18:44.307,,0,0,dc:23:4f:a9:9a:46,-72,37
2024-04-11T14:18:44.307,,0,0,dc:23:4f:a9:9a:46,-68,39
2024-04-11T14:18:44.317,,0,0,dc:23:4f:a9:9a:46,-80,38
2024-04-11T14:18:44.357,,2,1,42:12:77:76:d0:14,-60,37
2024-04-11T14:18:44.357,,2,1,42:12:77:76:d0:14,-54,39
2024-04-11T14:18:44.367,,2,1,42:12:77:76:d0:14,-51,38
2024-04-11T14:18:44.607,,2,1,42:12:77:76:d0:14,-60,37
2024-04-11T14:18:44.607,,2,1,42:12:77:76:d0:14,-53,39
2024-04-11T14:18:44.617,,2,1,42:12:77:76:d0:14,-51,38
2024-04-11T14:18:44.907,,2,1,42:12:77:76:d0:14,-60,37
2024-04-11T14:18:44.907,,2,1,42:12:77:76:d0:14,-54,39
2024-04-11T14:18:44.917,,2,1,42:12:77:76:d0:14,-51,38
2024-04-11T14:18:45.207,,2,1,42:12:77:76:d0:14,-60,37
2024-04-11T14:18:45.207,,2,1,42:12:77:76:d0:14,-53,39
2024-04-11T14:18:45.217,,2,1,42:12:77:76:d0:14,-51,38
2024-04-11T14:18:45.357,,0,0,dc:23:4f:a9:9a:46,-68,39
2024-04-11T14:18:45.507,,2,1,42:12:77:76:d0:14,-60,37
2024-04-11T14:18:45.507,,2,1,42:12:77:76:d0:14,-53,39
2024-04-11T14:18:45.517,,2,1,42:12:77:76:d0:14,-51,38
2024-04-11T14:18:45.757,,2,1,42:12:77:76:d0:14,-60,37
2024-04-11T14:18:45.757,,2,1,42:12:77:76:d0:14,-53,39
2024-04-11T14:18:45.767,,2,1,42:12:77:76:d0:14,-51,38
2024-04-11T14:18:46.057,,2,1,42:12:77:76:d0:14,-60,37
2024-04-11T14:18:46.057,,2,1,42:12:77:76:d0:14,-53,39
2024-04-11T14:18:46.067,,2,1,42:12:77:76:d0:14,-51,38
2024-04-11T14:18:46.317,,2,1,42:12:77:76:d0:14,-60,37
2024-04-11T14:18:46.317,,0,0,dc:23:4f:a9:9a:46,-72,37
2024-04-11T14:18:46.327,,0,0,dc:23:4f:a9:9a:46,-79,38
2024-04-11T14:18:46.327,,2,1,42:12:77:76:d0:14,-54,39
2024-04-11T14:18:46.327,,0,0,dc:23:4f:a9:9a:46,-69,39
2024-04-11T14:18:46.327,,2,1,42:12:77:76:d0:14,-51,38
2024-04-11T14:18:46.657,,2,1,42:12:77:76:d0:14,-54,39
2024-04-11T14:18:46.667,,2,1,42:12:77:76:d0:14,-52,38
2024-04-11T14:18:46.907,,2,1,42:12:77:76:d0:14,-59,37
2024-04-11T14:18:46.907,,2,1,42:12:77:76:d0:14,-53,39
2024-04-11T14:18:46.917,,2,1,42:12:77:76:d0:14,-52,38
2024-04-11T14:18:47.207,,2,1,42:12:77:76:d0:14,-60,37
2024-04-11T14:18:47.207,,2,1,42:12:77:76:d0:14,-54,39
2024-04-11T14:18:47.217,,2,1,42:12:77:76:d0:14,-51,38
2024-04-11T14:18:47.357,,0,0,dc:23:4f:a9:9a:46,-72,37
2024-04-11T14:18:47.357,,0,0,dc:23:4f:a9:9a:46,-68,39
2024-04-11T14:18:47.367,,0,0,dc:23:4f:a9:9a:46,-80,38
2024-04-11T14:18:47.507,,2,1,42:12:77:76:d0:14,-54,39
2024-04-11T14:18:47.507,,2,1,42:12:77:76:d0:14,-60,37
2024-04-11T14:18:47.517,,2,1,42:12:77:76:d0:14,-51,38
2024-04-11T14:18:47.757,,2,1,42:12:77:76:d0:14,-59,37
2024-04-11T14:18:48.057,,2,1,42:12:77:76:d0:14,-54,39
2024-04-11T14:18:48.057,,2,1,42:12:77:76:d0:14,-60,37
2024-04-11T14:18:48.067,,2,1,42:12:77:76:d0:14,-51,38
2024-04-11T14:18:48.327,,0,0,dc:23:4f:a9:9a:46,-72,37
2024-04-11T14:18:48.327,,0,0,dc:23:4f:a9:9a:46,-68,39
2024-04-11T14:18:48.327,,2,1,42:12:77:76:d0:14,-61,37
2024-04-11T14:18:48.327,,2,1,42:12:77:76:d0:14,-54,39
2024-04-11T14:18:48.337,,0,0,dc:23:4f:a9:9a:46,-81,38
2024-04-11T14:18:48.337,,2,1,42:12:77:76:d0:14,-50,38
2024-04-11T14:18:48.657,,2,1,42:12:77:76:d0:14,-54,39
2024-04-11T14:18:48.657,,2,1,42:12:77:76:d0:14,-60,37
2024-04-11T14:18:48.667,,2,1,42:12:77:76:d0:14,-51,38
2024-04-11T14:18:48.907,,2,1,42:12:77:76:d0:14,-60,37
2024-04-11T14:18:48.907,,2,1,42:12:77:76:d0:14,-55,39
2024-04-11T14:18:48.917,,2,1,42:12:77:76:d0:14,-51,38
2024-04-11T14:18:49.207,,2,1,42:12:77:76:d0:14,-55,39
2024-04-11T14:18:49.207,,2,1,42:12:77:76:d0:14,-61,37
2024-04-11T14:18:49.217,,2,1,42:12:77:76:d0:14,-51,38
2024-04-11T14:18:49.357,,0,0,dc:23:4f:a9:9a:46,-68,39
2024-04-11T14:18:49.357,,0,0,dc:23:4f:a9:9a:46,-72,37
2024-04-11T14:18:49.367,,0,0,dc:23:4f:a9:9a:46,-80,38
2024-04-11T14:18:49.507,,2,1,42:12:77:76:d0:14,-54,39
2024-04-11T14:18:49.507,,2,1,42:12:77:76:d0:14,-60,37
2024-04-11T14:18:49.517,,2,1,42:12:77:76:d0:14,-52,38
2024-04-11T14:18:49.757,,2,1,42:12:77:76:d0:14,-60,37
2024-04-11T14:18:49.757,,2,1,42:12:77:76:d0:14,-55,39
2024-04-11T14:18:49.767,,2,1,42:12:77:76:d0:14,-51,38
2024-04-11T14:18:50.057,,2,1,42:12:77:76:d0:14,-53,39
2024-04-11T14:18:50.057,,2,1,42:12:77:76:d0:14,-60,37
2024-04-11T14:18:50.067,,2,1,42:12:77:76:d0:14,-51,38
2024-04-11T14:18:50.317,,2,1,42:12:77:76:d0:14,-60,37
2024-04-11T14:18:50.317,,0,0,dc:23:4f:a9:9a:46,-72,37
2024-04-11T14:18:50.327,,2,1,42:12:77:76:d0:14,-51,38
2024-04-11T14:18:50.327,,2,1,42:12:77:76:d0:14,-54,39
2024-04-11T14:18:50.327,,0,0,dc:23:4f:a9:9a:46,-68,39
2024-04-11T14:18:50.327,,0,0,dc:23:4f:a9:9a:46,-79,38
2024-04-11T14:18:50.607,,2,1,42:12:77:76:d0:14,-59,37
2024-04-11T14:18:50.907,,2,1,42:12:77:76:d0:14,-54,39
2024-04-11T14:18:50.907,,2,1,42:12:77:76:d0:14,-60,37
2024-04-11T14:18:50.917,,2,1,42:12:77:76:d0:14,-51,38
2024-04-11T14:18:51.207,,2,1,42:12:77:76:d0:14,-54,39
2024-04-11T14:18:51.207,,2,1,42:12:77:76:d0:14,-60,37
2024-04-11T14:18:51.217,,2,1,42:12:77:76:d0:14,-51,38
2024-04-11T14:18:51.357,,0,0,dc:23:4f:a9:9a:46,-72,37
2024-04-11T14:18:51.357,,0,0,dc:23:4f:a9:9a:46,-68,39
2024-04-11T14:18:51.367,,0,0,dc:23:4f:a9:9a:46,-81,38
2024-04-11T14:18:51.507,,2,1,42:12:77:76:d0:14,-55,39
2024-04-11T14:18:51.507,,2,1,42:12:77:76:d0:14,-59,37
2024-04-11T14:18:51.517,,2,1,42:12:77:76:d0:14,-51,38
2024-04-11T14:18:51.757,,2,1,42:12:77:76:d0:14,-58,37
2024-04-11T14:18:51.767,,2,1,42:12:77:76:d0:14,-51,38
2024-04-11T14:18:52.057,,2,1,42:12:77:76:d0:14,-53,39
2024-04-11T14:18:52.057,,2,1,42:12:77:76:d0:14,-57,37
2024-04-11T14:18:52.067,,2,1,42:12:77:76:d0:14,-50,38
2024-04-11T14:18:52.337,,0,0,dc:23:4f:a9:9a:46,-69,39
2024-04-11T14:18:52.337,,2,1,42:12:77:76:d0:14,-52,39
2024-04-11T14:18:52.337,,0,0,dc:23:4f:a9:9a:46,-73,37
2024-04-11T14:18:52.337,,2,1,42:12:77:76:d0:14,-57,37
2024-04-11T14:18:52.347,,0,0,dc:23:4f:a9:9a:46,-79,38
2024-04-11T14:18:52.347,,2,1,42:12:77:76:d0:14,-50,38
2024-04-11T14:18:52.657,,2,1,42:12:77:76:d0:14,-52,39
2024-04-11T14:18:52.657,,2,1,42:12:77:76:d0:14,-57,37
2024-04-11T14:18:52.667,,2,1,42:12:77:76:d0:14,-50,38
2024-04-11T14:18:52.907,,2,1,42:12:77:76:d0:14,-52,39
2024-04-11T14:18:52.907,,2,1,42:12:77:76:d0:14,-58,37
2024-04-11T14:18:52.917,,2,1,42:12:77:76:d0:14,-50,38
2024-04-11T14:18:53.207,,2,1,42:12:77:76:d0:14,-58,37
2024-04-11T14:18:53.207,,2,1,42:12:77:76:d0:14,-52,39
2024-04-11T14:18:53.217,,2,1,42:12:77:76:d0:14,-50,38
2024-04-11T14:18:53.357,,0,0,dc:23:4f:a9:9a:46,-73,37
2024-04-11T14:18:53.357,,0,0,dc:23:4f:a9:9a:46,-69,39
2024-04-11T14:18:53.367,,0,0,dc:23:4f:a9:9a:46,-80,38
2024-04-11T14:18:53.507,,2,1,42:12:77:76:d0:14,-57,37
2024-04-11T14:18:53.507,,2,1,42:12:77:76:d0:14,-52,39
2024-04-11T14:18:53.517,,2,1,42:12:77:76:d0:14,-50,38
2024-04-11T14:18:53.757,,2,1,42:12:77:76:d0:14,-58,37
2024-04-11T14:18:53.757,,2,1,42:12:77:76:d0:14,-52,39
2024-04-11T14:18:53.767,,2,1,42:12:77:76:d0:14,-51,38
2024-04-11T14:18:54.057,,2,1,42:12:77:76:d0:14,-58,37
2024-04-11T14:18:54.057,,2,1,42:12:77:76:d0:14,-52,39
2024-04-11T14:18:54.067,,2,1,42:12:77:76:d0:14,-51,38
2024-04-11T14:18:54.337,,2,1,42:12:77:76:d0:14,-57,37
2024-04-11T14:18:54.337,,0,0,dc:23:4f:a9:9a:46,-73,37
2024-04-11T14:18:54.347,,2,1,42:12:77:76:d0:14,-50,38
2024-04-11T14:18:54.347,,2,1,42:12:77:76:d0:14,-51,39
2024-04-11T14:18:54.347,,0,0,dc:23:4f:a9:9a:46,-80,38
2024-04-11T14:18:54.347,,0,0,dc:23:4f:a9:9a:46,-68,39
2024-04-11T14:18:54.657,,2,1,42:12:77:76:d0:14,-52,39
2024-04-11T14:18:54.657,,2,1,42:12:77:76:d0:14,-57,37
2024-04-11T14:18:54.667,,2,1,42:12:77:76:d0:14,-50,38
2024-04-11T14:18:54.907,,2,1,42:12:77:76:d0:14,-52,39
2024-04-11T14:18:54.907,,2,1,42:12:77:76:d0:14,-58,37
2024-04-11T14:18:54.917,,2,1,42:12:77:76:d0:14,-50,38
2024-04-11T14:18:55.207,,2,1,42:12:77:76:d0:14,-52,39
2024-04-11T14:18:55.207,,2,1,42:12:77:76:d0:14,-58,37
2024-04-11T14:18:55.217,,2,1,42:12:77:76:d0:14,-51,38
2024-04-11T14:18:55.357,,0,0,dc:23:4f:a9:9a:46,-73,37
2024-04-11T14:18:55.357,,0,0,dc:23:4f:a9:9a:46,-68,39
2024-04-11T14:18:55.367,,0,0,dc:23:4f:a9:9a:46,-80,38
2024-04-11T14:18:55.507,,2,1,42:12:77:76:d0:14,-58,37
2024-04-11T14:18:55.507,,2,1,42:12:77:76:d0:14,-52,39
2024-04-11T14:18:55.517,,2,1,42:12:77:76:d0:14,-50,38
2024-04-11T14:18:55.757,,2,1,42:12:77:76:d0:14,-57,37
2024-04-11T14:18:55.757,,2,1,42:12:77:76:d0:14,-52,39
2024-04-11T14:18:55.767,,2,1,42:12:77:76:d0:14,-50,38
2024-04-11T14:18:56.057,,2,1,42:12:77:76:d0:14,-57,37
2024-04-11T14:18:56.057,,2,1,42:12:77:76:d0:14,-52,39
2024-04-11T14:18:56.067,,2,1,42:12:77:76:d0:14,-50,38
2024-04-11T14:18:56.347,,0,0,dc:23:4f:a9:9a:46,-69,39
2024-04-11T14:18:56.347,,2,1,42:12:77:76:d0:14,-52,39
2024-04-11T14:18:56.347,,0,0,dc:23:4f:a9:9a:46,-73,37
2024-04-11T14:18:56.347,,2,1,42:12:77:76:d0:14,-57,37
2024-04-11T14:18:56.357,,0,0,dc:23:4f:a9:9a:46,-80,38
2024-04-11T14:18:56.357,,2,1,42:12:77:76:d0:14,-50,38
2024-04-11T14:18:56.657,,2,1,42:12:77:76:d0:14,-58,37
2024-04-11T14:18:56.657,,2,1,42:12:77:76:d0:14,-52,39
2024-04-11T14:18:56.667,,2,1,42:12:77:76:d0:14,-50,38
2024-04-11T14:18:56.907,,2,1,42:12:77:76:d0:14,-57,37
2024-04-11T14:18:56.907,,2,1,42:12:77:76:d0:14,-53,39
2024-04-11T14:18:56.917,,2,1,42:12:77:76:d0:14,-50,38
2024-04-11T14:18:57.207,,2,1,42:12:77:76:d0:14,-58,37
2024-04-11T14:18:57.207,,2,1,42:12:77:76:d0:14,-52,39
2024-04-11T14:18:57.217,,2,1,42:12:77:76:d0:14,-50,38
2024-04-11T14:18:57.407,,0,0,dc:23:4f:a9:9a:46,-69,39
2024-04-11T14:18:57.407,,0,0,dc:23:4f:a9:9a:46,-73,37
2024-04-11T14:18:57.417,,0,0,dc:23:4f:a9:9a:46,-79,38
2024-04-11T14:18:57.507,,2,1,42:12:77:76:d0:14,-52,39
2024-04-11T14:18:57.507,,2,1,42:12:77:76:d0:14,-57,37
2024-04-11T14:18:57.517,,2,1,42:12:77:76:d0:14,-50,38
2024-04-11T14:18:57.757,,2,1,42:12:77:76:d0:14,-52,39
2024-04-11T14:18:57.757,,2,1,42:12:77:76:d0:14,-57,37
2024-04-11T14:18:57.767,,2,1,42:12:77:76:d0:14,-51,38
2024-04-11T14:18:58.057,,2,1,42:12:77:76:d0:14,-57,37
2024-04-11T14:18:58.057,,2,1,42:12:77:76:d0:14,-52,39
2024-04-11T14:18:58.067,,2,1,42:12:77:76:d0:14,-50,38
2024-04-11T14:18:58.357,,2,1,42:12:77:76:d0:14,-57,37
2024-04-11T14:18:58.357,,2,1,42:12:77:76:d0:14,-52,39
2024-04-11T14:18:58.367,,2,1,42:12:77:76:d0:14,-51,38
2024-04-11T14:18:58.407,,0,0,dc:23:4f:a9:9a:46,-69,39
2024-04-11T14:18:58.407,,0,0,dc:23:4f:a9:9a:46,-73,37
2024-04-11T14:18:58.417,,0,0,dc:23:4f:a9:9a:46,-80,38
2024-04-11T14:18:58.657,,2,1,42:12:77:76:d0:14,-57,37
2024-04-11T14:18:58.657,,2,1,42:12:77:76:d0:14,-53,39
2024-04-11T14:18:58.667,,2,1,42:12:77:76:d0:14,-50,38
2024-04-11T14:18:58.907,,2,1,42:12:77:76:d0:14,-57,37
2024-04-11T14:18:58.907,,2,1,42:12:77:76:d0:14,-52,39
2024-04-11T14:18:58.917,,2,1,42:12:77:76:d0:14,-50,38
2024-04-11T14:18:59.207,,2,1,42:12:77:76:d0:14,-58,37
2024-04-11T14:18:59.207,,2,1,42:12:77:76:d0:14,-52,39
2024-04-11T14:18:59.217,,2,1,42:12:77:76:d0:14,-50,38
2024-04-11T14:18:59.407,,0,0,dc:23:4f:a9:9a:46,-73,37
2024-04-11T14:18:59.407,,0,0,dc:23:4f:a9:9a:46,-68,39
2024-04-11T14:18:59.417,,0,0,dc:23:4f:a9:9a:46,-79,38
2024-04-11T14:18:59.507,,2,1,42:12:77:76:d0:14,-57,37
2024-04-11T14:18:59.507,,2,1,42:12:77:76:d0:14,-53,39
2024-04-11T14:18:59.517,,2,1,42:12:77:76:d0:14,-51,38
2024-04-11T14:18:59.807,,2,1,42:12:77:76:d0:14,-55,39
2024-04-11T14:18:59.807,,2,1,42:12:77:76:d0:14,-57,37
2024-04-11T14:18:59.817,,2,1,42:12:77:76:d0:14,-50,38
2024-04-11T14:19:00.057,,2,1,42:12:77:76:d0:14,-54,39
2024-04-11T14:19:00.057,,2,1,42:12:77:76:d0:14,-57,37
2024-04-11T14:19:00.067,,2,1,42:12:77:76:d0:14,-51,38
2024-04-11T14:19:00.357,,2,1,42:12:77:76:d0:14,-56,39
2024-04-11T14:19:00.357,,2,1,42:12:77:76:d0:14,-59,37
2024-04-11T14:19:00.367,,2,1,42:12:77:76:d0:14,-51,38
2024-04-11T14:19:00.407,,0,0,dc:23:4f:a9:9a:46,-72,37
2024-04-11T14:19:00.407,,0,0,dc:23:4f:a9:9a:46,-68,39
2024-04-11T14:19:00.417,,0,0,dc:23:4f:a9:9a:46,-79,38
2024-04-11T14:19:00.657,,2,1,42:12:77:76:d0:14,-58,37
2024-04-11T14:19:00.657,,2,1,42:12:77:76:d0:14,-54,39
2024-04-11T14:19:00.667,,2,1,42:12:77:76:d0:14,-51,38
2024-04-11T14:19:00.957,,2,1,42:12:77:76:d0:14,-57,39
2024-04-11T14:19:01.207,,2,1,42:12:77:76:d0:14,-58,37
2024-04-11T14:19:01.207,,2,1,42:12:77:76:d0:14,-55,39
2024-04-11T14:19:01.217,,2,1,42:12:77:76:d0:14,-51,38
2024-04-11T14:19:01.407,,0,0,dc:23:4f:a9:9a:46,-71,37
2024-04-11T14:19:01.407,,0,0,dc:23:4f:a9:9a:46,-68,39
2024-04-11T14:19:01.417,,0,0,dc:23:4f:a9:9a:46,-79,38
2024-04-11T14:19:01.507,,2,1,42:12:77:76:d0:14,-59,37
2024-04-11T14:19:01.507,,2,1,42:12:77:76:d0:14,-56,39
2024-04-11T14:19:01.517,,2,1,42:12:77:76:d0:14,-51,38
2024-04-11T14:19:01.807,,2,1,42:12:77:76:d0:14,-59,37
2024-04-11T14:19:01.807,,2,1,42:12:77:76:d0:14,-55,39
2024-04-11T14:19:01.817,,2,1,42:12:77:76:d0:14,-50,38
2024-04-11T14:19:02.057,,2,1,42:12:77:76:d0:14,-56,39
2024-04-11T14:19:02.057,,2,1,42:12:77:76:d0:14,-60,37
2024-04-11T14:19:02.067,,2,1,42:12:77:76:d0:14,-50,38
2024-04-11T14:19:02.357,,2,1,42:12:77:76:d0:14,-59,37
2024-04-11T14:19:02.357,,2,1,42:12:77:76:d0:14,-56,39
2024-04-11T14:19:02.367,,2,1,42:12:77:76:d0:14,-51,38
2024-04-11T14:19:02.407,,0,0,dc:23:4f:a9:9a:46,-71,37
2024-04-11T14:19:02.407,,0,0,dc:23:4f:a9:9a:46,-68,39
2024-04-11T14:19:02.417,,0,0,dc:23:4f:a9:9a:46,-80,38
2024-04-11T14:19:02.657,,2,1,42:12:77:76:d0:14,-60,37
2024-04-11T14:19:02.657,,2,1,42:12:77:76:d0:14,-55,39
2024-04-11T14:19:02.667,,2,1,42:12:77:76:d0:14,-50,38
2024-04-11T14:19:02.957,,2,1,42:12:77:76:d0:14,-56,39
2024-04-11T14:19:02.957,,2,1,42:12:77:76:d0:14,-62,37
2024-04-11T14:19:02.967,,2,1,42:12:77:76:d0:14,-50,38
2024-04-11T14:19:03.207,,2,1,42:12:77:76:d0:14,-62,37
2024-04-11T14:19:03.207,,2,1,42:12:77:76:d0:14,-56,39
2024-04-11T14:19:03.217,,2,1,42:12:77:76:d0:14,-51,38
2024-04-11T14:19:03.407,,0,0,dc:23:4f:a9:9a:46,-71,37
2024-04-11T14:19:03.417,,0,0,dc:23:4f:a9:9a:46,-79,38
2024-04-11T14:19:03.507,,2,1,42:12:77:76:d0:14,-56,39
2024-04-11T14:19:03.507,,2,1,42:12:77:76:d0:14,-60,37
2024-04-11T14:19:03.517,,2,1,42:12:77:76:d0:14,-51,38
2024-04-11T14:19:03.807,,2,1,42:12:77:76:d0:14,-56,39
2024-04-11T14:19:03.807,,2,1,42:12:77:76:d0:14,-60,37
2024-04-11T14:19:03.817,,2,1,42:12:77:76:d0:14,-51,38
2024-04-11T14:19:04.057,,2,1,42:12:77:76:d0:14,-61,37
2024-04-11T14:19:04.067,,2,1,42:12:77:76:d0:14,-50,38
2024-04-11T14:19:04.357,,2,1,42:12:77:76:d0:14,-56,39
2024-04-11T14:19:04.357,,2,1,42:12:77:76:d0:14,-61,37
2024-04-11T14:19:04.367,,2,1,42:12:77:76:d0:14,-50,38
2024-04-11T14:19:04.657,,2,1,42:12:77:76:d0:14,-60,37
2024-04-11T14:19:04.657,,2,1,42:12:77:76:d0:14,-56,39
2024-04-11T14:19:04.667,,2,1,42:12:77:76:d0:14,-51,38
2024-04-11T14:19:04.957,,2,1,42:12:77:76:d0:14,-61,37
2024-04-11T14:19:04.957,,2,1,42:12:77:76:d0:14,-55,39
2024-04-11T14:19:04.967,,2,1,42:12:77:76:d0:14,-51,38
2024-04-11T14:19:05.207,,2,1,42:12:77:76:d0:14,-61,37
2024-04-11T14:19:05.207,,2,1,42:12:77:76:d0:14,-56,39
2024-04-11T14:19:05.217,,2,1,42:12:77:76:d0:14,-51,38
2024-04-11T14:19:05.507,,2,1,42:12:77:76:d0:14,-55,39
2024-04-11T14:19:05.507,,2,1,42:12:77:76:d0:14,-61,37
2024-04-11T14:19:05.517,,2,1,42:12:77:76:d0:14,-50,38
2024-04-11T14:19:05.807,,2,1,42:12:77:76:d0:14,-61,37
2024-04-11T14:19:05.807,,2,1,42:12:77:76:d0:14,-56,39
2024-04-11T14:19:05.817,,2,1,42:12:77:76:d0:14,-51,38
2024-04-11T14:19:06.057,,2,1,42:12:77:76:d0:14,-60,37
2024-04-11T14:19:06.357,,2,1,42:12:77:76:d0:14,-56,39
2024-04-11T14:19:06.357,,2,1,42:12:77:76:d0:14,-60,37
2024-04-11T14:19:06.367,,2,1,42:12:77:76:d0:14,-50,38
2024-04-11T14:19:06.657,,2,1,42:12:77:76:d0:14,-56,39
2024-04-11T14:19:06.657,,2,1,42:12:77:76:d0:14,-60,37
2024-04-11T14:19:06.667,,2,1,42:12:77:76:d0:14,-51,38
2024-04-11T14:19:06.957,,2,1,42:12:77:76:d0:14,-56,39
2024-04-11T14:19:06.957,,2,1,42:12:77:76:d0:14,-61,37
2024-04-11T14:19:06.967,,2,1,42:12:77:76:d0:14,-50,38
2024-04-11T14:19:07.207,,2,1,42:12:77:76:d0:14,-60,37
2024-04-11T14:19:07.507,,2,1,42:12:77:76:d0:14,-59,37
2024-04-11T14:19:07.507,,2,1,42:12:77:76:d0:14,-52,39
2024-04-11T14:19:07.517,,2,1,42:12:77:76:d0:14,-53,38
2024-04-11T14:19:07.807,,2,1,42:12:77:76:d0:14,-61,37
2024-04-11T14:19:07.807,,2,1,42:12:77:76:d0:14,-51,39
2024-04-11T14:19:07.817,,2,1,42:12:77:76:d0:14,-47,38
2024-04-11T14:19:08.107,,2,1,42:12:77:76:d0:14,-61,37
2024-04-11T14:19:08.107,,2,1,42:12:77:76:d0:14,-52,39
2024-04-11T14:19:08.117,,2,1,42:12:77:76:d0:14,-51,38
2024-04-11T14:19:08.357,,2,1,42:12:77:76:d0:14,-54,37
2024-04-11T14:19:08.367,,2,1,42:12:77:76:d0:14,-52,38
2024-04-11T14:19:08.657,,2,1,42:12:77:76:d0:14,-56,37
2024-04-11T14:19:08.657,,2,1,42:12:77:76:d0:14,-56,39
2024-04-11T14:19:08.667,,2,1,42:12:77:76:d0:14,-51,38
2024-04-11T14:19:08.957,,2,1,42:12:77:76:d0:14,-54,39
2024-04-11T14:19:08.957,,2,1,42:12:77:76:d0:14,-57,37
2024-04-11T14:19:08.967,,2,1,42:12:77:76:d0:14,-51,38
2024-04-11T14:19:09.257,,2,1,42:12:77:76:d0:14,-57,37
2024-04-11T14:19:09.257,,2,1,42:12:77:76:d0:14,-55,39
2024-04-11T14:19:09.267,,2,1,42:12:77:76:d0:14,-52,38
2024-04-11T14:19:09.557,,2,1,42:12:77:76:d0:14,-56,39
2024-04-11T14:19:09.567,,2,1,42:12:77:76:d0:14,-52,38
2024-04-11T14:19:09.807,,2,1,42:12:77:76:d0:14,-55,39
2024-04-11T14:19:09.807,,2,1,42:12:77:76:d0:14,-58,37
2024-04-11T14:19:09.817,,2,1,42:12:77:76:d0:14,-52,38
2024-04-11T14:19:10.107,,2,1,42:12:77:76:d0:14,-58,37
2024-04-11T14:19:10.107,,2,1,42:12:77:76:d0:14,-55,39
2024-04-11T14:19:10.117,,2,1,42:12:77:76:d0:14,-52,38
2024-04-11T14:19:10.407,,2,1,42:12:77:76:d0:14,-56,39
2024-04-11T14:19:10.407,,2,1,42:12:77:76:d0:14,-58,37
2024-04-11T14:19:10.417,,2,1,42:12:77:76:d0:14,-52,38
2024-04-11T14:19:10.657,,2,1,42:12:77:76:d0:14,-58,37
2024-04-11T14:19:10.657,,2,1,42:12:77:76:d0:14,-55,39
2024-04-11T14:19:10.667,,2,1,42:12:77:76:d0:14,-51,38
2024-04-11T14:19:10.957,,2,1,42:12:77:76:d0:14,-59,37
2024-04-11T14:19:10.957,,2,1,42:12:77:76:d0:14,-55,39
2024-04-11T14:19:10.967,,2,1,42:12:77:76:d0:14,-52,38
2024-04-11T14:19:11.257,,2,1,42:12:77:76:d0:14,-56,39
2024-04-11T14:19:11.257,,2,1,42:12:77:76:d0:14,-58,37
2024-04-11T14:19:11.267,,2,1,42:12:77:76:d0:14,-52,38
2024-04-11T14:19:11.507,,2,1,42:12:77:76:d0:14,-58,37
2024-04-11T14:19:11.807,,2,1,42:12:77:76:d0:14,-56,37
2024-04-11T14:19:11.807,,2,1,42:12:77:76:d0:14,-52,39
2024-04-11T14:19:11.817,,2,1,42:12:77:76:d0:14,-57,38
2024-04-11T14:19:12.107,,2,1,42:12:77:76:d0:14,-50,39
2024-04-11T14:19:12.107,,2,1,42:12:77:76:d0:14,-60,37
2024-04-11T14:19:12.117,,2,1,42:12:77:76:d0:14,-51,38
2024-04-11T14:19:12.407,,2,1,42:12:77:76:d0:14,-52,39
2024-04-11T14:19:12.407,,2,1,42:12:77:76:d0:14,-59,37
2024-04-11T14:19:12.417,,2,1,42:12:77:76:d0:14,-50,38
2024-04-11T14:19:12.707,,2,1,42:12:77:76:d0:14,-55,37
2024-04-11T14:19:12.707,,2,1,42:12:77:76:d0:14,-51,39
2024-04-11T14:19:12.717,,2,1,42:12:77:76:d0:14,-50,38
2024-04-11T14:19:12.957,,2,1,42:12:77:76:d0:14,-57,37
2024-04-11T14:19:12.957,,2,1,42:12:77:76:d0:14,-57,39
2024-04-11T14:19:12.967,,2,1,42:12:77:76:d0:14,-50,38
2024-04-11T14:19:13.257,,2,1,42:12:77:76:d0:14,-52,39
2024-04-11T14:19:13.257,,2,1,42:12:77:76:d0:14,-57,37
2024-04-11T14:19:13.267,,2,1,42:12:77:76:d0:14,-51,38
2024-04-11T14:19:13.557,,2,1,42:12:77:76:d0:14,-54,39
2024-04-11T14:19:13.557,,2,1,42:12:77:76:d0:14,-58,37
2024-04-11T14:19:13.567,,2,1,42:12:77:76:d0:14,-50,38
2024-04-11T14:19:13.807,,2,1,42:12:77:76:d0:14,-59,37
2024-04-11T14:19:14.107,,2,1,42:12:77:76:d0:14,-55,39
2024-04-11T14:19:14.107,,2,1,42:12:77:76:d0:14,-57,37
2024-04-11T14:19:14.117,,2,1,42:12:77:76:d0:14,-51,38
2024-04-11T14:19:14.407,,2,1,42:12:77:76:d0:14,-53,39
2024-04-11T14:19:14.407,,2,1,42:12:77:76:d0:14,-60,37
2024-04-11T14:19:14.417,,2,1,42:12:77:76:d0:14,-51,38
2024-04-11T14:19:14.707,,2,1,42:12:77:76:d0:14,-62,37
2024-04-11T14:19:14.707,,2,1,42:12:77:76:d0:14,-52,39
2024-04-11T14:19:14.717,,2,1,42:12:77:76:d0:14,-50,38
2024-04-11T14:19:14.957,,2,1,42:12:77:76:d0:14,-61,37
2024-04-11T14:19:15.257,,2,1,42:12:77:76:d0:14,-61,37
2024-04-11T14:19:15.257,,2,1,42:12:77:76:d0:14,-55,39
2024-04-11T14:19:15.267,,2,1,42:12:77:76:d0:14,-50,38
2024-04-11T14:19:15.557,,2,1,42:12:77:76:d0:14,-54,39
2024-04-11T14:19:15.557,,2,1,42:12:77:76:d0:14,-61,37
2024-04-11T14:19:15.567,,2,1,42:12:77:76:d0:14,-50,38
2024-04-11T14:19:15.857,,2,1,42:12:77:76:d0:14,-62,37
2024-04-11T14:19:15.857,,2,1,42:12:77:76:d0:14,-55,39
2024-04-11T14:19:15.867,,2,1,42:12:77:76:d0:14,-50,38
2024-04-11T14:19:16.157,,2,1,42:12:77:76:d0:14,-55,39
2024-04-11T14:19:16.167,,2,1,42:12:77:76:d0:14,-50,38
2024-04-11T14:19:16.407,,2,1,42:12:77:76:d0:14,-54,39
2024-04-11T14:19:16.407,,2,1,42:12:77:76:d0:14,-59,37
2024-04-11T14:19:16.417,,2,1,42:12:77:76:d0:14,-50,38
2024-04-11T14:19:16.707,,2,1,42:12:77:76:d0:14,-55,39
2024-04-11T14:19:16.707,,2,1,42:12:77:76:d0:14,-60,37
2024-04-11T14:19:16.717,,2,1,42:12:77:76:d0:14,-51,38
2024-04-11T14:19:17.007,,2,1,42:12:77:76:d0:14,-58,37
2024-04-11T14:19:17.007,,2,1,42:12:77:76:d0:14,-54,39
2024-04-11T14:19:17.017,,2,1,42:12:77:76:d0:14,-50,38
2024-04-11T14:19:17.257,,2,1,42:12:77:76:d0:14,-55,39
2024-04-11T14:19:17.257,,2,1,42:12:77:76:d0:14,-60,37
2024-04-11T14:19:17.267,,2,1,42:12:77:76:d0:14,-51,38
2024-04-11T14:19:17.557,,2,1,42:12:77:76:d0:14,-58,37
2024-04-11T14:19:17.557,,2,1,42:12:77:76:d0:14,-58,39
2024-04-11T14:19:17.567,,2,1,42:12:77:76:d0:14,-50,38
2024-04-11T14:19:17.857,,2,1,42:12:77:76:d0:14,-61,37
2024-04-11T14:19:17.857,,2,1,42:12:77:76:d0:14,-56,39
2024-04-11T14:19:17.867,,2,1,42:12:77:76:d0:14,-52,38
2024-04-11T14:19:18.107,,2,1,42:12:77:76:d0:14,-57,37
2024-04-11T14:19:18.107,,2,1,42:12:77:76:d0:14,-52,39
2024-04-11T14:19:18.117,,2,1,42:12:77:76:d0:14,-51,38
2024-04-11T14:19:18.407,,2,1,42:12:77:76:d0:14,-51,39
2024-04-11T14:19:18.407,,2,1,42:12:77:76:d0:14,-57,37
2024-04-11T14:19:18.417,,2,1,42:12:77:76:d0:14,-51,38
2024-04-11T14:19:18.707,,2,1,42:12:77:76:d0:14,-52,39
2024-04-11T14:19:18.707,,2,1,42:12:77:76:d0:14,-58,37
2024-04-11T14:19:18.717,,2,1,42:12:77:76:d0:14,-51,38
2024-04-11T14:19:18.807,,0,0,dc:23:4f:a9:9a:46,-86,37
2024-04-11T14:19:19.007,,2,1,42:12:77:76:d0:14,-51,39
2024-04-11T14:19:19.007,,2,1,42:12:77:76:d0:14,-57,37
2024-04-11T14:19:19.017,,2,1,42:12:77:76:d0:14,-50,38
2024-04-11T14:19:19.257,,2,1,42:12:77:76:d0:14,-51,39
2024-04-11T14:19:19.257,,2,1,42:12:77:76:d0:14,-59,37
2024-04-11T14:19:19.267,,2,1,42:12:77:76:d0:14,-50,38
2024-04-11T14:19:19.557,,2,1,42:12:77:76:d0:14,-57,37
2024-04-11T14:19:19.557,,2,1,42:12:77:76:d0:14,-52,39
2024-04-11T14:19:19.567,,2,1,42:12:77:76:d0:14,-50,38
2024-04-11T14:19:19.817,,2,1,42:12:77:76:d0:14,-52,39
2024-04-11T14:19:19.817,,0,0,dc:23:4f:a9:9a:46,-83,39
2024-04-11T14:19:19.857,,2,1,42:12:77:76:d0:14,-57,37
2024-04-11T14:19:19.867,,2,1,42:12:77:76:d0:14,-50,38
2024-04-11T14:19:20.107,,2,1,42:12:77:76:d0:14,-52,39
2024-04-11T14:19:20.107,,2,1,42:12:77:76:d0:14,-56,37
2024-04-11T14:19:20.117,,2,1,42:12:77:76:d0:14,-50,38
2024-04-11T14:19:20.407,,2,1,42:12:77:76:d0:14,-51,39
2024-04-11T14:19:20.407,,2,1,42:12:77:76:d0:14,-56,37
2024-04-11T14:19:20.417,,2,1,42:12:77:76:d0:14,-51,38
2024-04-11T14:19:20.707,,2,1,42:12:77:76:d0:14,-52,39
2024-04-11T14:19:20.707,,2,1,42:12:77:76:d0:14,-56,37
2024-04-11T14:19:20.717,,2,1,42:12:77:76:d0:14,-51,38
2024-04-11T14:19:20.857,,0,0,dc:23:4f:a9:9a:46,-78,39
2024-04-11T14:19:20.857,,0,0,dc:23:4f:a9:9a:46,-77,37
2024-04-11T14:19:20.867,,0,0,dc:23:4f:a9:9a:46,-66,38
2024-04-11T14:19:21.007,,2,1,42:12:77:76:d0:14,-56,37
2024-04-11T14:19:21.007,,2,1,42:12:77:76:d0:14,-52,39
2024-04-11T14:19:21.017,,2,1,42:12:77:76:d0:14,-51,38
2024-04-11T14:19:21.257,,2,1,42:12:77:76:d0:14,-52,39
2024-04-11T14:19:21.257,,2,1,42:12:77:76:d0:14,-57,37
2024-04-11T14:19:21.267,,2,1,42:12:77:76:d0:14,-51,38
2024-04-11T14:19:21.557,,2,1,42:12:77:76:d0:14,-56,37
2024-04-11T14:19:21.557,,2,1,42:12:77:76:d0:14,-52,39
2024-04-11T14:19:21.567,,2,1,42:12:77:76:d0:14,-51,38
2024-04-11T14:19:21.817,,0,0,dc:23:4f:a9:9a:46,-76,37
2024-04-11T14:19:21.817,,2,1,42:12:77:76:d0:14,-56,37
2024-04-11T14:19:21.827,,0,0,dc:23:4f:a9:9a:46,-66,38
2024-04-11T14:19:21.827,,2,1,42:12:77:76:d0:14,-51,38
2024-04-11T14:19:22.157,,2,1,42:12:77:76:d0:14,-57,37
2024-04-11T14:19:22.157,,2,1,42:12:77:76:d0:14,-55,39
2024-04-11T14:19:22.167,,2,1,42:12:77:76:d0:14,-50,38
2024-04-11T14:19:22.407,,2,1,42:12:77:76:d0:14,-53,39
2024-04-11T14:19:22.407,,2,1,42:12:77:76:d0:14,-56,37
2024-04-11T14:19:22.417,,2,1,42:12:77:76:d0:14,-51,38
2024-04-11T14:19:22.707,,2,1,42:12:77:76:d0:14,-56,37
2024-04-11T14:19:22.707,,2,1,42:12:77:76:d0:14,-54,39
2024-04-11T14:19:22.717,,2,1,42:12:77:76:d0:14,-51,38
2024-04-11T14:19:22.857,,0,0,dc:23:4f:a9:9a:46,-76,37
2024-04-11T14:19:22.857,,0,0,dc:23:4f:a9:9a:46,-80,39
2024-04-11T14:19:22.867,,0,0,dc:23:4f:a9:9a:46,-66,38
2024-04-11T14:19:23.007,,2,1,42:12:77:76:d0:14,-56,37
2024-04-11T14:19:23.007,,2,1,42:12:77:76:d0:14,-52,39
2024-04-11T14:19:23.017,,2,1,42:12:77:76:d0:14,-51,38
2024-04-11T14:19:23.257,,2,1,42:12:77:76:d0:14,-54,39
2024-04-11T14:19:23.257,,2,1,42:12:77:76:d0:14,-57,37
2024-04-11T14:19:23.267,,2,1,42:12:77:76:d0:14,-50,38
2024-04-11T14:19:23.557,,2,1,42:12:77:76:d0:14,-52,39
2024-04-11T14:19:23.557,,2,1,42:12:77:76:d0:14,-56,37
2024-04-11T14:19:23.567,,2,1,42:12:77:76:d0:14,-50,38
2024-04-11T14:19:23.817,,2,1,42:12:77:76:d0:14,-56,37
2024-04-11T14:19:23.817,,0,0,dc:23:4f:a9:9a:46,-75,37
2024-04-11T14:19:23.827,,2,1,42:12:77:76:d0:14,-51,38
2024-04-11T14:19:23.827,,0,0,dc:23:4f:a9:9a:46,-66,38
2024-04-11T14:19:23.857,,2,1,42:12:77:76:d0:14,-53,39
2024-04-11T14:19:24.107,,2,1,42:12:77:76:d0:14,-57,37
2024-04-11T14:19:24.107,,2,1,42:12:77:76:d0:14,-52,39
2024-04-11T14:19:24.117,,2,1,42:12:77:76:d0:14,-51,38
2024-04-11T14:19:24.407,,2,1,42:12:77:76:d0:14,-54,39
2024-04-11T14:19:24.407,,2,1,42:12:77:76:d0:14,-57,37
2024-04-11T14:19:24.417,,2,1,42:12:77:76:d0:14,-50,38
2024-04-11T14:19:24.707,,2,1,42:12:77:76:d0:14,-57,37
2024-04-11T14:19:24.707,,2,1,42:12:77:76:d0:14,-54,39
2024-04-11T14:19:24.717,,2,1,42:12:77:76:d0:14,-51,38
2024-04-11T14:19:24.857,,0,0,dc:23:4f:a9:9a:46,-74,37
2024-04-11T14:19:24.857,,0,0,dc:23:4f:a9:9a:46,-79,39
2024-04-11T14:19:24.867,,0,0,dc:23:4f:a9:9a:46,-66,38
2024-04-11T14:19:25.007,,2,1,42:12:77:76:d0:14,-53,39
2024-04-11T14:19:25.007,,2,1,42:12:77:76:d0:14,-57,37
2024-04-11T14:19:25.017,,2,1,42:12:77:76:d0:14,-50,38
2024-04-11T14:19:25.257,,2,1,42:12:77:76:d0:14,-54,39
2024-04-11T14:19:25.257,,2,1,42:12:77:76:d0:14,-57,37
2024-04-11T14:19:25.267,,2,1,42:12:77:76:d0:14,-51,38
2024-04-11T14:19:25.557,,2,1,42:12:77:76:d0:14,-53,39
2024-04-11T14:19:25.557,,2,1,42:12:77:76:d0:14,-57,37
2024-04-11T14:19:25.567,,2,1,42:12:77:76:d0:14,-50,38
2024-04-11T14:19:25.827,,2,1,42:12:77:76:d0:14,-57,37
2024-04-11T14:19:25.827,,0,0,dc:23:4f:a9:9a:46,-74,37
2024-04-11T14:19:25.837,,2,1,42:12:77:76:d0:14,-50,38
2024-04-11T14:19:25.837,,0,0,dc:23:4f:a9:9a:46,-66,38
2024-04-11T14:19:25.857,,2,1,42:12:77:76:d0:14,-53,39
2024-04-11T14:19:26.107,,2,1,42:12:77:76:d0:14,-57,37
2024-04-11T14:19:26.107,,2,1,42:12:77:76:d0:14,-53,39
2024-04-11T14:19:26.117,,2,1,42:12:77:76:d0:14,-51,38
2024-04-11T14:19:26.407,,2,1,42:12:77:76:d0:14,-53,39
2024-04-11T14:19:26.407,,2,1,42:12:77:76:d0:14,-57,37
2024-04-11T14:19:26.417,,2,1,42:12:77:76:d0:14,-50,38
2024-04-11T14:19:26.707,,2,1,42:12:77:76:d0:14,-56,37
2024-04-11T14:19:26.707,,2,1,42:12:77:76:d0:14,-53,39
2024-04-11T14:19:26.717,,2,1,42:12:77:76:d0:14,-50,38
2024-04-11T14:19:26.857,,0,0,dc:23:4f:a9:9a:46,-74,37
2024-04-11T14:19:26.867,,0,0,dc:23:4f:a9:9a:46,-66,38
2024-04-11T14:19:27.007,,2,1,42:12:77:76:d0:14,-53,39
2024-04-11T14:19:27.017,,2,1,42:12:77:76:d0:14,-50,38
2024-04-11T14:19:27.257,,2,1,42:12:77:76:d0:14,-59,37
2024-04-11T14:19:27.257,,2,1,42:12:77:76:d0:14,-52,39
2024-04-11T14:19:27.267,,2,1,42:12:77:76:d0:14,-50,38
2024-04-11T14:19:27.557,,2,1,42:12:77:76:d0:14,-53,39
2024-04-11T14:19:27.557,,2,1,42:12:77:76:d0:14,-59,37
2024-04-11T14:19:27.567,,2,1,42:12:77:76:d0:14,-50,38
2024-04-11T14:19:27.837,,2,1,42:12:77:76:d0:14,-57,37
2024-04-11T14:19:27.837,,0,0,dc:23:4f:a9:9a:46,-75,37
2024-04-11T14:19:27.847,,2,1,42:12:77:76:d0:14,-50,38
2024-04-11T14:19:27.847,,0,0,dc:23:4f:a9:9a:46,-67,38
2024-04-11T14:19:27.857,,2,1,42:12:77:76:d0:14,-54,39
2024-04-11T14:19:28.107,,2,1,42:12:77:76:d0:14,-57,37
2024-04-11T14:19:28.107,,2,1,42:12:77:76:d0:14,-53,39
2024-04-11T14:19:28.117,,2,1,42:12:77:76:d0:14,-50,38
2024-04-11T14:19:28.407,,2,1,42:12:77:76:d0:14,-56,37
2024-04-11T14:19:28.407,,2,1,42:12:77:76:d0:14,-53,39
2024-04-11T14:19:28.417,,2,1,42:12:77:76:d0:14,-50,38
2024-04-11T14:19:28.707,,2,1,42:12:77:76:d0:14,-52,39
2024-04-11T14:19:28.707,,2,1,42:12:77:76:d0:14,-57,37
2024-04-11T14:19:28.717,,2,1,42:12:77:76:d0:14,-50,38
2024-04-11T14:19:28.857,,0,0,dc:23:4f:a9:9a:46,-74,37
2024-04-11T14:19:28.867,,0,0,dc:23:4f:a9:9a:46,-66,38
2024-04-11T14:19:28.957,,2,1,42:12:77:76:d0:14,-56,37
2024-04-11T14:19:28.967,,2,1,42:12:77:76:d0:14,-50,38
2024-04-11T14:19:29.257,,2,1,42:12:77:76:d0:14,-57,37
2024-04-11T14:19:29.257,,2,1,42:12:77:76:d0:14,-53,39
2024-04-11T14:19:29.267,,2,1,42:12:77:76:d0:14,-51,38
2024-04-11T14:19:29.557,,2,1,42:12:77:76:d0:14,-53,39
2024-04-11T14:19:29.557,,2,1,42:12:77:76:d0:14,-56,37
2024-04-11T14:19:29.567,,2,1,42:12:77:76:d0:14,-50,38
2024-04-11T14:19:29.847,,2,1,42:12:77:76:d0:14,-57,37
2024-04-11T14:19:29.847,,0,0,dc:23:4f:a9:9a:46,-75,37
2024-04-11T14:19:29.857,,0,0,dc:23:4f:a9:9a:46,-66,38
2024-04-11T14:19:29.857,,2,1,42:12:77:76:d0:14,-50,38
2024-04-11T14:19:29.857,,2,1,42:12:77:76:d0:14,-52,39
2024-04-11T14:19:30.107,,2,1,42:12:77:76:d0:14,-57,37
2024-04-11T14:19:30.407,,2,1,42:12:77:76:d0:14,-58,37
2024-04-11T14:19:30.407,,2,1,42:12:77:76:d0:14,-52,39
2024-04-11T14:19:30.417,,2,1,42:12:77:76:d0:14,-50,38
2024-04-11T14:19:30.707,,2,1,42:12:77:76:d0:14,-53,39
2024-04-11T14:19:30.707,,2,1,42:12:77:76:d0:14,-57,37
2024-04-11T14:19:30.717,,2,1,42:12:77:76:d0:14,-50,38
2024-04-11T14:19:30.857,,0,0,dc:23:4f:a9:9a:46,-76,37
2024-04-11T14:19:30.867,,0,0,dc:23:4f:a9:9a:46,-67,38
2024-04-11T14:19:31.007,,2,1,42:12:77:76:d0:14,-57,37
2024-04-11T14:19:31.007,,2,1,42:12:77:76:d0:14,-52,39
2024-04-11T14:19:31.017,,2,1,42:12:77:76:d0:14,-51,38
2024-04-11T14:19:31.307,,2,1,42:12:77:76:d0:14,-52,39
2024-04-11T14:19:31.307,,2,1,42:12:77:76:d0:14,-57,37
2024-04-11T14:19:31.317,,2,1,42:12:77:76:d0:14,-50,38
2024-04-11T14:19:31.557,,2,1,42:12:77:76:d0:14,-59,37
2024-04-11T14:19:31.557,,2,1,42:12:77:76:d0:14,-52,39
2024-04-11T14:19:31.567,,2,1,42:12:77:76:d0:14,-50,38
2024-04-11T14:19:31.857,,2,1,42:12:77:76:d0:14,-57,37
2024-04-11T14:19:31.857,,2,1,42:12:77:76:d0:14,-53,39
2024-04-11T14:19:31.857,,0,0,dc:23:4f:a9:9a:46,-76,37
2024-04-11T14:19:31.867,,2,1,42:12:77:76:d0:14,-50,38
2024-04-11T14:19:32.157,,2,1,42:12:77:76:d0:14,-52,39
2024-04-11T14:19:32.157,,2,1,42:12:77:76:d0:14,-58,37
2024-04-11T14:19:32.167,,2,1,42:12:77:76:d0:14,-51,38
2024-04-11T14:19:32.407,,2,1,42:12:77:76:d0:14,-52,39
2024-04-11T14:19:32.407,,2,1,42:12:77:76:d0:14,-56,37
2024-04-11T14:19:32.417,,2,1,42:12:77:76:d0:14,-50,38
2024-04-11T14:19:32.707,,2,1,42:12:77:76:d0:14,-57,37
2024-04-11T14:19:32.707,,2,1,42:12:77:76:d0:14,-52,39
2024-04-11T14:19:32.717,,2,1,42:12:77:76:d0:14,-51,38
2024-04-11T14:19:32.907,,0,0,dc:23:4f:a9:9a:46,-74,37
2024-04-11T14:19:32.907,,0,0,dc:23:4f:a9:9a:46,-85,39
2024-04-11T14:19:32.917,,0,0,dc:23:4f:a9:9a:46,-66,38
2024-04-11T14:19:33.007,,2,1,42:12:77:76:d0:14,-57,37
2024-04-11T14:19:33.007,,2,1,42:12:77:76:d0:14,-52,39
2024-04-11T14:19:33.017,,2,1,42:12:77:76:d0:14,-50,38
2024-04-11T14:19:33.307,,2,1,42:12:77:76:d0:14,-53,39
2024-04-11T14:19:33.317,,2,1,42:12:77:76:d0:14,-50,38
2024-04-11T14:19:33.557,,2,1,42:12:77:76:d0:14,-53,39
2024-04-11T14:19:33.557,,2,1,42:12:77:76:d0:14,-57,37
2024-04-11T14:19:33.567,,2,1,42:12:77:76:d0:14,-50,38
2024-04-11T14:19:33.857,,2,1,42:12:77:76:d0:14,-52,39
2024-04-11T14:19:33.857,,2,1,42:12:77:76:d0:14,-57,37
2024-04-11T14:19:33.867,,2,1,42:12:77:76:d0:14,-50,38
2024-04-11T14:19:33.907,,0,0,dc:23:4f:a9:9a:46,-84,39
2024-04-11T14:19:33.907,,0,0,dc:23:4f:a9:9a:46,-75,37
2024-04-11T14:19:33.917,,0,0,dc:23:4f:a9:9a:46,-66,38
2024-04-11T14:19:34.157,,2,1,42:12:77:76:d0:14,-52,39
2024-04-11T14:19:34.157,,2,1,42:12:77:76:d0:14,-56,37
2024-04-11T14:19:34.167,,2,1,42:12:77:76:d0:14,-50,38
2024-04-11T14:19:34.407,,2,1,42:12:77:76:d0:14,-57,37
2024-04-11T14:19:34.407,,2,1,42:12:77:76:d0:14,-52,39
2024-04-11T14:19:34.417,,2,1,42:12:77:76:d0:14,-50,38
2024-04-11T14:19:34.707,,2,1,42:12:77:76:d0:14,-57,37
2024-04-11T14:19:34.707,,2,1,42:12:77:76:d0:14,-52,39
2024-04-11T14:19:34.717,,2,1,42:12:77:76:d0:14,-50,38
2024-04-11T14:19:34.907,,0,0,dc:23:4f:a9:9a:46,-75,37
2024-04-11T14:19:34.917,,0,0,dc:23:4f:a9:9a:46,-66,38
2024-04-11T14:19:35.007,,2,1,42:12:77:76:d0:14,-52,39
2024-04-11T14:19:35.007,,2,1,42:12:77:76:d0:14,-56,37
2024-04-11T14:19:35.017,,2,1,42:12:77:76:d0:14,-50,38
2024-04-11T14:19:35.257,,2,1,42:12:77:76:d0:14,-52,39
2024-04-11T14:19:35.257,,2,1,42:12:77:76:d0:14,-57,37
2024-04-11T14:19:35.267,,2,1,42:12:77:76:d0:14,-50,38
2024-04-11T14:19:35.557,,2,1,42:12:77:76:d0:14,-52,39
2024-04-11T14:19:35.557,,2,1,42:12:77:76:d0:14,-58,37
2024-04-11T14:19:35.567,,2,1,42:12:77:76:d0:14,-50,38
2024-04-11T14:19:35.857,,2,1,42:12:77:76:d0:14,-52,39
2024-04-11T14:19:35.857,,2,1,42:12:77:76:d0:14,-58,37
2024-04-11T14:19:35.867,,2,1,42:12:77:76:d0:14,-50,38
2024-04-11T14:19:35.907,,0,0,dc:23:4f:a9:9a:46,-75,37
2024-04-11T14:19:35.907,,0,0,dc:23:4f:a9:9a:46,-84,39
2024-04-11T14:19:35.917,,0,0,dc:23:4f:a9:9a:46,-66,38
2024-04-11T14:19:36.157,,2,1,42:12:77:76:d0:14,-52,39
2024-04-11T14:19:36.167,,2,1,42:12:77:76:d0:14,-50,38
2024-04-11T14:19:36.407,,2,1,42:12:77:76:d0:14,-57,37
2024-04-11T14:19:36.407,,2,1,42:12:77:76:d0:14,-53,39
2024-04-11T14:19:36.417,,2,1,42:12:77:76:d0:14,-50,38
2024-04-11T14:19:36.707,,2,1,42:12:77:76:d0:14,-59,37
2024-04-11T14:19:36.707,,2,1,42:12:77:76:d0:14,-52,39
2024-04-11T14:19:36.717,,2,1,42:12:77:76:d0:14,-50,38
2024-04-11T14:19:36.907,,0,0,dc:23:4f:a9:9a:46,-76,37
2024-04-11T14:19:36.917,,0,0,dc:23:4f:a9:9a:46,-66,38
2024-04-11T14:19:37.007,,2,1,42:12:77:76:d0:14,-57,37
2024-04-11T14:19:37.007,,2,1,42:12:77:76:d0:14,-53,39
2024-04-11T14:19:37.017,,2,1,42:12:77:76:d0:14,-50,38
2024-04-11T14:19:37.257,,2,1,42:12:77:76:d0:14,-52,39
2024-04-11T14:19:37.257,,2,1,42:12:77:76:d0:14,-57,37
2024-04-11T14:19:37.267,,2,1,42:12:77:76:d0:14,-50,38
