2024-04-03T15:48:37.275000,46:28:e1:43:b6:bf,1,-46
2024-04-03T15:48:37.681000,1a:69:1c:14:f9:a0,1,-59
2024-04-03T15:48:37.686000,6f:0e:25:55:61:95,1,-84
2024-04-03T15:48:37.690000,1a:69:1c:14:f9:a0,1,-61
2024-04-03T15:48:37.695000,54:d2:72:64:1b:f4,0,-47
2024-04-03T15:48:37.702000,46:28:e1:43:b6:bf,1,-48
2024-04-03T15:48:37.705000,cb:94:54:ed:5d:28,1,-81
2024-04-03T15:48:37.718000,6f:0e:25:55:61:95,1,-87
2024-04-03T15:48:37.722000,1a:69:1c:14:f9:a0,1,-62
2024-04-03T15:48:37.832000,1a:69:1c:14:f9:a0,1,-59
2024-04-03T15:48:37.845000,46:28:e1:43:b6:bf,1,-47
2024-04-03T15:48:37.933000,1a:69:1c:14:f9:a0,1,-62
2024-04-03T15:48:37.981000,54:d2:72:64:1b:f4,0,-47
2024-04-03T15:48:38.000000,6f:0e:25:55:61:95,1,-86
2024-04-03T15:48:38.014000,a4:c1:38:e0:67:ae,0,-66
2024-04-03T15:48:38.043000,1a:69:1c:14:f9:a0,1,-59
2024-04-03T15:48:38.121000,44:d4:e2:76:77:52,1,-84
2024-04-03T15:48:38.130000,46:28:e1:43:b6:bf,1,-47
2024-04-03T15:48:38.147000,1a:69:1c:14:f9:a0,1,-59
2024-04-03T15:48:38.253000,1a:69:1c:14:f9:a0,1,-60
2024-04-03T15:48:38.359000,1a:69:1c:14:f9:a0,1,-58
2024-04-03T15:48:38.415000,46:28:e1:43:b6:bf,1,-47
2024-04-03T15:48:38.463000,1a:69:1c:14:f9:a0,1,-62
2024-04-03T15:48:38.568000,6f:0e:25:55:61:95,1,-84
2024-04-03T15:48:38.571000,1a:69:1c:14:f9:a0,1,-58
2024-04-03T15:48:38.675000,1a:69:1c:14:f9:a0,1,-61
2024-04-03T15:48:38.703000,46:28:e1:43:b6:bf,1,-51
2024-04-03T15:48:38.739000,54:d2:72:64:1b:f4,0,-36
2024-04-03T15:48:38.786000,1a:69:1c:14:f9:a0,1,-61
2024-04-03T15:48:38.853000,6f:0e:25:55:61:95,1,-84
2024-04-03T15:48:38.857000,cb:94:54:ed:5d:28,1,-85
2024-04-03T15:48:38.885000,1a:69:1c:14:f9:a0,1,-61
2024-04-03T15:48:38.985000,44:d4:e2:76:77:52,1,-84
2024-04-03T15:48:38.990000,46:28:e1:43:b6:bf,1,-47
2024-04-03T15:48:38.995000,1a:69:1c:14:f9:a0,1,-59
2024-04-03T15:48:39.098000,1a:69:1c:14:f9:a0,1,-62
2024-04-03T15:48:39.135000,6f:0e:25:55:61:95,1,-86
2024-04-03T15:48:39.159000,54:d2:72:64:1b:f4,0,-39
2024-04-03T15:48:39.201000,1a:69:1c:14:f9:a0,1,-58
2024-04-03T15:48:39.276000,cb:94:54:ed:5d:28,1,-86
2024-04-03T15:48:39.310000,1a:69:1c:14:f9:a0,1,-61
2024-04-03T15:48:39.416000,1a:69:1c:14:f9:a0,1,-61
2024-04-03T15:48:39.421000,6f:0e:25:55:61:95,1,-86
2024-04-03T15:48:39.520000,1a:69:1c:14:f9:a0,1,-61
2024-04-03T15:48:39.540000,dc:23:4f:a9:9a:46,0,-88
2024-04-03T15:48:39.558000,46:28:e1:43:b6:bf,1,-47
2024-04-03T15:48:39.562000,44:d4:e2:76:77:52,1,-85
2024-04-03T15:48:39.587000,54:d2:72:64:1b:f4,0,-40
2024-04-03T15:48:39.617000,60:a7:00:13:dd:b2,1,-98
2024-04-03T15:48:39.627000,1a:69:1c:14:f9:a0,1,-61
2024-04-03T15:48:39.695000,77:84:9b:98:26:fb,1,-95
2024-04-03T15:48:39.711000,6f:0e:25:55:61:95,1,-87
2024-04-03T15:48:39.715000,cb:94:54:ed:5d:28,1,-83
2024-04-03T15:48:39.728000,1a:69:1c:14:f9:a0,1,-61
2024-04-03T15:48:39.797000,60:a7:00:13:dd:b2,1,-94
2024-04-03T15:48:39.830000,1a:69:1c:14:f9:a0,1,-58
2024-04-03T15:48:39.845000,46:28:e1:43:b6:bf,1,-50
2024-04-03T15:48:39.970000,77:84:9b:98:26:fb,1,-94
2024-04-03T15:48:39.982000,6f:0e:25:55:61:95,1,-86
2024-04-03T15:48:40.015000,54:d2:72:64:1b:f4,0,-47
2024-04-03T15:48:40.042000,1a:69:1c:14:f9:a0,1,-58
2024-04-03T15:48:40.047000,1a:69:1c:14:f9:a0,1,-61
2024-04-03T15:48:40.122000,cb:94:54:ed:5d:28,1,-85
2024-04-03T15:48:40.132000,46:28:e1:43:b6:bf,1,-49
2024-04-03T15:48:40.162000,60:a7:00:13:dd:b2,1,-97
2024-04-03T15:48:40.247000,1a:69:1c:14:f9:a0,1,-58
2024-04-03T15:48:40.268000,6f:0e:25:55:61:95,1,-88
2024-04-03T15:48:40.302000,a4:c1:38:e0:67:ae,0,-60
2024-04-03T15:48:40.423000,73:e3:8d:b8:3a:51,1,-94
2024-04-03T15:48:40.431000,44:d4:e2:76:77:52,1,-85
2024-04-03T15:48:40.442000,54:d2:72:64:1b:f4,0,-47
2024-04-03T15:48:40.457000,1a:69:1c:14:f9:a0,1,-58
2024-04-03T15:48:40.516000,77:84:9b:98:26:fb,1,-93
2024-04-03T15:48:40.546000,dc:23:4f:a9:9a:46,0,-92
2024-04-03T15:48:40.572000,6f:0e:25:55:61:95,1,-87
2024-04-03T15:48:40.576000,1a:69:1c:14:f9:a0,1,-62
2024-04-03T15:48:40.667000,1a:69:1c:14:f9:a0,1,-59
2024-04-03T15:48:40.699000,46:28:e1:43:b6:bf,1,-46
2024-04-03T15:48:40.713000,44:d4:e2:76:77:52,1,-86
2024-04-03T15:48:40.764000,54:d2:72:64:1b:f4,0,-40
2024-04-03T15:48:40.771000,54:d2:72:64:1b:f4,0,-47
2024-04-03T15:48:40.779000,1a:69:1c:14:f9:a0,1,-62
2024-04-03T15:48:40.832000,6f:0e:25:55:61:95,1,-84
2024-04-03T15:48:40.872000,1a:69:1c:14:f9:a0,1,-60
2024-04-03T15:48:40.948000,e8:d2:ed:ce:49:81,1,-54
2024-04-03T15:48:40.976000,cb:94:54:ed:5d:28,1,-81
2024-04-03T15:48:41.001000,44:d4:e2:76:77:52,1,-85
2024-04-03T15:48:41.083000,1a:69:1c:14:f9:a0,1,-61
2024-04-03T15:48:41.112000,6f:0e:25:55:61:95,1,-87
2024-04-03T15:48:41.187000,54:d2:72:64:1b:f4,0,-47
2024-04-03T15:48:41.194000,1a:69:1c:14:f9:a0,1,-61
2024-04-03T15:48:41.256000,60:a7:00:13:dd:b2,1,-94
2024-04-03T15:48:41.277000,46:28:e1:43:b6:bf,1,-50
2024-04-03T15:48:41.300000,1a:69:1c:14:f9:a0,1,-60
2024-04-03T15:48:41.399000,cb:94:54:ed:5d:28,1,-81
2024-04-03T15:48:41.408000,1a:69:1c:14:f9:a0,1,-60
2024-04-03T15:48:41.507000,1a:69:1c:14:f9:a0,1,-60
2024-04-03T15:48:41.556000,46:28:e1:43:b6:bf,1,-47
2024-04-03T15:48:41.583000,44:d4:e2:76:77:52,1,-87
2024-04-03T15:48:41.609000,54:d2:72:64:1b:f4,0,-47
2024-04-03T15:48:41.616000,1a:69:1c:14:f9:a0,1,-60
2024-04-03T15:48:41.678000,6f:0e:25:55:61:95,1,-88
2024-04-03T15:48:41.717000,1a:69:1c:14:f9:a0,1,-60
2024-04-03T15:48:41.809000,60:a7:00:13:dd:b2,1,-96
2024-04-03T15:48:41.822000,cb:94:54:ed:5d:28,1,-81
2024-04-03T15:48:41.848000,46:28:e1:43:b6:bf,1,-50
2024-04-03T15:48:41.871000,44:d4:e2:76:77:52,1,-84
2024-04-03T15:48:41.927000,1a:69:1c:14:f9:a0,1,-60
2024-04-03T15:48:41.963000,6f:0e:25:55:61:95,1,-85
2024-04-03T15:48:42.027000,54:d2:72:64:1b:f4,0,-46
2024-04-03T15:48:42.041000,54:d2:72:64:1b:f4,0,-39
2024-04-03T15:48:42.132000,46:28:e1:43:b6:bf,1,-50
2024-04-03T15:48:42.137000,1a:69:1c:14:f9:a0,1,-58
2024-04-03T15:48:42.238000,1a:69:1c:14:f9:a0,1,-63
2024-04-03T15:48:42.246000,cb:94:54:ed:5d:28,1,-85
2024-04-03T15:48:42.343000,1a:69:1c:14:f9:a0,1,-62
2024-04-03T15:48:42.415000,ec:b7:78:df:b4:73,1,-87
2024-04-03T15:48:42.432000,73:e3:8d:b8:3a:51,1,-96
2024-04-03T15:48:42.449000,44:d4:e2:76:77:52,1,-86
2024-04-03T15:48:42.454000,1a:69:1c:14:f9:a0,1,-61
2024-04-03T15:48:42.463000,54:d2:72:64:1b:f4,0,-39
2024-04-03T15:48:42.525000,6f:0e:25:55:61:95,1,-85
2024-04-03T15:48:42.552000,1a:69:1c:14:f9:a0,1,-60
2024-04-03T15:48:42.568000,dc:23:4f:a9:9a:46,0,-88
2024-04-03T15:48:42.656000,72:77:bd:06:68:09,1,-92
2024-04-03T15:48:42.703000,46:28:e1:43:b6:bf,1,-50
2024-04-03T15:48:42.758000,1a:69:1c:14:f9:a0,1,-61
2024-04-03T15:48:42.769000,44:d4:e2:76:77:52,1,-85
2024-04-03T15:48:42.807000,6f:0e:25:55:61:95,1,-85
2024-04-03T15:48:42.866000,1a:69:1c:14:f9:a0,1,-63
2024-04-03T15:48:42.973000,1a:69:1c:14:f9:a0,1,-61
2024-04-03T15:48:42.987000,46:28:e1:43:b6:bf,1,-51
2024-04-03T15:48:43.036000,72:77:bd:06:68:09,1,-93
2024-04-03T15:48:43.077000,1a:69:1c:14:f9:a0,1,-63
2024-04-03T15:48:43.089000,6f:0e:25:55:61:95,1,-87
2024-04-03T15:48:43.178000,1a:69:1c:14:f9:a0,1,-60
2024-04-03T15:48:43.221000,72:77:bd:06:68:09,1,-94
2024-04-03T15:48:43.271000,46:28:e1:43:b6:bf,1,-50
2024-04-03T15:48:43.286000,1a:69:1c:14:f9:a0,1,-61
2024-04-03T15:48:43.308000,54:d2:72:64:1b:f4,0,-40
2024-04-03T15:48:43.316000,44:d4:e2:76:77:52,1,-87
2024-04-03T15:48:43.376000,6f:0e:25:55:61:95,1,-83
2024-04-03T15:48:43.411000,72:77:bd:06:68:09,1,-95
2024-04-03T15:48:43.456000,e8:d2:ed:ce:49:81,1,-59
2024-04-03T15:48:43.508000,cb:94:54:ed:5d:28,1,-86
2024-04-03T15:48:43.558000,46:28:e1:43:b6:bf,1,-48
2024-04-03T15:48:43.568000,dc:23:4f:a9:9a:46,0,-85
2024-04-03T15:48:43.601000,1a:69:1c:14:f9:a0,1,-59
2024-04-03T15:48:43.640000,60:a7:00:13:dd:b2,1,-95
2024-04-03T15:48:43.660000,6f:0e:25:55:61:95,1,-87
2024-04-03T15:48:43.707000,1a:69:1c:14:f9:a0,1,-62
2024-04-03T15:48:43.732000,54:d2:72:64:1b:f4,0,-40
2024-04-03T15:48:43.813000,1a:69:1c:14:f9:a0,1,-59
2024-04-03T15:48:43.818000,77:84:9b:98:26:fb,1,-97
2024-04-03T15:48:43.846000,46:28:e1:43:b6:bf,1,-47
2024-04-03T15:48:43.869000,c7:6b:43:6f:40:1c,1,-101
2024-04-03T15:48:43.922000,1a:69:1c:14:f9:a0,1,-61
2024-04-03T15:48:43.932000,cb:94:54:ed:5d:28,1,-87
2024-04-03T15:48:43.947000,6f:0e:25:55:61:95,1,-85
2024-04-03T15:48:43.973000,72:77:bd:06:68:09,1,-93
2024-04-03T15:48:44.020000,1a:69:1c:14:f9:a0,1,-60
2024-04-03T15:48:44.065000,54:d2:72:64:1b:f4,0,-47
2024-04-03T15:48:44.092000,77:84:9b:98:26:fb,1,-94
2024-04-03T15:48:44.129000,46:28:e1:43:b6:bf,1,-50
2024-04-03T15:48:44.134000,1a:69:1c:14:f9:a0,1,-62
2024-04-03T15:48:44.159000,72:77:bd:06:68:09,1,-98
2024-04-03T15:48:44.181000,44:d4:e2:76:77:52,1,-84
2024-04-03T15:48:44.227000,6f:0e:25:55:61:95,1,-87
2024-04-03T15:48:44.232000,1a:69:1c:14:f9:a0,1,-61
2024-04-03T15:48:44.337000,1a:69:1c:14:f9:a0,1,-61
2024-04-03T15:48:44.358000,cb:94:54:ed:5d:28,1,-92
2024-04-03T15:48:44.416000,46:28:e1:43:b6:bf,1,-47
2024-04-03T15:48:44.438000,1a:69:1c:14:f9:a0,1,-60
2024-04-03T15:48:44.463000,44:d4:e2:76:77:52,1,-87
2024-04-03T15:48:44.493000,54:d2:72:64:1b:f4,0,-47
2024-04-03T15:48:44.513000,6f:0e:25:55:61:95,1,-85
2024-04-03T15:48:44.544000,1a:69:1c:14:f9:a0,1,-58
2024-04-03T15:48:44.577000,dc:23:4f:a9:9a:46,0,-86
2024-04-03T15:48:44.648000,1a:69:1c:14:f9:a0,1,-60
2024-04-03T15:48:44.698000,46:28:e1:43:b6:bf,1,-49
2024-04-03T15:48:44.745000,44:d4:e2:76:77:52,1,-84
2024-04-03T15:48:44.754000,1a:69:1c:14:f9:a0,1,-59
2024-04-03T15:48:44.777000,cb:94:54:ed:5d:28,1,-90
2024-04-03T15:48:44.798000,6f:0e:25:55:61:95,1,-86
2024-04-03T15:48:44.859000,1a:69:1c:14:f9:a0,1,-60
2024-04-03T15:48:44.871000,dc:d4:fd:3c:d4:ec,1,-98
2024-04-03T15:48:44.917000,54:d2:72:64:1b:f4,0,-36
2024-04-03T15:48:44.927000,a4:c1:38:e0:67:ae,0,-70
2024-04-03T15:48:44.964000,1a:69:1c:14:f9:a0,1,-58
2024-04-03T15:48:44.979000,46:28:e1:43:b6:bf,1,-50
2024-04-03T15:48:45.027000,44:d4:e2:76:77:52,1,-87
2024-04-03T15:48:45.071000,1a:69:1c:14:f9:a0,1,-60
2024-04-03T15:48:45.178000,1a:69:1c:14:f9:a0,1,-62
2024-04-03T15:48:45.197000,cb:94:54:ed:5d:28,1,-90
2024-04-03T15:48:45.262000,46:28:e1:43:b6:bf,1,-47
2024-04-03T15:48:45.278000,1a:69:1c:14:f9:a0,1,-61
2024-04-03T15:48:45.327000,44:d4:e2:76:77:52,1,-87
2024-04-03T15:48:45.338000,54:d2:72:64:1b:f4,0,-39
2024-04-03T15:48:45.384000,1a:69:1c:14:f9:a0,1,-59
2024-04-03T15:48:45.491000,1a:69:1c:14:f9:a0,1,-60
2024-04-03T15:48:45.549000,46:28:e1:43:b6:bf,1,-50
2024-04-03T15:48:45.578000,dc:23:4f:a9:9a:46,0,-85
2024-04-03T15:48:45.597000,1a:69:1c:14:f9:a0,1,-63
2024-04-03T15:48:45.602000,44:d4:e2:76:77:52,1,-88
2024-04-03T15:48:45.622000,cb:94:54:ed:5d:28,1,-89
2024-04-03T15:48:45.647000,6f:0e:25:55:61:95,1,-85
2024-04-03T15:48:45.698000,1a:69:1c:14:f9:a0,1,-60
2024-04-03T15:48:45.744000,77:84:9b:98:26:fb,1,-100
2024-04-03T15:48:45.762000,54:d2:72:64:1b:f4,0,-38
2024-04-03T15:48:45.803000,1a:69:1c:14:f9:a0,1,-59
2024-04-03T15:48:45.839000,46:28:e1:43:b6:bf,1,-48
2024-04-03T15:48:45.890000,44:d4:e2:76:77:52,1,-85
2024-04-03T15:48:45.909000,1a:69:1c:14:f9:a0,1,-62
2024-04-03T15:48:45.932000,6f:0e:25:55:61:95,1,-83
2024-04-03T15:48:45.960000,e8:d2:ed:ce:49:81,1,-56
2024-04-03T15:48:46.016000,1a:69:1c:14:f9:a0,1,-59
2024-04-03T15:48:46.048000,cb:94:54:ed:5d:28,1,-81
2024-04-03T15:48:46.092000,54:d2:72:64:1b:f4,0,-39
2024-04-03T15:48:46.118000,1a:69:1c:14:f9:a0,1,-62
2024-04-03T15:48:46.173000,44:d4:e2:76:77:52,1,-86
2024-04-03T15:48:46.213000,6f:0e:25:55:61:95,1,-89
2024-04-03T15:48:46.224000,1a:69:1c:14:f9:a0,1,-58
2024-04-03T15:48:46.288000,77:84:9b:98:26:fb,1,-92
2024-04-03T15:48:46.326000,1a:69:1c:14:f9:a0,1,-61
2024-04-03T15:48:46.411000,46:28:e1:43:b6:bf,1,-51
2024-04-03T15:48:46.427000,1a:69:1c:14:f9:a0,1,-59
2024-04-03T15:48:46.463000,44:d4:e2:76:77:52,1,-84
2024-04-03T15:48:46.468000,cb:94:54:ed:5d:28,1,-82
2024-04-03T15:48:46.562000,77:84:9b:98:26:fb,1,-94
2024-04-03T15:48:46.590000,dc:23:4f:a9:9a:46,0,-86
2024-04-03T15:48:46.646000,1a:69:1c:14:f9:a0,1,-60
2024-04-03T15:48:46.698000,46:28:e1:43:b6:bf,1,-47
2024-04-03T15:48:46.754000,1a:69:1c:14:f9:a0,1,-61
2024-04-03T15:48:46.759000,1a:69:1c:14:f9:a0,1,-59
2024-04-03T15:48:46.778000,6f:0e:25:55:61:95,1,-87
2024-04-03T15:48:46.858000,1a:69:1c:14:f9:a0,1,-62
2024-04-03T15:48:46.888000,cb:94:54:ed:5d:28,1,-80
2024-04-03T15:48:46.936000,54:d2:72:64:1b:f4,0,-40
2024-04-03T15:48:46.955000,a4:c1:38:e0:67:ae,0,-60
2024-04-03T15:48:46.968000,1a:69:1c:14:f9:a0,1,-60
2024-04-03T15:48:47.062000,6f:0e:25:55:61:95,1,-85
2024-04-03T15:48:47.072000,1a:69:1c:14:f9:a0,1,-61
2024-04-03T15:48:47.178000,1a:69:1c:14:f9:a0,1,-60
2024-04-03T15:48:47.272000,46:28:e1:43:b6:bf,1,-47
2024-04-03T15:48:47.307000,cb:94:54:ed:5d:28,1,-81
2024-04-03T15:48:47.322000,44:d4:e2:76:77:52,1,-93
2024-04-03T15:48:47.347000,6f:0e:25:55:61:95,1,-87
2024-04-03T15:48:47.355000,54:d2:72:64:1b:f4,0,-40
2024-04-03T15:48:47.387000,1a:69:1c:14:f9:a0,1,-60
2024-04-03T15:48:47.493000,1a:69:1c:14:f9:a0,1,-61
2024-04-03T15:48:47.598000,1a:69:1c:14:f9:a0,1,-59
2024-04-03T15:48:47.613000,44:d4:e2:76:77:52,1,-84
2024-04-03T15:48:47.632000,6f:0e:25:55:61:95,1,-85
2024-04-03T15:48:47.703000,1a:69:1c:14:f9:a0,1,-62
2024-04-03T15:48:47.727000,cb:94:54:ed:5d:28,1,-81
2024-04-03T15:48:47.783000,54:d2:72:64:1b:f4,0,-40
2024-04-03T15:48:47.813000,1a:69:1c:14:f9:a0,1,-58
2024-04-03T15:48:47.818000,1a:69:1c:14:f9:a0,1,-62
2024-04-03T15:48:47.837000,46:28:e1:43:b6:bf,1,-47
2024-04-03T15:48:47.899000,44:d4:e2:76:77:52,1,-82
2024-04-03T15:48:47.913000,6f:0e:25:55:61:95,1,-84
2024-04-03T15:48:47.917000,1a:69:1c:14:f9:a0,1,-60
2024-04-03T15:48:48.027000,1a:69:1c:14:f9:a0,1,-64
2024-04-03T15:48:48.116000,54:d2:72:64:1b:f4,0,-44
2024-04-03T15:48:48.123000,46:28:e1:43:b6:bf,1,-48
2024-04-03T15:48:48.130000,1a:69:1c:14:f9:a0,1,-59
2024-04-03T15:48:48.145000,cb:94:54:ed:5d:28,1,-81
2024-04-03T15:48:48.198000,6f:0e:25:55:61:95,1,-85
2024-04-03T15:48:48.232000,1a:69:1c:14:f9:a0,1,-60
2024-04-03T15:48:48.336000,1a:69:1c:14:f9:a0,1,-61
2024-04-03T15:48:48.399000,46:28:e1:43:b6:bf,1,-49
2024-04-03T15:48:48.438000,1a:69:1c:14:f9:a0,1,-61
2024-04-03T15:48:48.448000,73:e3:8d:b8:3a:51,1,-92
2024-04-03T15:48:48.458000,e8:d2:ed:ce:49:81,1,-56
2024-04-03T15:48:48.471000,44:d4:e2:76:77:52,1,-85
2024-04-03T15:48:48.480000,6f:0e:25:55:61:95,1,-84
2024-04-03T15:48:48.537000,54:d2:72:64:1b:f4,0,-47
2024-04-03T15:48:48.567000,cb:94:54:ed:5d:28,1,-80
2024-04-03T15:48:48.648000,1a:69:1c:14:f9:a0,1,-59
2024-04-03T15:48:48.686000,46:28:e1:43:b6:bf,1,-50
2024-04-03T15:48:48.753000,1a:69:1c:14:f9:a0,1,-64
2024-04-03T15:48:48.860000,1a:69:1c:14:f9:a0,1,-58
2024-04-03T15:48:48.877000,dc:d4:fd:3c:d4:ec,1,-97
2024-04-03T15:48:48.956000,54:d2:72:64:1b:f4,0,-47
2024-04-03T15:48:48.988000,cb:94:54:ed:5d:28,1,-81
2024-04-03T15:48:49.010000,a4:c1:38:e0:67:ae,0,-70
2024-04-03T15:48:49.047000,6f:0e:25:55:61:95,1,-85
2024-04-03T15:48:49.051000,44:d4:e2:76:77:52,1,-85
2024-04-03T15:48:49.072000,1a:69:1c:14:f9:a0,1,-59
2024-04-03T15:48:49.258000,46:28:e1:43:b6:bf,1,-48
2024-04-03T15:48:49.281000,1a:69:1c:14:f9:a0,1,-58
2024-04-03T15:48:49.331000,6f:0e:25:55:61:95,1,-88
2024-04-03T15:48:49.376000,54:d2:72:64:1b:f4,0,-44
2024-04-03T15:48:49.383000,1a:69:1c:14:f9:a0,1,-67
2024-04-03T15:48:49.407000,cb:94:54:ed:5d:28,1,-81
2024-04-03T15:48:49.492000,1a:69:1c:14:f9:a0,1,-59
2024-04-03T15:48:49.538000,46:28:e1:43:b6:bf,1,-48
2024-04-03T15:48:49.577000,77:84:9b:98:26:fb,1,-95
2024-04-03T15:48:49.593000,1a:69:1c:14:f9:a0,1,-67
2024-04-03T15:48:49.618000,44:d4:e2:76:77:52,1,-85
2024-04-03T15:48:49.697000,1a:69:1c:14:f9:a0,1,-57
2024-04-03T15:48:49.799000,54:d2:72:64:1b:f4,0,-47
2024-04-03T15:48:49.806000,1a:69:1c:14:f9:a0,1,-64
2024-04-03T15:48:49.823000,46:28:e1:43:b6:bf,1,-47
2024-04-03T15:48:49.831000,cb:94:54:ed:5d:28,1,-80
2024-04-03T15:48:49.858000,77:84:9b:98:26:fb,1,-92
2024-04-03T15:48:49.900000,1a:69:1c:14:f9:a0,1,-61
2024-04-03T15:48:50.012000,1a:69:1c:14:f9:a0,1,-66
2024-04-03T15:48:50.109000,46:28:e1:43:b6:bf,1,-49
2024-04-03T15:48:50.113000,1a:69:1c:14:f9:a0,1,-60
2024-04-03T15:48:50.141000,54:d2:72:64:1b:f4,0,-39
2024-04-03T15:48:50.186000,44:d4:e2:76:77:52,1,-85
2024-04-03T15:48:50.213000,1a:69:1c:14:f9:a0,1,-58
2024-04-03T15:48:50.251000,cb:94:54:ed:5d:28,1,-81
2024-04-03T15:48:50.320000,1a:69:1c:14:f9:a0,1,-59
2024-04-03T15:48:50.399000,46:28:e1:43:b6:bf,1,-48
2024-04-03T15:48:50.424000,1a:69:1c:14:f9:a0,1,-57
2024-04-03T15:48:50.428000,ec:b7:78:df:b4:73,1,-90
2024-04-03T15:48:50.448000,73:e3:8d:b8:3a:51,1,-95
2024-04-03T15:48:50.466000,6f:0e:25:55:61:95,1,-86
2024-04-03T15:48:50.475000,44:d4:e2:76:77:52,1,-82
2024-04-03T15:48:50.566000,54:d2:72:64:1b:f4,0,-40
2024-04-03T15:48:50.629000,1a:69:1c:14:f9:a0,1,-58
2024-04-03T15:48:50.673000,cb:94:54:ed:5d:28,1,-81
2024-04-03T15:48:50.683000,46:28:e1:43:b6:bf,1,-48
2024-04-03T15:48:50.732000,1a:69:1c:14:f9:a0,1,-62
2024-04-03T15:48:50.748000,6f:0e:25:55:61:95,1,-86
2024-04-03T15:48:50.762000,44:d4:e2:76:77:52,1,-88
2024-04-03T15:48:50.838000,1a:69:1c:14:f9:a0,1,-58
2024-04-03T15:48:50.944000,1a:69:1c:14:f9:a0,1,-62
2024-04-03T15:48:50.951000,77:84:9b:98:26:fb,1,-90
2024-04-03T15:48:50.962000,e8:d2:ed:ce:49:81,1,-58
2024-04-03T15:48:50.988000,54:d2:72:64:1b:f4,0,-40
2024-04-03T15:48:51.030000,6f:0e:25:55:61:95,1,-85
2024-04-03T15:48:51.051000,1a:69:1c:14:f9:a0,1,-59
2024-04-03T15:48:51.055000,44:d4:e2:76:77:52,1,-83
2024-04-03T15:48:51.093000,cb:94:54:ed:5d:28,1,-81
2024-04-03T15:48:51.158000,1a:69:1c:14:f9:a0,1,-63
2024-04-03T15:48:51.255000,46:28:e1:43:b6:bf,1,-47
2024-04-03T15:48:51.259000,1a:69:1c:14:f9:a0,1,-58
2024-04-03T15:48:51.313000,6f:0e:25:55:61:95,1,-88
2024-04-03T15:48:51.366000,1a:69:1c:14:f9:a0,1,-62
2024-04-03T15:48:51.414000,54:d2:72:64:1b:f4,0,-40
2024-04-03T15:48:51.421000,a4:c1:38:e0:67:ae,0,-66
2024-04-03T15:48:51.471000,1a:69:1c:14:f9:a0,1,-57
2024-04-03T15:48:51.547000,46:28:e1:43:b6:bf,1,-50
2024-04-03T15:48:51.580000,1a:69:1c:14:f9:a0,1,-60
2024-04-03T15:48:51.597000,6f:0e:25:55:61:95,1,-85
2024-04-03T15:48:51.623000,44:d4:e2:76:77:52,1,-81
2024-04-03T15:48:51.686000,1a:69:1c:14:f9:a0,1,-63
2024-04-03T15:48:51.794000,1a:69:1c:14:f9:a0,1,-59
2024-04-03T15:48:51.825000,46:28:e1:43:b6:bf,1,-50
2024-04-03T15:48:51.837000,54:d2:72:64:1b:f4,0,-47
2024-04-03T15:48:51.904000,1a:69:1c:14:f9:a0,1,-64
2024-04-03T15:48:51.913000,44:d4:e2:76:77:52,1,-91
2024-04-03T15:48:51.934000,cb:94:54:ed:5d:28,1,-81
2024-04-03T15:48:52.008000,1a:69:1c:14:f9:a0,1,-58
2024-04-03T15:48:52.046000,77:84:9b:98:26:fb,1,-93
2024-04-03T15:48:52.113000,1a:69:1c:14:f9:a0,1,-64
2024-04-03T15:48:52.166000,6f:0e:25:55:61:95,1,-85
2024-04-03T15:48:52.206000,44:d4:e2:76:77:52,1,-92
2024-04-03T15:48:52.217000,1a:69:1c:14:f9:a0,1,-58
2024-04-03T15:48:52.324000,1a:69:1c:14:f9:a0,1,-62
2024-04-03T15:48:52.351000,cb:94:54:ed:5d:28,1,-81
2024-04-03T15:48:52.399000,46:28:e1:43:b6:bf,1,-47
2024-04-03T15:48:52.422000,1a:69:1c:14:f9:a0,1,-58
2024-04-03T15:48:52.448000,6f:0e:25:55:61:95,1,-86
2024-04-03T15:48:52.485000,44:d4:e2:76:77:52,1,-83
2024-04-03T15:48:52.529000,1a:69:1c:14:f9:a0,1,-66
2024-04-03T15:48:52.617000,60:a7:00:13:dd:b2,1,-95
2024-04-03T15:48:52.630000,dc:23:4f:a9:9a:46,0,-87
2024-04-03T15:48:52.652000,1a:69:1c:14:f9:a0,1,-59
2024-04-03T15:48:52.689000,46:28:e1:43:b6:bf,1,-49
2024-04-03T15:48:52.730000,6f:0e:25:55:61:95,1,-86
2024-04-03T15:48:52.740000,1a:69:1c:14:f9:a0,1,-65
2024-04-03T15:48:52.776000,44:d4:e2:76:77:52,1,-94
2024-04-03T15:48:52.842000,1a:69:1c:14:f9:a0,1,-60
2024-04-03T15:48:52.973000,46:28:e1:43:b6:bf,1,-47
2024-04-03T15:48:52.982000,60:a7:00:13:dd:b2,1,-97
2024-04-03T15:48:53.009000,54:d2:72:64:1b:f4,0,-44
2024-04-03T15:48:53.068000,44:d4:e2:76:77:52,1,-86
2024-04-03T15:48:53.154000,1a:69:1c:14:f9:a0,1,-56
2024-04-03T15:48:53.201000,cb:94:54:ed:5d:28,1,-86
2024-04-03T15:48:53.257000,46:28:e1:43:b6:bf,1,-50
2024-04-03T15:48:53.300000,6f:0e:25:55:61:95,1,-85
2024-04-03T15:48:53.352000,44:d4:e2:76:77:52,1,-91
2024-04-03T15:48:53.357000,1a:69:1c:14:f9:a0,1,-56
2024-04-03T15:48:53.428000,54:d2:72:64:1b:f4,0,-44
2024-04-03T15:48:53.464000,e8:d2:ed:ce:49:81,1,-56
2024-04-03T15:48:53.545000,46:28:e1:43:b6:bf,1,-50
2024-04-03T15:48:53.569000,1a:69:1c:14:f9:a0,1,-57
2024-04-03T15:48:53.581000,6f:0e:25:55:61:95,1,-83
2024-04-03T15:48:53.620000,dc:23:4f:a9:9a:46,0,-87
2024-04-03T15:48:53.633000,cb:94:54:ed:5d:28,1,-89
2024-04-03T15:48:53.643000,44:d4:e2:76:77:52,1,-86
2024-04-03T15:48:53.676000,1a:69:1c:14:f9:a0,1,-60
2024-04-03T15:48:53.786000,1a:69:1c:14:f9:a0,1,-62
2024-04-03T15:48:53.852000,54:d2:72:64:1b:f4,0,-44
2024-04-03T15:48:53.866000,6f:0e:25:55:61:95,1,-87
2024-04-03T15:48:53.918000,44:d4:e2:76:77:52,1,-91
2024-04-03T15:48:53.991000,1a:69:1c:14:f9:a0,1,-58
2024-04-03T15:48:54.046000,cb:94:54:ed:5d:28,1,-91
2024-04-03T15:48:54.120000,46:28:e1:43:b6:bf,1,-50
2024-04-03T15:48:54.150000,6f:0e:25:55:61:95,1,-84
2024-04-03T15:48:54.190000,54:d2:72:64:1b:f4,0,-39
2024-04-03T15:48:54.200000,1a:69:1c:14:f9:a0,1,-58
2024-04-03T15:48:54.208000,44:d4:e2:76:77:52,1,-85
2024-04-03T15:48:54.259000,60:a7:00:13:dd:b2,1,-98
2024-04-03T15:48:54.301000,1a:69:1c:14:f9:a0,1,-63
2024-04-03T15:48:54.430000,6f:0e:25:55:61:95,1,-89
2024-04-03T15:48:54.467000,cb:94:54:ed:5d:28,1,-91
2024-04-03T15:48:54.496000,44:d4:e2:76:77:52,1,-85
2024-04-03T15:48:54.513000,1a:69:1c:14:f9:a0,1,-65
2024-04-03T15:48:54.614000,54:d2:72:64:1b:f4,0,-38
2024-04-03T15:48:54.629000,dc:23:4f:a9:9a:46,0,-86
2024-04-03T15:48:54.687000,46:28:e1:43:b6:bf,1,-49
2024-04-03T15:48:54.716000,1a:69:1c:14:f9:a0,1,-66
2024-04-03T15:48:54.811000,60:a7:00:13:dd:b2,1,-97
2024-04-03T15:48:54.820000,1a:69:1c:14:f9:a0,1,-58
2024-04-03T15:48:54.889000,cb:94:54:ed:5d:28,1,-90
2024-04-03T15:48:54.931000,1a:69:1c:14:f9:a0,1,-69
2024-04-03T15:48:54.976000,46:28:e1:43:b6:bf,1,-47
2024-04-03T15:48:54.999000,6f:0e:25:55:61:95,1,-91
2024-04-03T15:48:55.028000,1a:69:1c:14:f9:a0,1,-58
2024-04-03T15:48:55.076000,44:d4:e2:76:77:52,1,-99
2024-04-03T15:48:55.132000,1a:69:1c:14:f9:a0,1,-59
2024-04-03T15:48:55.236000,1a:69:1c:14:f9:a0,1,-57
2024-04-03T15:48:55.286000,6f:0e:25:55:61:95,1,-83
2024-04-03T15:48:55.312000,cb:94:54:ed:5d:28,1,-90
2024-04-03T15:48:55.342000,1a:69:1c:14:f9:a0,1,-58
2024-04-03T15:48:55.363000,44:d4:e2:76:77:52,1,-96
2024-04-03T15:48:55.446000,1a:69:1c:14:f9:a0,1,-58
2024-04-03T15:48:55.454000,54:d2:72:64:1b:f4,0,-37
2024-04-03T15:48:55.547000,46:28:e1:43:b6:bf,1,-47
2024-04-03T15:48:55.551000,1a:69:1c:14:f9:a0,1,-58
2024-04-03T15:48:55.566000,6f:0e:25:55:61:95,1,-86
2024-04-03T15:48:55.631000,dc:23:4f:a9:9a:46,0,-87
2024-04-03T15:48:55.647000,77:84:9b:98:26:fb,1,-91
2024-04-03T15:48:55.658000,1a:69:1c:14:f9:a0,1,-60
2024-04-03T15:48:55.732000,cb:94:54:ed:5d:28,1,-90
2024-04-03T15:48:55.766000,1a:69:1c:14:f9:a0,1,-62
2024-04-03T15:48:55.836000,46:28:e1:43:b6:bf,1,-50
2024-04-03T15:48:55.850000,6f:0e:25:55:61:95,1,-86
2024-04-03T15:48:55.866000,1a:69:1c:14:f9:a0,1,-60
2024-04-03T15:48:55.880000,54:d2:72:64:1b:f4,0,-40
2024-04-03T15:48:55.921000,77:84:9b:98:26:fb,1,-96
2024-04-03T15:48:55.940000,44:d4:e2:76:77:52,1,-89
2024-04-03T15:48:55.963000,e8:d2:ed:ce:49:81,1,-56
2024-04-03T15:48:55.973000,1a:69:1c:14:f9:a0,1,-57
2024-04-03T15:48:56.076000,1a:69:1c:14:f9:a0,1,-58
2024-04-03T15:48:56.118000,46:28:e1:43:b6:bf,1,-47
2024-04-03T15:48:56.132000,6f:0e:25:55:61:95,1,-85
2024-04-03T15:48:56.150000,cb:94:54:ed:5d:28,1,-90
2024-04-03T15:48:56.183000,1a:69:1c:14:f9:a0,1,-57
2024-04-03T15:48:56.226000,44:d4:e2:76:77:52,1,-97
2024-04-03T15:48:56.276000,60:a7:00:13:dd:b2,1,-96
2024-04-03T15:48:56.290000,1a:69:1c:14:f9:a0,1,-59
2024-04-03T15:48:56.401000,1a:69:1c:14:f9:a0,1,-62
2024-04-03T15:48:56.417000,6f:0e:25:55:61:95,1,-86
2024-04-03T15:48:56.436000,ec:b7:78:df:b4:73,1,-90
2024-04-03T15:48:56.463000,73:e3:8d:b8:3a:51,1,-99
2024-04-03T15:48:56.470000,77:84:9b:98:26:fb,1,-92
2024-04-03T15:48:56.508000,1a:69:1c:14:f9:a0,1,-58
2024-04-03T15:48:56.573000,cb:94:54:ed:5d:28,1,-90
2024-04-03T15:48:56.614000,1a:69:1c:14:f9:a0,1,-63
2024-04-03T15:48:56.636000,dc:23:4f:a9:9a:46,0,-86
2024-04-03T15:48:56.649000,54:d2:72:64:1b:f4,0,-47
2024-04-03T15:48:56.687000,46:28:e1:43:b6:bf,1,-47
2024-04-03T15:48:56.700000,6f:0e:25:55:61:95,1,-84
2024-04-03T15:48:56.724000,1a:69:1c:14:f9:a0,1,-58
2024-04-03T15:48:56.738000,77:84:9b:98:26:fb,1,-93
2024-04-03T15:48:56.824000,1a:69:1c:14:f9:a0,1,-62
2024-04-03T15:48:56.930000,1a:69:1c:14:f9:a0,1,-60
2024-04-03T15:48:56.973000,46:28:e1:43:b6:bf,1,-51
2024-04-03T15:48:56.980000,6f:0e:25:55:61:95,1,-87
2024-04-03T15:48:56.992000,cb:94:54:ed:5d:28,1,-90
2024-04-03T15:48:57.016000,77:84:9b:98:26:fb,1,-97
2024-04-03T15:48:57.036000,1a:69:1c:14:f9:a0,1,-59
2024-04-03T15:48:57.083000,44:d4:e2:76:77:52,1,-86
2024-04-03T15:48:57.139000,1a:69:1c:14:f9:a0,1,-57
2024-04-03T15:48:57.188000,60:a7:00:13:dd:b2,1,-99
2024-04-03T15:48:57.244000,1a:69:1c:14:f9:a0,1,-66
2024-04-03T15:48:57.252000,46:28:e1:43:b6:bf,1,-48
2024-04-03T15:48:57.262000,6f:0e:25:55:61:95,1,-86
2024-04-03T15:48:57.294000,77:84:9b:98:26:fb,1,-96
2024-04-03T15:48:57.350000,1a:69:1c:14:f9:a0,1,-57
2024-04-03T15:48:57.414000,cb:94:54:ed:5d:28,1,-90
2024-04-03T15:48:57.487000,54:d2:72:64:1b:f4,0,-36
2024-04-03T15:48:57.538000,46:28:e1:43:b6:bf,1,-48
2024-04-03T15:48:57.561000,1a:69:1c:14:f9:a0,1,-57
2024-04-03T15:48:57.638000,dc:23:4f:a9:9a:46,0,-87
2024-04-03T15:48:57.661000,1a:69:1c:14:f9:a0,1,-66
2024-04-03T15:48:57.767000,1a:69:1c:14:f9:a0,1,-56
2024-04-03T15:48:57.826000,46:28:e1:43:b6:bf,1,-48
2024-04-03T15:48:57.830000,6f:0e:25:55:61:95,1,-86
2024-04-03T15:48:57.842000,cb:94:54:ed:5d:28,1,-80
2024-04-03T15:48:57.871000,1a:69:1c:14:f9:a0,1,-68
2024-04-03T15:48:57.910000,54:d2:72:64:1b:f4,0,-39
2024-04-03T15:48:57.976000,1a:69:1c:14:f9:a0,1,-57
2024-04-03T15:48:58.080000,1a:69:1c:14:f9:a0,1,-71
2024-04-03T15:48:58.098000,a4:c1:38:e0:67:ae,0,-70
2024-04-03T15:48:58.113000,46:28:e1:43:b6:bf,1,-50
2024-04-03T15:48:58.121000,77:84:9b:98:26:fb,1,-93
2024-04-03T15:48:58.177000,1a:69:1c:14:f9:a0,1,-61
2024-04-03T15:48:58.239000,54:d2:72:64:1b:f4,0,-38
2024-04-03T15:48:58.396000,6f:0e:25:55:61:95,1,-87
2024-04-03T15:48:58.402000,46:28:e1:43:b6:bf,1,-47
2024-04-03T15:48:58.466000,e8:d2:ed:ce:49:81,1,-55
2024-04-03T15:48:58.475000,60:a7:00:13:dd:b2,1,-93
2024-04-03T15:48:58.501000,1a:69:1c:14:f9:a0,1,-70
2024-04-03T15:48:58.515000,44:d4:e2:76:77:52,1,-89
2024-04-03T15:48:58.607000,1a:69:1c:14:f9:a0,1,-56
2024-04-03T15:48:58.646000,dc:23:4f:a9:9a:46,0,-87
2024-04-03T15:48:58.678000,6f:0e:25:55:61:95,1,-86
2024-04-03T15:48:58.684000,cb:94:54:ed:5d:28,1,-81
2024-04-03T15:48:58.694000,46:28:e1:43:b6:bf,1,-47
2024-04-03T15:48:58.712000,1a:69:1c:14:f9:a0,1,-70
2024-04-03T15:48:58.810000,1a:69:1c:14:f9:a0,1,-63
2024-04-03T15:48:58.914000,1a:69:1c:14:f9:a0,1,-56
2024-04-03T15:48:58.960000,6f:0e:25:55:61:95,1,-87
2024-04-03T15:48:58.979000,46:28:e1:43:b6:bf,1,-50
2024-04-03T15:48:59.022000,1a:69:1c:14:f9:a0,1,-63
2024-04-03T15:48:59.088000,44:d4:e2:76:77:52,1,-91
2024-04-03T15:48:59.104000,cb:94:54:ed:5d:28,1,-82
2024-04-03T15:48:59.132000,1a:69:1c:14:f9:a0,1,-69
2024-04-03T15:48:59.230000,1a:69:1c:14:f9:a0,1,-64
2024-04-03T15:48:59.246000,6f:0e:25:55:61:95,1,-85
2024-04-03T15:48:59.268000,46:28:e1:43:b6:bf,1,-49
2024-04-03T15:48:59.340000,1a:69:1c:14:f9:a0,1,-67
2024-04-03T15:48:59.382000,60:a7:00:13:dd:b2,1,-94
2024-04-03T15:48:59.437000,1a:69:1c:14:f9:a0,1,-62
2024-04-03T15:48:59.529000,cb:94:54:ed:5d:28,1,-89
2024-04-03T15:48:59.543000,1a:69:1c:14:f9:a0,1,-65
2024-04-03T15:48:59.648000,1a:69:1c:14:f9:a0,1,-63
2024-04-03T15:48:59.652000,dc:23:4f:a9:9a:46,0,-85
2024-04-03T15:48:59.668000,44:d4:e2:76:77:52,1,-91
2024-04-03T15:48:59.749000,1a:69:1c:14:f9:a0,1,-64
2024-04-03T15:48:59.812000,6f:0e:25:55:61:95,1,-81
2024-04-03T15:48:59.842000,46:28:e1:43:b6:bf,1,-47
2024-04-03T15:48:59.850000,1a:69:1c:14:f9:a0,1,-63
2024-04-03T15:48:59.941000,60:a7:00:13:dd:b2,1,-93
2024-04-03T15:48:59.948000,cb:94:54:ed:5d:28,1,-87
2024-04-03T15:48:59.957000,44:d4:e2:76:77:52,1,-89
2024-04-03T15:49:00.095000,6f:0e:25:55:61:95,1,-87
2024-04-03T15:49:00.124000,60:a7:00:13:dd:b2,1,-95
2024-04-03T15:49:00.131000,46:28:e1:43:b6:bf,1,-47
2024-04-03T15:49:00.166000,1a:69:1c:14:f9:a0,1,-66
2024-04-03T15:49:00.242000,44:d4:e2:76:77:52,1,-89
2024-04-03T15:49:00.269000,a4:c1:38:e0:67:ae,0,-65
2024-04-03T15:49:00.278000,1a:69:1c:14:f9:a0,1,-61
2024-04-03T15:49:00.311000,60:a7:00:13:dd:b2,1,-97
2024-04-03T15:49:00.373000,cb:94:54:ed:5d:28,1,-93
2024-04-03T15:49:00.381000,6f:0e:25:55:61:95,1,-85
2024-04-03T15:49:00.412000,46:28:e1:43:b6:bf,1,-47
2024-04-03T15:49:00.483000,1a:69:1c:14:f9:a0,1,-62
2024-04-03T15:49:00.523000,44:d4:e2:76:77:52,1,-91
2024-04-03T15:49:00.654000,dc:23:4f:a9:9a:46,0,-86
2024-04-03T15:49:00.666000,dc:23:4f:a9:9a:46,0,-83
2024-04-03T15:49:00.689000,1a:69:1c:14:f9:a0,1,-63
2024-04-03T15:49:00.697000,46:28:e1:43:b6:bf,1,-47
2024-04-03T15:49:00.796000,1a:69:1c:14:f9:a0,1,-67
2024-04-03T15:49:00.811000,44:d4:e2:76:77:52,1,-93
2024-04-03T15:49:00.863000,60:a7:00:13:dd:b2,1,-99
2024-04-03T15:49:00.901000,1a:69:1c:14:f9:a0,1,-64
2024-04-03T15:49:00.949000,6f:0e:25:55:61:95,1,-84
2024-04-03T15:49:00.970000,e8:d2:ed:ce:49:81,1,-55
2024-04-03T15:49:00.987000,46:28:e1:43:b6:bf,1,-47
2024-04-03T15:49:00.999000,1a:69:1c:14:f9:a0,1,-61
2024-04-03T15:49:01.100000,44:d4:e2:76:77:52,1,-90
2024-04-03T15:49:01.108000,54:d2:72:64:1b:f4,0,-44
2024-04-03T15:49:01.115000,1a:69:1c:14:f9:a0,1,-66
2024-04-03T15:49:01.213000,1a:69:1c:14:f9:a0,1,-62
2024-04-03T15:49:01.218000,cb:94:54:ed:5d:28,1,-92
2024-04-03T15:49:01.231000,6f:0e:25:55:61:95,1,-88
2024-04-03T15:49:01.323000,1a:69:1c:14:f9:a0,1,-63
2024-04-03T15:49:01.386000,44:d4:e2:76:77:52,1,-91
2024-04-03T15:49:01.410000,77:84:9b:98:26:fb,1,-96
2024-04-03T15:49:01.419000,60:a7:00:13:dd:b2,1,-91
2024-04-03T15:49:01.432000,1a:69:1c:14:f9:a0,1,-68
2024-04-03T15:49:01.532000,54:d2:72:64:1b:f4,0,-44
2024-04-03T15:49:01.540000,1a:69:1c:14:f9:a0,1,-63
2024-04-03T15:49:01.548000,46:28:e1:43:b6:bf,1,-47
2024-04-03T15:49:01.592000,60:a7:00:13:dd:b2,1,-94
2024-04-03T15:49:01.646000,1a:69:1c:14:f9:a0,1,-65
2024-04-03T15:49:01.661000,dc:23:4f:a9:9a:46,0,-82
2024-04-03T15:49:01.800000,6f:0e:25:55:61:95,1,-83
2024-04-03T15:49:01.835000,46:28:e1:43:b6:bf,1,-47
2024-04-03T15:49:01.852000,1a:69:1c:14:f9:a0,1,-66
2024-04-03T15:49:01.953000,77:84:9b:98:26:fb,1,-87
2024-04-03T15:49:01.962000,1a:69:1c:14:f9:a0,1,-64
2024-04-03T15:49:01.966000,60:a7:00:13:dd:b2,1,-95
2024-04-03T15:49:01.973000,54:d2:72:64:1b:f4,0,-39
2024-04-03T15:49:02.063000,1a:69:1c:14:f9:a0,1,-70
2024-04-03T15:49:02.079000,6f:0e:25:55:61:95,1,-85
2024-04-03T15:49:02.125000,46:28:e1:43:b6:bf,1,-47
2024-04-03T15:49:02.163000,1a:69:1c:14:f9:a0,1,-64
2024-04-03T15:49:02.236000,44:d4:e2:76:77:52,1,-88
2024-04-03T15:49:02.268000,1a:69:1c:14:f9:a0,1,-70
2024-04-03T15:49:02.291000,54:d2:72:64:1b:f4,0,-36
2024-04-03T15:49:02.301000,a4:c1:38:e0:67:ae,0,-66
2024-04-03T15:49:02.362000,6f:0e:25:55:61:95,1,-83
2024-04-03T15:49:02.372000,1a:69:1c:14:f9:a0,1,-62
2024-04-03T15:49:02.482000,1a:69:1c:14:f9:a0,1,-67
2024-04-03T15:49:02.521000,44:d4:e2:76:77:52,1,-92
2024-04-03T15:49:02.647000,6f:0e:25:55:61:95,1,-88
2024-04-03T15:49:02.668000,dc:23:4f:a9:9a:46,0,-85
2024-04-03T15:49:02.689000,46:28:e1:43:b6:bf,1,-49
2024-04-03T15:49:02.694000,1a:69:1c:14:f9:a0,1,-71
2024-04-03T15:49:02.711000,54:d2:72:64:1b:f4,0,-39
2024-04-03T15:49:02.801000,44:d4:e2:76:77:52,1,-93
2024-04-03T15:49:02.899000,1a:69:1c:14:f9:a0,1,-66
2024-04-03T15:49:02.907000,cb:94:54:ed:5d:28,1,-82
2024-04-03T15:49:02.931000,6f:0e:25:55:61:95,1,-83
2024-04-03T15:49:02.972000,46:28:e1:43:b6:bf,1,-47
2024-04-03T15:49:03.001000,1a:69:1c:14:f9:a0,1,-62
2024-04-03T15:49:03.106000,1a:69:1c:14:f9:a0,1,-78
2024-04-03T15:49:03.137000,54:d2:72:64:1b:f4,0,-40
2024-04-03T15:49:03.210000,1a:69:1c:14:f9:a0,1,-62
2024-04-03T15:49:03.238000,60:a7:00:13:dd:b2,1,-94
2024-04-03T15:49:03.261000,46:28:e1:43:b6:bf,1,-46
2024-04-03T15:49:03.308000,1a:69:1c:14:f9:a0,1,-71
2024-04-03T15:49:03.332000,cb:94:54:ed:5d:28,1,-82
2024-04-03T15:49:03.370000,44:d4:e2:76:77:52,1,-90
2024-04-03T15:49:03.410000,1a:69:1c:14:f9:a0,1,-60
2024-04-03T15:49:03.478000,e8:d2:ed:ce:49:81,1,-53
2024-04-03T15:49:03.496000,6f:0e:25:55:61:95,1,-87
2024-04-03T15:49:03.518000,1a:69:1c:14:f9:a0,1,-63
2024-04-03T15:49:03.547000,46:28:e1:43:b6:bf,1,-50
2024-04-03T15:49:03.557000,54:d2:72:64:1b:f4,0,-40
2024-04-03T15:49:03.606000,77:84:9b:98:26:fb,1,-83
2024-04-03T15:49:03.615000,60:a7:00:13:dd:b2,1,-92
2024-04-03T15:49:03.624000,1a:69:1c:14:f9:a0,1,-59
2024-04-03T15:49:03.667000,dc:23:4f:a9:9a:46,0,-83
2024-04-03T15:49:03.725000,1a:69:1c:14:f9:a0,1,-71
2024-04-03T15:49:03.778000,6f:0e:25:55:61:95,1,-82
2024-04-03T15:49:03.787000,60:a7:00:13:dd:b2,1,-94
2024-04-03T15:49:03.830000,1a:69:1c:14:f9:a0,1,-62
2024-04-03T15:49:03.834000,46:28:e1:43:b6:bf,1,-46
2024-04-03T15:49:03.948000,44:d4:e2:76:77:52,1,-85
2024-04-03T15:49:03.971000,60:a7:00:13:dd:b2,1,-92
2024-04-03T15:49:04.035000,1a:69:1c:14:f9:a0,1,-66
2024-04-03T15:49:04.062000,6f:0e:25:55:61:95,1,-88
2024-04-03T15:49:04.116000,46:28:e1:43:b6:bf,1,-49
2024-04-03T15:49:04.140000,1a:69:1c:14:f9:a0,1,-65
2024-04-03T15:49:04.156000,77:84:9b:98:26:fb,1,-80
2024-04-03T15:49:04.180000,cb:94:54:ed:5d:28,1,-95
2024-04-03T15:49:04.237000,44:d4:e2:76:77:52,1,-90
2024-04-03T15:49:04.252000,1a:69:1c:14:f9:a0,1,-66
2024-04-03T15:49:04.317000,54:d2:72:64:1b:f4,0,-47
2024-04-03T15:49:04.345000,6f:0e:25:55:61:95,1,-86
2024-04-03T15:49:04.358000,1a:69:1c:14:f9:a0,1,-66
2024-04-03T15:49:04.402000,46:28:e1:43:b6:bf,1,-46
2024-04-03T15:49:04.431000,77:84:9b:98:26:fb,1,-83
2024-04-03T15:49:04.451000,ec:b7:78:df:b4:73,1,-83
2024-04-03T15:49:04.461000,1a:69:1c:14:f9:a0,1,-70
2024-04-03T15:49:04.476000,73:e3:8d:b8:3a:51,1,-84
2024-04-03T15:49:04.499000,a4:c1:38:e0:67:ae,0,-66
2024-04-03T15:49:04.526000,44:d4:e2:76:77:52,1,-90
2024-04-03T15:49:04.604000,cb:94:54:ed:5d:28,1,-89
2024-04-03T15:49:04.627000,6f:0e:25:55:61:95,1,-89
2024-04-03T15:49:04.669000,dc:23:4f:a9:9a:46,0,-88
2024-04-03T15:49:04.690000,46:28:e1:43:b6:bf,1,-49
2024-04-03T15:49:04.710000,77:84:9b:98:26:fb,1,-94
2024-04-03T15:49:04.739000,54:d2:72:64:1b:f4,0,-47
2024-04-03T15:49:04.806000,44:d4:e2:76:77:52,1,-91
2024-04-03T15:49:04.882000,1a:69:1c:14:f9:a0,1,-65
2024-04-03T15:49:04.912000,6f:0e:25:55:61:95,1,-87
2024-04-03T15:49:04.977000,46:28:e1:43:b6:bf,1,-50
2024-04-03T15:49:04.988000,1a:69:1c:14:f9:a0,1,-67
2024-04-03T15:49:05.033000,cb:94:54:ed:5d:28,1,-91
2024-04-03T15:49:05.071000,60:a7:00:13:dd:b2,1,-97
2024-04-03T15:49:05.090000,1a:69:1c:14:f9:a0,1,-65
2024-04-03T15:49:05.095000,44:d4:e2:76:77:52,1,-85
2024-04-03T15:49:05.161000,54:d2:72:64:1b:f4,0,-45
2024-04-03T15:49:05.194000,6f:0e:25:55:61:95,1,-83
2024-04-03T15:49:05.264000,46:28:e1:43:b6:bf,1,-47
2024-04-03T15:49:05.268000,46:28:e1:43:b6:bf,1,-47
2024-04-03T15:49:05.300000,1a:69:1c:14:f9:a0,1,-63
2024-04-03T15:49:05.383000,44:d4:e2:76:77:52,1,-92
2024-04-03T15:49:05.456000,cb:94:54:ed:5d:28,1,-80
2024-04-03T15:49:05.476000,6f:0e:25:55:61:95,1,-86
2024-04-03T15:49:05.511000,1a:69:1c:14:f9:a0,1,-62
2024-04-03T15:49:05.552000,46:28:e1:43:b6:bf,1,-50
2024-04-03T15:49:05.582000,54:d2:72:64:1b:f4,0,-44
2024-04-03T15:49:05.615000,1a:69:1c:14:f9:a0,1,-63
2024-04-03T15:49:05.671000,44:d4:e2:76:77:52,1,-88
2024-04-03T15:49:05.675000,dc:23:4f:a9:9a:46,0,-86
2024-04-03T15:49:05.713000,1a:69:1c:14:f9:a0,1,-65
2024-04-03T15:49:05.759000,6f:0e:25:55:61:95,1,-83
2024-04-03T15:49:05.801000,60:a7:00:13:dd:b2,1,-94
2024-04-03T15:49:05.832000,46:28:e1:43:b6:bf,1,-47
2024-04-03T15:49:05.882000,cb:94:54:ed:5d:28,1,-80
2024-04-03T15:49:05.921000,1a:69:1c:14:f9:a0,1,-64
2024-04-03T15:49:05.960000,44:d4:e2:76:77:52,1,-85
2024-04-03T15:49:05.978000,e8:d2:ed:ce:49:81,1,-56
2024-04-03T15:49:06.009000,54:d2:72:64:1b:f4,0,-41
2024-04-03T15:49:06.026000,1a:69:1c:14:f9:a0,1,-64
2024-04-03T15:49:06.042000,6f:0e:25:55:61:95,1,-90
2024-04-03T15:49:06.092000,77:84:9b:98:26:fb,1,-90
2024-04-03T15:49:06.119000,46:28:e1:43:b6:bf,1,-50
2024-04-03T15:49:06.127000,1a:69:1c:14:f9:a0,1,-63
2024-04-03T15:49:06.230000,1a:69:1c:14:f9:a0,1,-64
2024-04-03T15:49:06.243000,44:d4:e2:76:77:52,1,-93
2024-04-03T15:49:06.304000,cb:94:54:ed:5d:28,1,-79
2024-04-03T15:49:06.333000,1a:69:1c:14:f9:a0,1,-68
2024-04-03T15:49:06.341000,54:d2:72:64:1b:f4,0,-36
2024-04-03T15:49:06.351000,60:a7:00:13:dd:b2,1,-98
2024-04-03T15:49:06.399000,46:28:e1:43:b6:bf,1,-49
2024-04-03T15:49:06.438000,1a:69:1c:14:f9:a0,1,-63
2024-04-03T15:49:06.478000,73:e3:8d:b8:3a:51,1,-95
2024-04-03T15:49:06.543000,1a:69:1c:14:f9:a0,1,-64
2024-04-03T15:49:06.648000,1a:69:1c:14:f9:a0,1,-65
2024-04-03T15:49:06.672000,dc:23:4f:a9:9a:46,0,-84
2024-04-03T15:49:06.687000,46:28:e1:43:b6:bf,1,-50
2024-04-03T15:49:06.722000,cb:94:54:ed:5d:28,1,-80
2024-04-03T15:49:06.752000,1a:69:1c:14:f9:a0,1,-64
2024-04-03T15:49:06.766000,54:d2:72:64:1b:f4,0,-40
2024-04-03T15:49:06.820000,44:d4:e2:76:77:52,1,-89
2024-04-03T15:49:06.858000,1a:69:1c:14:f9:a0,1,-67
2024-04-03T15:49:06.893000,6f:0e:25:55:61:95,1,-87
2024-04-03T15:49:06.959000,1a:69:1c:14:f9:a0,1,-68
2024-04-03T15:49:06.969000,46:28:e1:43:b6:bf,1,-47
2024-04-03T15:49:07.059000,1a:69:1c:14:f9:a0,1,-66
2024-04-03T15:49:07.108000,44:d4:e2:76:77:52,1,-91
2024-04-03T15:49:07.157000,54:d2:72:64:1b:f4,0,-40
2024-04-03T15:49:07.166000,1a:69:1c:14:f9:a0,1,-61
2024-04-03T15:49:07.178000,6f:0e:25:55:61:95,1,-88
2024-04-03T15:49:07.184000,54:d2:72:64:1b:f4,0,-38
2024-04-03T15:49:07.212000,54:d2:72:64:1b:f4,0,-38
2024-04-03T15:49:07.241000,54:d2:72:64:1b:f4,0,-38
2024-04-03T15:49:07.252000,46:28:e1:43:b6:bf,1,-47
2024-04-03T15:49:07.264000,54:d2:72:64:1b:f4,0,-47
2024-04-03T15:49:07.277000,1a:69:1c:14:f9:a0,1,-64
2024-04-03T15:49:07.286000,54:d2:72:64:1b:f4,0,-47
2024-04-03T15:49:07.339000,54:d2:72:64:1b:f4,0,-40
2024-04-03T15:49:07.370000,54:d2:72:64:1b:f4,0,-40
2024-04-03T15:49:07.378000,1a:69:1c:14:f9:a0,1,-61
2024-04-03T15:49:07.389000,54:d2:72:64:1b:f4,0,-38
2024-04-03T15:49:07.419000,54:d2:72:64:1b:f4,0,-35
2024-04-03T15:49:07.441000,54:d2:72:64:1b:f4,0,-47
2024-04-03T15:49:07.469000,54:d2:72:64:1b:f4,0,-47
2024-04-03T15:49:07.479000,1a:69:1c:14:f9:a0,1,-64
2024-04-03T15:49:07.489000,54:d2:72:64:1b:f4,0,-40
2024-04-03T15:49:07.519000,54:d2:72:64:1b:f4,0,-40
2024-04-03T15:49:07.540000,54:d2:72:64:1b:f4,0,-35
2024-04-03T15:49:07.562000,54:d2:72:64:1b:f4,0,-47
2024-04-03T15:49:07.573000,cb:94:54:ed:5d:28,1,-89
2024-04-03T15:49:07.583000,1a:69:1c:14:f9:a0,1,-69
2024-04-03T15:49:07.588000,54:d2:72:64:1b:f4,0,-44
2024-04-03T15:49:07.616000,54:d2:72:64:1b:f4,0,-47
2024-04-03T15:49:07.638000,54:d2:72:64:1b:f4,0,-40
2024-04-03T15:49:07.662000,54:d2:72:64:1b:f4,0,-35
2024-04-03T15:49:07.681000,dc:23:4f:a9:9a:46,0,-88
2024-04-03T15:49:07.697000,1a:69:1c:14:f9:a0,1,-64
2024-04-03T15:49:07.702000,54:d2:72:64:1b:f4,0,-39
2024-04-03T15:49:07.720000,54:d2:72:64:1b:f4,0,-40
2024-04-03T15:49:07.746000,6f:0e:25:55:61:95,1,-88
2024-04-03T15:49:07.756000,54:d2:72:64:1b:f4,0,-36
2024-04-03T15:49:07.773000,54:d2:72:64:1b:f4,0,-47
2024-04-03T15:49:07.787000,1a:69:1c:14:f9:a0,1,-70
2024-04-03T15:49:07.820000,46:28:e1:43:b6:bf,1,-47
2024-04-03T15:49:07.879000,54:d2:72:64:1b:f4,0,-40
2024-04-03T15:49:07.906000,54:d2:72:64:1b:f4,0,-40
2024-04-03T15:49:07.933000,54:d2:72:64:1b:f4,0,-36
2024-04-03T15:49:07.954000,54:d2:72:64:1b:f4,0,-44
2024-04-03T15:49:07.966000,44:d4:e2:76:77:52,1,-85
2024-04-03T15:49:07.978000,54:d2:72:64:1b:f4,0,-47
2024-04-03T15:49:07.996000,cb:94:54:ed:5d:28,1,-88
2024-04-03T15:49:08.009000,54:d2:72:64:1b:f4,0,-45
2024-04-03T15:49:08.027000,6f:0e:25:55:61:95,1,-87
2024-04-03T15:49:08.036000,54:d2:72:64:1b:f4,0,-45
2024-04-03T15:49:08.064000,54:d2:72:64:1b:f4,0,-40
2024-04-03T15:49:08.071000,54:d2:72:64:1b:f4,0,-45
2024-04-03T15:49:08.088000,54:d2:72:64:1b:f4,0,-40
2024-04-03T15:49:08.103000,46:28:e1:43:b6:bf,1,-50
2024-04-03T15:49:08.112000,54:d2:72:64:1b:f4,0,-38
2024-04-03T15:49:08.140000,54:d2:72:64:1b:f4,0,-39
2024-04-03T15:49:08.164000,54:d2:72:64:1b:f4,0,-47
2024-04-03T15:49:08.187000,60:a7:00:13:dd:b2,1,-100
2024-04-03T15:49:08.194000,54:d2:72:64:1b:f4,0,-47
2024-04-03T15:49:08.209000,1a:69:1c:14:f9:a0,1,-70
2024-04-03T15:49:08.214000,54:d2:72:64:1b:f4,0,-40
2024-04-03T15:49:08.236000,54:d2:72:64:1b:f4,0,-40
2024-04-03T15:49:08.253000,44:d4:e2:76:77:52,1,-92
2024-04-03T15:49:08.263000,54:d2:72:64:1b:f4,0,-36
2024-04-03T15:49:08.292000,54:d2:72:64:1b:f4,0,-36
2024-04-03T15:49:08.311000,1a:69:1c:14:f9:a0,1,-61
2024-04-03T15:49:08.320000,54:d2:72:64:1b:f4,0,-45
2024-04-03T15:49:08.335000,6f:0e:25:55:61:95,1,-85
2024-04-03T15:49:08.344000,54:d2:72:64:1b:f4,0,-47
2024-04-03T15:49:08.369000,54:d2:72:64:1b:f4,0,-47
2024-04-03T15:49:08.392000,46:28:e1:43:b6:bf,1,-50
2024-04-03T15:49:08.411000,1a:69:1c:14:f9:a0,1,-68
2024-04-03T15:49:08.417000,54:d2:72:64:1b:f4,0,-40
2024-04-03T15:49:08.425000,cb:94:54:ed:5d:28,1,-89
2024-04-03T15:49:08.439000,54:d2:72:64:1b:f4,0,-38
2024-04-03T15:49:08.461000,54:d2:72:64:1b:f4,0,-47
2024-04-03T15:49:08.483000,e8:d2:ed:ce:49:81,1,-55
2024-04-03T15:49:08.493000,54:d2:72:64:1b:f4,0,-47
2024-04-03T15:49:08.516000,54:d2:72:64:1b:f4,0,-44
2024-04-03T15:49:08.524000,1a:69:1c:14:f9:a0,1,-67
2024-04-03T15:49:08.542000,54:d2:72:64:1b:f4,0,-40
2024-04-03T15:49:08.551000,44:d4:e2:76:77:52,1,-85
2024-04-03T15:49:08.569000,54:d2:72:64:1b:f4,0,-40
2024-04-03T15:49:08.591000,54:d2:72:64:1b:f4,0,-36
2024-04-03T15:49:08.599000,6f:0e:25:55:61:95,1,-86
2024-04-03T15:49:08.610000,54:d2:72:64:1b:f4,0,-44
2024-04-03T15:49:08.619000,1a:69:1c:14:f9:a0,1,-65
2024-04-03T15:49:08.640000,54:d2:72:64:1b:f4,0,-47
2024-04-03T15:49:08.677000,46:28:e1:43:b6:bf,1,-47
2024-04-03T15:49:08.688000,54:d2:72:64:1b:f4,0,-40
2024-04-03T15:49:08.719000,54:d2:72:64:1b:f4,0,-40
2024-04-03T15:49:08.730000,1a:69:1c:14:f9:a0,1,-61
2024-04-03T15:49:08.793000,54:d2:72:64:1b:f4,0,-45
2024-04-03T15:49:08.817000,54:d2:72:64:1b:f4,0,-45
2024-04-03T15:49:08.838000,cb:94:54:ed:5d:28,1,-89
2024-04-03T15:49:08.849000,54:d2:72:64:1b:f4,0,-42
2024-04-03T15:49:08.880000,6f:0e:25:55:61:95,1,-84
2024-04-03T15:49:08.892000,54:d2:72:64:1b:f4,0,-36
2024-04-03T15:49:08.934000,54:d2:72:64:1b:f4,0,-40
2024-04-03T15:49:08.942000,1a:69:1c:14:f9:a0,1,-61
2024-04-03T15:49:08.960000,54:d2:72:64:1b:f4,0,-40
2024-04-03T15:49:08.973000,a4:c1:38:e0:67:ae,0,-66
2024-04-03T15:49:08.992000,54:d2:72:64:1b:f4,0,-40
2024-04-03T15:49:09.011000,54:d2:72:64:1b:f4,0,-36
2024-04-03T15:49:09.032000,54:d2:72:64:1b:f4,0,-47
2024-04-03T15:49:09.058000,54:d2:72:64:1b:f4,0,-45
2024-04-03T15:49:09.082000,54:d2:72:64:1b:f4,0,-40
2024-04-03T15:49:09.111000,54:d2:72:64:1b:f4,0,-40
2024-04-03T15:49:09.139000,54:d2:72:64:1b:f4,0,-40
2024-04-03T15:49:09.146000,1a:69:1c:14:f9:a0,1,-66
2024-04-03T15:49:09.163000,6f:0e:25:55:61:95,1,-91
2024-04-03T15:49:09.167000,54:d2:72:64:1b:f4,0,-40
2024-04-03T15:49:09.189000,54:d2:72:64:1b:f4,0,-36
2024-04-03T15:49:09.209000,54:d2:72:64:1b:f4,0,-47
2024-04-03T15:49:09.252000,1a:69:1c:14:f9:a0,1,-64
2024-04-03T15:49:09.257000,46:28:e1:43:b6:bf,1,-48
2024-04-03T15:49:09.261000,46:28:e1:43:b6:bf,1,-47
2024-04-03T15:49:09.266000,cb:94:54:ed:5d:28,1,-90
2024-04-03T15:49:09.277000,54:d2:72:64:1b:f4,0,-40
2024-04-03T15:49:09.288000,54:d2:72:64:1b:f4,0,-40
2024-04-03T15:49:09.307000,54:d2:72:64:1b:f4,0,-38
2024-04-03T15:49:09.334000,54:d2:72:64:1b:f4,0,-45
2024-04-03T15:49:09.359000,54:d2:72:64:1b:f4,0,-45
2024-04-03T15:49:09.366000,1a:69:1c:14:f9:a0,1,-61
2024-04-03T15:49:09.385000,54:d2:72:64:1b:f4,0,-40
2024-04-03T15:49:09.410000,54:d2:72:64:1b:f4,0,-40
2024-04-03T15:49:09.417000,44:d4:e2:76:77:52,1,-83
2024-04-03T15:49:09.440000,54:d2:72:64:1b:f4,0,-40
2024-04-03T15:49:09.448000,6f:0e:25:55:61:95,1,-82
2024-04-03T15:49:09.459000,60:a7:00:13:dd:b2,1,-92
2024-04-03T15:49:09.467000,54:d2:72:64:1b:f4,0,-36
2024-04-03T15:49:09.482000,54:d2:72:64:1b:f4,0,-47
2024-04-03T15:49:09.510000,54:d2:72:64:1b:f4,0,-45
2024-04-03T15:49:09.540000,54:d2:72:64:1b:f4,0,-47
2024-04-03T15:49:09.553000,46:28:e1:43:b6:bf,1,-47
2024-04-03T15:49:09.569000,54:d2:72:64:1b:f4,0,-40
2024-04-03T15:49:09.587000,1a:69:1c:14:f9:a0,1,-61
2024-04-03T15:49:09.600000,54:d2:72:64:1b:f4,0,-36
2024-04-03T15:49:09.610000,54:d2:72:64:1b:f4,0,-35
2024-04-03T15:49:09.641000,54:d2:72:64:1b:f4,0,-36
2024-04-03T15:49:09.649000,60:a7:00:13:dd:b2,1,-91
2024-04-03T15:49:09.662000,54:d2:72:64:1b:f4,0,-47
2024-04-03T15:49:09.670000,1a:69:1c:14:f9:a0,1,-65
2024-04-03T15:49:09.679000,cb:94:54:ed:5d:28,1,-89
2024-04-03T15:49:09.689000,54:d2:72:64:1b:f4,0,-47
2024-04-03T15:49:09.696000,44:d4:e2:76:77:52,1,-91
2024-04-03T15:49:09.707000,54:d2:72:64:1b:f4,0,-40
2024-04-03T15:49:09.728000,6f:0e:25:55:61:95,1,-89
2024-04-03T15:49:09.733000,54:d2:72:64:1b:f4,0,-38
2024-04-03T15:49:09.760000,54:d2:72:64:1b:f4,0,-35
2024-04-03T15:49:09.780000,1a:69:1c:14:f9:a0,1,-62
2024-04-03T15:49:09.809000,54:d2:72:64:1b:f4,0,-44
2024-04-03T15:49:09.839000,46:28:e1:43:b6:bf,1,-48
2024-04-03T15:49:09.857000,54:d2:72:64:1b:f4,0,-40
2024-04-03T15:49:09.877000,1a:69:1c:14:f9:a0,1,-65
2024-04-03T15:49:09.882000,54:d2:72:64:1b:f4,0,-36
2024-04-03T15:49:09.909000,54:d2:72:64:1b:f4,0,-36
2024-04-03T15:49:09.937000,54:d2:72:64:1b:f4,0,-36
2024-04-03T15:49:09.966000,54:d2:72:64:1b:f4,0,-36
2024-04-03T15:49:09.978000,1a:69:1c:14:f9:a0,1,-68
2024-04-03T15:49:09.983000,44:d4:e2:76:77:52,1,-85
2024-04-03T15:49:09.988000,54:d2:72:64:1b:f4,0,-45
2024-04-03T15:49:10.008000,54:d2:72:64:1b:f4,0,-40
2024-04-03T15:49:10.015000,6f:0e:25:55:61:95,1,-85
2024-04-03T15:49:10.063000,54:d2:72:64:1b:f4,0,-36
2024-04-03T15:49:10.086000,1a:69:1c:14:f9:a0,1,-61
2024-04-03T15:49:10.092000,54:d2:72:64:1b:f4,0,-39
2024-04-03T15:49:10.106000,cb:94:54:ed:5d:28,1,-80
2024-04-03T15:49:10.117000,54:d2:72:64:1b:f4,0,-47
2024-04-03T15:49:10.126000,54:d2:72:64:1b:f4,0,-38
2024-04-03T15:49:10.135000,46:28:e1:43:b6:bf,1,-47
2024-04-03T15:49:10.140000,54:d2:72:64:1b:f4,0,-47
2024-04-03T15:49:10.167000,54:d2:72:64:1b:f4,0,-45
2024-04-03T15:49:10.189000,54:d2:72:64:1b:f4,0,-40
2024-04-03T15:49:10.197000,1a:69:1c:14:f9:a0,1,-72
2024-04-03T15:49:10.214000,54:d2:72:64:1b:f4,0,-39
2024-04-03T15:49:10.239000,54:d2:72:64:1b:f4,0,-38
2024-04-03T15:49:10.267000,54:d2:72:64:1b:f4,0,-36
2024-04-03T15:49:10.274000,44:d4:e2:76:77:52,1,-90
2024-04-03T15:49:10.289000,54:d2:72:64:1b:f4,0,-44
2024-04-03T15:49:10.297000,6f:0e:25:55:61:95,1,-88
2024-04-03T15:49:10.301000,1a:69:1c:14:f9:a0,1,-66
2024-04-03T15:49:10.313000,54:d2:72:64:1b:f4,0,-40
2024-04-03T15:49:10.340000,54:d2:72:64:1b:f4,0,-40
2024-04-03T15:49:10.360000,54:d2:72:64:1b:f4,0,-37
2024-04-03T15:49:10.378000,60:a7:00:13:dd:b2,1,-96
2024-04-03T15:49:10.386000,54:d2:72:64:1b:f4,0,-44
2024-04-03T15:49:10.410000,1a:69:1c:14:f9:a0,1,-62
2024-04-03T15:49:10.415000,54:d2:72:64:1b:f4,0,-45
2024-04-03T15:49:10.424000,46:28:e1:43:b6:bf,1,-51
2024-04-03T15:49:10.438000,54:d2:72:64:1b:f4,0,-47
2024-04-03T15:49:10.485000,54:d2:72:64:1b:f4,0,-36
2024-04-03T15:49:10.510000,1a:69:1c:14:f9:a0,1,-69
2024-04-03T15:49:10.515000,54:d2:72:64:1b:f4,0,-36
2024-04-03T15:49:10.525000,cb:94:54:ed:5d:28,1,-89
2024-04-03T15:49:10.536000,54:d2:72:64:1b:f4,0,-47
2024-04-03T15:49:10.557000,44:d4:e2:76:77:52,1,-89
2024-04-03T15:49:10.562000,54:d2:72:64:1b:f4,0,-47
2024-04-03T15:49:10.581000,6f:0e:25:55:61:95,1,-86
2024-04-03T15:49:10.586000,54:d2:72:64:1b:f4,0,-40
2024-04-03T15:49:10.614000,54:d2:72:64:1b:f4,0,-40
2024-04-03T15:49:10.634000,54:d2:72:64:1b:f4,0,-36
2024-04-03T15:49:10.661000,54:d2:72:64:1b:f4,0,-36
2024-04-03T15:49:10.694000,dc:23:4f:a9:9a:46,0,-84
2024-04-03T15:49:10.707000,46:28:e1:43:b6:bf,1,-46
2024-04-03T15:49:10.711000,54:d2:72:64:1b:f4,0,-44
2024-04-03T15:49:10.720000,1a:69:1c:14:f9:a0,1,-73
2024-04-03T15:49:10.732000,54:d2:72:64:1b:f4,0,-40
2024-04-03T15:49:10.759000,54:d2:72:64:1b:f4,0,-40
2024-04-03T15:49:10.783000,54:d2:72:64:1b:f4,0,-36
2024-04-03T15:49:10.812000,54:d2:72:64:1b:f4,0,-39
2024-04-03T15:49:10.826000,1a:69:1c:14:f9:a0,1,-60
2024-04-03T15:49:10.833000,54:d2:72:64:1b:f4,0,-45
2024-04-03T15:49:10.841000,44:d4:e2:76:77:52,1,-90
2024-04-03T15:49:10.857000,54:d2:72:64:1b:f4,0,-45
2024-04-03T15:49:10.865000,6f:0e:25:55:61:95,1,-84
2024-04-03T15:49:10.931000,60:a7:00:13:dd:b2,1,-92
2024-04-03T15:49:10.938000,54:d2:72:64:1b:f4,0,-39
2024-04-03T15:49:10.961000,54:d2:72:64:1b:f4,0,-39
2024-04-03T15:49:10.982000,46:28:e1:43:b6:bf,1,-48
2024-04-03T15:49:10.987000,54:d2:72:64:1b:f4,0,-38
2024-04-03T15:49:11.037000,54:d2:72:64:1b:f4,0,-44
2024-04-03T15:49:11.046000,1a:69:1c:14:f9:a0,1,-60
2024-04-03T15:49:11.059000,a4:c1:38:e0:67:ae,0,-71
2024-04-03T15:49:11.069000,54:d2:72:64:1b:f4,0,-47
2024-04-03T15:49:11.089000,54:d2:72:64:1b:f4,0,-40
2024-04-03T15:49:11.110000,54:d2:72:64:1b:f4,0,-38
2024-04-03T15:49:11.122000,44:d4:e2:76:77:52,1,-86
2024-04-03T15:49:11.133000,54:d2:72:64:1b:f4,0,-45
2024-04-03T15:49:11.146000,6f:0e:25:55:61:95,1,-86
2024-04-03T15:49:11.160000,54:d2:72:64:1b:f4,0,-45
2024-04-03T15:49:11.183000,54:d2:72:64:1b:f4,0,-40
2024-04-03T15:49:11.194000,54:d2:72:64:1b:f4,0,-44
2024-04-03T15:49:11.251000,1a:69:1c:14:f9:a0,1,-61
2024-04-03T15:49:11.263000,46:28:e1:43:b6:bf,1,-47
2024-04-03T15:49:11.293000,60:a7:00:13:dd:b2,1,-94
2024-04-03T15:49:11.359000,1a:69:1c:14:f9:a0,1,-68
2024-04-03T15:49:11.371000,cb:94:54:ed:5d:28,1,-81
2024-04-03T15:49:11.411000,44:d4:e2:76:77:52,1,-96
2024-04-03T15:49:11.428000,6f:0e:25:55:61:95,1,-83
2024-04-03T15:49:11.466000,1a:69:1c:14:f9:a0,1,-63
2024-04-03T15:49:11.549000,46:28:e1:43:b6:bf,1,-51
2024-04-03T15:49:11.567000,1a:69:1c:14:f9:a0,1,-63
2024-04-03T15:49:11.671000,1a:69:1c:14:f9:a0,1,-62
2024-04-03T15:49:11.697000,dc:23:4f:a9:9a:46,0,-85
2024-04-03T15:49:11.712000,6f:0e:25:55:61:95,1,-87
2024-04-03T15:49:11.791000,cb:94:54:ed:5d:28,1,-83
2024-04-03T15:49:11.833000,46:28:e1:43:b6:bf,1,-47
2024-04-03T15:49:11.837000,77:84:9b:98:26:fb,1,-89
2024-04-03T15:49:11.881000,1a:69:1c:14:f9:a0,1,-65
2024-04-03T15:49:11.980000,44:d4:e2:76:77:52,1,-92
2024-04-03T15:49:11.984000,1a:69:1c:14:f9:a0,1,-66
2024-04-03T15:49:11.997000,6f:0e:25:55:61:95,1,-83
2024-04-03T15:49:12.043000,54:d2:72:64:1b:f4,0,-38
2024-04-03T15:49:12.091000,1a:69:1c:14:f9:a0,1,-64
2024-04-03T15:49:12.124000,46:28:e1:43:b6:bf,1,-47
2024-04-03T15:49:12.191000,1a:69:1c:14:f9:a0,1,-64
2024-04-03T15:49:12.210000,cb:94:54:ed:5d:28,1,-82
2024-04-03T15:49:12.273000,44:d4:e2:76:77:52,1,-86
2024-04-03T15:49:12.277000,6f:0e:25:55:61:95,1,-90
2024-04-03T15:49:12.292000,1a:69:1c:14:f9:a0,1,-59
2024-04-03T15:49:12.390000,77:84:9b:98:26:fb,1,-88
2024-04-03T15:49:12.399000,1a:69:1c:14:f9:a0,1,-65
2024-04-03T15:49:12.409000,46:28:e1:43:b6:bf,1,-47
2024-04-03T15:49:12.464000,54:d2:72:64:1b:f4,0,-38
2024-04-03T15:49:12.502000,1a:69:1c:14:f9:a0,1,-59
2024-04-03T15:49:12.557000,44:d4:e2:76:77:52,1,-89
2024-04-03T15:49:12.564000,6f:0e:25:55:61:95,1,-85
2024-04-03T15:49:12.583000,60:a7:00:13:dd:b2,1,-94
2024-04-03T15:49:12.609000,1a:69:1c:14:f9:a0,1,-64
2024-04-03T15:49:12.630000,cb:94:54:ed:5d:28,1,-82
2024-04-03T15:49:12.661000,77:84:9b:98:26:fb,1,-91
2024-04-03T15:49:12.697000,46:28:e1:43:b6:bf,1,-47
2024-04-03T15:49:12.701000,dc:23:4f:a9:9a:46,0,-84
2024-04-03T15:49:12.717000,1a:69:1c:14:f9:a0,1,-64
2024-04-03T15:49:12.764000,60:a7:00:13:dd:b2,1,-96
2024-04-03T15:49:12.819000,1a:69:1c:14:f9:a0,1,-63
2024-04-03T15:49:12.883000,54:d2:72:64:1b:f4,0,-42
2024-04-03T15:49:12.923000,1a:69:1c:14:f9:a0,1,-63
2024-04-03T15:49:12.987000,46:28:e1:43:b6:bf,1,-51
2024-04-03T15:49:13.027000,1a:69:1c:14:f9:a0,1,-64
2024-04-03T15:49:13.053000,cb:94:54:ed:5d:28,1,-80
2024-04-03T15:49:13.128000,1a:69:1c:14:f9:a0,1,-65
2024-04-03T15:49:13.202000,77:84:9b:98:26:fb,1,-94
2024-04-03T15:49:13.220000,54:d2:72:64:1b:f4,0,-40
2024-04-03T15:49:13.233000,1a:69:1c:14:f9:a0,1,-66
2024-04-03T15:49:13.274000,46:28:e1:43:b6:bf,1,-49
2024-04-03T15:49:13.313000,a4:c1:38:e0:67:ae,0,-68
2024-04-03T15:49:13.342000,1a:69:1c:14:f9:a0,1,-62
2024-04-03T15:49:13.411000,6f:0e:25:55:61:95,1,-82
2024-04-03T15:49:13.447000,1a:69:1c:14:f9:a0,1,-63
2024-04-03T15:49:13.488000,e8:d2:ed:ce:49:81,1,-56
2024-04-03T15:49:13.552000,1a:69:1c:14:f9:a0,1,-62
2024-04-03T15:49:13.642000,54:d2:72:64:1b:f4,0,-40
2024-04-03T15:49:13.658000,1a:69:1c:14:f9:a0,1,-63
2024-04-03T15:49:13.692000,6f:0e:25:55:61:95,1,-87
2024-04-03T15:49:13.710000,44:d4:e2:76:77:52,1,-85
2024-04-03T15:49:13.714000,dc:23:4f:a9:9a:46,0,-88
2024-04-03T15:49:13.767000,1a:69:1c:14:f9:a0,1,-68
2024-04-03T15:49:13.854000,46:28:e1:43:b6:bf,1,-47
2024-04-03T15:49:13.872000,1a:69:1c:14:f9:a0,1,-63
2024-04-03T15:49:13.898000,cb:94:54:ed:5d:28,1,-91
2024-04-03T15:49:13.977000,6f:0e:25:55:61:95,1,-82
2024-04-03T15:49:13.982000,1a:69:1c:14:f9:a0,1,-63
2024-04-03T15:49:14.024000,77:84:9b:98:26:fb,1,-92
2024-04-03T15:49:14.046000,60:a7:00:13:dd:b2,1,-94
2024-04-03T15:49:14.069000,54:d2:72:64:1b:f4,0,-44
2024-04-03T15:49:14.079000,1a:69:1c:14:f9:a0,1,-62
2024-04-03T15:49:14.143000,46:28:e1:43:b6:bf,1,-47
2024-04-03T15:49:14.231000,60:a7:00:13:dd:b2,1,-94
2024-04-03T15:49:14.262000,6f:0e:25:55:61:95,1,-87
2024-04-03T15:49:14.289000,1a:69:1c:14:f9:a0,1,-61
2024-04-03T15:49:14.300000,77:84:9b:98:26:fb,1,-93
2024-04-03T15:49:14.323000,cb:94:54:ed:5d:28,1,-88
2024-04-03T15:49:14.392000,1a:69:1c:14:f9:a0,1,-60
2024-04-03T15:49:14.414000,60:a7:00:13:dd:b2,1,-94
2024-04-03T15:49:14.489000,54:d2:72:64:1b:f4,0,-47
2024-04-03T15:49:14.498000,1a:69:1c:14:f9:a0,1,-61
2024-04-03T15:49:14.547000,6f:0e:25:55:61:95,1,-82
2024-04-03T15:49:14.605000,1a:69:1c:14:f9:a0,1,-59
2024-04-03T15:49:14.712000,1a:69:1c:14:f9:a0,1,-63
2024-04-03T15:49:14.720000,46:28:e1:43:b6:bf,1,-46
2024-04-03T15:49:14.724000,dc:23:4f:a9:9a:46,0,-89
2024-04-03T15:49:14.753000,cb:94:54:ed:5d:28,1,-89
2024-04-03T15:49:14.815000,1a:69:1c:14:f9:a0,1,-58
2024-04-03T15:49:14.829000,6f:0e:25:55:61:95,1,-91
2024-04-03T15:49:14.851000,77:84:9b:98:26:fb,1,-92
2024-04-03T15:49:14.907000,54:d2:72:64:1b:f4,0,-44
2024-04-03T15:49:14.922000,1a:69:1c:14:f9:a0,1,-63
2024-04-03T15:49:15.031000,1a:69:1c:14:f9:a0,1,-63
2024-04-03T15:49:15.133000,1a:69:1c:14:f9:a0,1,-64
2024-04-03T15:49:15.142000,44:d4:e2:76:77:52,1,-91
2024-04-03T15:49:15.170000,cb:94:54:ed:5d:28,1,-92
2024-04-03T15:49:15.240000,1a:69:1c:14:f9:a0,1,-64
2024-04-03T15:49:15.245000,54:d2:72:64:1b:f4,0,-44
2024-04-03T15:49:15.289000,46:28:e1:43:b6:bf,1,-46
2024-04-03T15:49:15.398000,6f:0e:25:55:61:95,1,-92
2024-04-03T15:49:15.452000,1a:69:1c:14:f9:a0,1,-64
2024-04-03T15:49:15.496000,a4:c1:38:e0:67:ae,0,-66
2024-04-03T15:49:15.509000,60:a7:00:13:dd:b2,1,-95
2024-04-03T15:49:15.559000,1a:69:1c:14:f9:a0,1,-58
2024-04-03T15:49:15.578000,46:28:e1:43:b6:bf,1,-47
2024-04-03T15:49:15.592000,cb:94:54:ed:5d:28,1,-91
2024-04-03T15:49:15.662000,1a:69:1c:14:f9:a0,1,-64
2024-04-03T15:49:15.670000,54:d2:72:64:1b:f4,0,-38
2024-04-03T15:49:15.688000,6f:0e:25:55:61:95,1,-87
2024-04-03T15:49:15.708000,44:d4:e2:76:77:52,1,-92
2024-04-03T15:49:15.762000,1a:69:1c:14:f9:a0,1,-64
2024-04-03T15:49:15.870000,46:28:e1:43:b6:bf,1,-51
2024-04-03T15:49:15.881000,60:a7:00:13:dd:b2,1,-94
2024-04-03T15:49:15.968000,6f:0e:25:55:61:95,1,-91
2024-04-03T15:49:15.992000,e8:d2:ed:ce:49:81,1,-54
2024-04-03T15:49:16.013000,cb:94:54:ed:5d:28,1,-91
2024-04-03T15:49:16.050000,44:d4:e2:76:77:52,1,-88
2024-04-03T15:49:16.061000,60:a7:00:13:dd:b2,1,-93
2024-04-03T15:49:16.082000,1a:69:1c:14:f9:a0,1,-64
2024-04-03T15:49:16.089000,54:d2:72:64:1b:f4,0,-38
2024-04-03T15:49:16.181000,1a:69:1c:14:f9:a0,1,-64
2024-04-03T15:49:16.249000,6f:0e:25:55:61:95,1,-88
2024-04-03T15:49:16.283000,44:d4:e2:76:77:52,1,-96
2024-04-03T15:49:16.290000,1a:69:1c:14:f9:a0,1,-65
2024-04-03T15:49:16.392000,1a:69:1c:14:f9:a0,1,-64
2024-04-03T15:49:16.431000,cb:94:54:ed:5d:28,1,-90
2024-04-03T15:49:16.441000,46:28:e1:43:b6:bf,1,-47
2024-04-03T15:49:16.482000,ec:b7:78:df:b4:73,1,-93
2024-04-03T15:49:16.494000,77:84:9b:98:26:fb,1,-98
2024-04-03T15:49:16.503000,1a:69:1c:14:f9:a0,1,-64
2024-04-03T15:49:16.511000,54:d2:72:64:1b:f4,0,-36
2024-04-03T15:49:16.532000,6f:0e:25:55:61:95,1,-82
2024-04-03T15:49:16.572000,44:d4:e2:76:77:52,1,-91
2024-04-03T15:49:16.609000,1a:69:1c:14:f9:a0,1,-59
2024-04-03T15:49:16.717000,1a:69:1c:14:f9:a0,1,-64
2024-04-03T15:49:16.732000,dc:23:4f:a9:9a:46,0,-88
2024-04-03T15:49:16.771000,77:84:9b:98:26:fb,1,-96
2024-04-03T15:49:16.814000,6f:0e:25:55:61:95,1,-91
2024-04-03T15:49:16.824000,1a:69:1c:14:f9:a0,1,-58
2024-04-03T15:49:16.851000,cb:94:54:ed:5d:28,1,-90
2024-04-03T15:49:16.863000,44:d4:e2:76:77:52,1,-87
2024-04-03T15:49:16.930000,1a:69:1c:14:f9:a0,1,-63
2024-04-03T15:49:16.937000,54:d2:72:64:1b:f4,0,-40
2024-04-03T15:49:17.002000,46:28:e1:43:b6:bf,1,-47
2024-04-03T15:49:17.031000,1a:69:1c:14:f9:a0,1,-58
2024-04-03T15:49:17.097000,6f:0e:25:55:61:95,1,-84
2024-04-03T15:49:17.133000,1a:69:1c:14:f9:a0,1,-63
2024-04-03T15:49:17.147000,44:d4:e2:76:77:52,1,-93
2024-04-03T15:49:17.236000,1a:69:1c:14:f9:a0,1,-58
2024-04-03T15:49:17.269000,54:d2:72:64:1b:f4,0,-40
2024-04-03T15:49:17.276000,cb:94:54:ed:5d:28,1,-81
2024-04-03T15:49:17.344000,1a:69:1c:14:f9:a0,1,-64
2024-04-03T15:49:17.382000,6f:0e:25:55:61:95,1,-92
2024-04-03T15:49:17.430000,44:d4:e2:76:77:52,1,-85
2024-04-03T15:49:17.451000,1a:69:1c:14:f9:a0,1,-58
2024-04-03T15:49:17.559000,1a:69:1c:14:f9:a0,1,-64
2024-04-03T15:49:17.577000,46:28:e1:43:b6:bf,1,-51
2024-04-03T15:49:17.659000,1a:69:1c:14:f9:a0,1,-58
2024-04-03T15:49:17.668000,6f:0e:25:55:61:95,1,-83
2024-04-03T15:49:17.688000,54:d2:72:64:1b:f4,0,-40
2024-04-03T15:49:17.700000,cb:94:54:ed:5d:28,1,-80
2024-04-03T15:49:17.734000,a4:c1:38:e0:67:ae,0,-64
2024-04-03T15:49:17.763000,1a:69:1c:14:f9:a0,1,-64
2024-04-03T15:49:17.864000,46:28:e1:43:b6:bf,1,-47
2024-04-03T15:49:17.869000,1a:69:1c:14:f9:a0,1,-58
2024-04-03T15:49:17.948000,6f:0e:25:55:61:95,1,-92
2024-04-03T15:49:17.973000,1a:69:1c:14:f9:a0,1,-64
2024-04-03T15:49:17.997000,44:d4:e2:76:77:52,1,-85
2024-04-03T15:49:18.079000,1a:69:1c:14:f9:a0,1,-58
2024-04-03T15:49:18.113000,54:d2:72:64:1b:f4,0,-40
2024-04-03T15:49:18.121000,cb:94:54:ed:5d:28,1,-80
2024-04-03T15:49:18.149000,77:84:9b:98:26:fb,1,-92
2024-04-03T15:49:18.184000,1a:69:1c:14:f9:a0,1,-64
2024-04-03T15:49:18.280000,44:d4:e2:76:77:52,1,-97
2024-04-03T15:49:18.286000,1a:69:1c:14:f9:a0,1,-58
2024-04-03T15:49:18.393000,1a:69:1c:14:f9:a0,1,-64
2024-04-03T15:49:18.421000,77:84:9b:98:26:fb,1,-95
2024-04-03T15:49:18.442000,46:28:e1:43:b6:bf,1,-46
2024-04-03T15:49:18.488000,ec:b7:78:df:b4:73,1,-88
2024-04-03T15:49:18.493000,e8:d2:ed:ce:49:81,1,-55
2024-04-03T15:49:18.504000,1a:69:1c:14:f9:a0,1,-64
2024-04-03T15:49:18.513000,6f:0e:25:55:61:95,1,-83
2024-04-03T15:49:18.532000,54:d2:72:64:1b:f4,0,-40
2024-04-03T15:49:18.542000,cb:94:54:ed:5d:28,1,-79
2024-04-03T15:49:18.601000,1a:69:1c:14:f9:a0,1,-65
2024-04-03T15:49:18.700000,77:84:9b:98:26:fb,1,-94
2024-04-03T15:49:18.714000,1a:69:1c:14:f9:a0,1,-59
2024-04-03T15:49:18.731000,46:28:e1:43:b6:bf,1,-50
2024-04-03T15:49:18.793000,6f:0e:25:55:61:95,1,-90
2024-04-03T15:49:18.807000,60:a7:00:13:dd:b2,1,-99
2024-04-03T15:49:18.818000,1a:69:1c:14:f9:a0,1,-65
2024-04-03T15:49:18.848000,0f:8f:aa:52:0c:18,1,-96
2024-04-03T15:49:18.913000,1a:69:1c:14:f9:a0,1,-63
2024-04-03T15:49:18.948000,0f:8f:aa:52:0c:18,1,-92
2024-04-03T15:49:18.961000,54:d2:72:64:1b:f4,0,-40
2024-04-03T15:49:18.972000,dc:d4:fd:3c:d4:ec,1,-96
2024-04-03T15:49:18.980000,48:b4:ae:53:18:ae,1,-96
2024-04-03T15:49:18.992000,77:84:9b:98:26:fb,1,-92
2024-04-03T15:49:19.015000,1a:69:1c:14:f9:a0,1,-58
2024-04-03T15:49:19.021000,46:28:e1:43:b6:bf,1,-47
2024-04-03T15:49:19.078000,6f:0e:25:55:61:95,1,-82
2024-04-03T15:49:19.117000,1a:69:1c:14:f9:a0,1,-64
2024-04-03T15:49:19.134000,44:d4:e2:76:77:52,1,-91
2024-04-03T15:49:19.170000,60:a7:00:13:dd:b2,1,-96
2024-04-03T15:49:19.218000,1a:69:1c:14:f9:a0,1,-58
2024-04-03T15:49:19.253000,77:84:9b:98:26:fb,1,-85
2024-04-03T15:49:19.293000,54:d2:72:64:1b:f4,0,-45
2024-04-03T15:49:19.304000,46:28:e1:43:b6:bf,1,-47
2024-04-03T15:49:19.323000,1a:69:1c:14:f9:a0,1,-67
2024-04-03T15:49:19.362000,6f:0e:25:55:61:95,1,-89
2024-04-03T15:49:19.388000,cb:94:54:ed:5d:28,1,-88
2024-04-03T15:49:19.529000,1a:69:1c:14:f9:a0,1,-71
2024-04-03T15:49:19.593000,46:28:e1:43:b6:bf,1,-50
2024-04-03T15:49:19.608000,57:d2:3c:c2:ae:66,1,-99
2024-04-03T15:49:19.636000,1a:69:1c:14:f9:a0,1,-59
2024-04-03T15:49:19.646000,6f:0e:25:55:61:95,1,-86
2024-04-03T15:49:19.715000,54:d2:72:64:1b:f4,0,-44
2024-04-03T15:49:19.750000,dc:23:4f:a9:9a:46,0,-84
2024-04-03T15:49:19.763000,a4:c1:38:e0:67:ae,0,-59
2024-04-03T15:49:19.797000,0f:8f:aa:52:0c:18,1,-99
2024-04-03T15:49:19.804000,77:84:9b:98:26:fb,1,-90
2024-04-03T15:49:19.813000,cb:94:54:ed:5d:28,1,-89
2024-04-03T15:49:19.844000,1a:69:1c:14:f9:a0,1,-64
2024-04-03T15:49:19.881000,46:28:e1:43:b6:bf,1,-47
2024-04-03T15:49:19.945000,1a:69:1c:14:f9:a0,1,-59
2024-04-03T15:49:19.950000,1a:69:1c:14:f9:a0,1,-63
2024-04-03T15:49:19.984000,0f:8f:aa:52:0c:18,1,-95
2024-04-03T15:49:19.997000,44:d4:e2:76:77:52,1,-87
2024-04-03T15:49:20.050000,1a:69:1c:14:f9:a0,1,-63
2024-04-03T15:49:20.141000,54:d2:72:64:1b:f4,0,-35
2024-04-03T15:49:20.159000,1a:69:1c:14:f9:a0,1,-65
2024-04-03T15:49:20.171000,46:28:e1:43:b6:bf,1,-49
2024-04-03T15:49:20.211000,6f:0e:25:55:61:95,1,-88
2024-04-03T15:49:20.263000,1a:69:1c:14:f9:a0,1,-64
2024-04-03T15:49:20.282000,44:d4:e2:76:77:52,1,-89
2024-04-03T15:49:20.357000,77:84:9b:98:26:fb,1,-94
2024-04-03T15:49:20.369000,1a:69:1c:14:f9:a0,1,-63
2024-04-03T15:49:20.461000,60:a7:00:13:dd:b2,1,-95
2024-04-03T15:49:20.470000,46:28:e1:43:b6:bf,1,-47
2024-04-03T15:49:20.478000,1a:69:1c:14:f9:a0,1,-59
2024-04-03T15:49:20.492000,6f:0e:25:55:61:95,1,-83
2024-04-03T15:49:20.565000,44:d4:e2:76:77:52,1,-98
2024-04-03T15:49:20.569000,54:d2:72:64:1b:f4,0,-40
2024-04-03T15:49:20.587000,1a:69:1c:14:f9:a0,1,-63
2024-04-03T15:49:20.643000,60:a7:00:13:dd:b2,1,-95
2024-04-03T15:49:20.693000,1a:69:1c:14:f9:a0,1,-60
2024-04-03T15:49:20.749000,46:28:e1:43:b6:bf,1,-47
2024-04-03T15:49:20.758000,dc:23:4f:a9:9a:46,0,-85
2024-04-03T15:49:20.774000,6f:0e:25:55:61:95,1,-89
2024-04-03T15:49:20.792000,1a:69:1c:14:f9:a0,1,-65
2024-04-03T15:49:20.850000,44:d4:e2:76:77:52,1,-88
2024-04-03T15:49:20.896000,1a:69:1c:14:f9:a0,1,-59
2024-04-03T15:49:20.988000,54:d2:72:64:1b:f4,0,-40
2024-04-03T15:49:20.995000,e8:d2:ed:ce:49:81,1,-54
2024-04-03T15:49:21.004000,1a:69:1c:14:f9:a0,1,-66
2024-04-03T15:49:21.010000,60:a7:00:13:dd:b2,1,-93
2024-04-03T15:49:21.033000,46:28:e1:43:b6:bf,1,-48
2024-04-03T15:49:21.058000,6f:0e:25:55:61:95,1,-82
2024-04-03T15:49:21.069000,cb:94:54:ed:5d:28,1,-87
2024-04-03T15:49:21.099000,1a:69:1c:14:f9:a0,1,-64
2024-04-03T15:49:21.165000,44:d4:e2:76:77:52,1,-91
2024-04-03T15:49:21.191000,60:a7:00:13:dd:b2,1,-91
2024-04-03T15:49:21.204000,1a:69:1c:14:f9:a0,1,-59
2024-04-03T15:49:21.319000,54:d2:72:64:1b:f4,0,-40
2024-04-03T15:49:21.341000,4f:5e:94:04:02:3d,1,-98
2024-04-03T15:49:21.373000,60:a7:00:13:dd:b2,1,-93
2024-04-03T15:49:21.417000,44:d4:e2:76:77:52,1,-88
2024-04-03T15:49:21.421000,1a:69:1c:14:f9:a0,1,-67
2024-04-03T15:49:21.487000,cb:94:54:ed:5d:28,1,-90
2024-04-03T15:49:21.523000,1a:69:1c:14:f9:a0,1,-60
2024-04-03T15:49:21.598000,46:28:e1:43:b6:bf,1,-50
2024-04-03T15:49:21.621000,6f:0e:25:55:61:95,1,-88
2024-04-03T15:49:21.629000,1a:69:1c:14:f9:a0,1,-70
2024-04-03T15:49:21.702000,44:d4:e2:76:77:52,1,-87
2024-04-03T15:49:21.734000,1a:69:1c:14:f9:a0,1,-61
2024-04-03T15:49:21.739000,54:d2:72:64:1b:f4,0,-40
2024-04-03T15:49:21.763000,dc:23:4f:a9:9a:46,0,-85
2024-04-03T15:49:21.883000,46:28:e1:43:b6:bf,1,-50
2024-04-03T15:49:21.903000,6f:0e:25:55:61:95,1,-83
2024-04-03T15:49:21.913000,cb:94:54:ed:5d:28,1,-89
2024-04-03T15:49:21.935000,60:a7:00:13:dd:b2,1,-95
2024-04-03T15:49:21.949000,1a:69:1c:14:f9:a0,1,-60
2024-04-03T15:49:21.991000,44:d4:e2:76:77:52,1,-89
2024-04-03T15:49:22.013000,77:84:9b:98:26:fb,1,-97
2024-04-03T15:49:22.050000,1a:69:1c:14:f9:a0,1,-70
2024-04-03T15:49:22.115000,60:a7:00:13:dd:b2,1,-98
2024-04-03T15:49:22.147000,a4:c1:38:e0:67:ae,0,-60
2024-04-03T15:49:22.157000,1a:69:1c:14:f9:a0,1,-60
2024-04-03T15:49:22.163000,54:d2:72:64:1b:f4,0,-40
2024-04-03T15:49:22.172000,46:28:e1:43:b6:bf,1,-50
2024-04-03T15:49:22.189000,6f:0e:25:55:61:95,1,-87
2024-04-03T15:49:22.259000,1a:69:1c:14:f9:a0,1,-71
2024-04-03T15:49:22.279000,44:d4:e2:76:77:52,1,-85
2024-04-03T15:49:22.340000,cb:94:54:ed:5d:28,1,-91
2024-04-03T15:49:22.443000,4f:5e:94:04:02:3d,1,-99
2024-04-03T15:49:22.458000,46:28:e1:43:b6:bf,1,-47
2024-04-03T15:49:22.469000,1a:69:1c:14:f9:a0,1,-66
2024-04-03T15:49:22.476000,60:a7:00:13:dd:b2,1,-92
2024-04-03T15:49:22.567000,44:d4:e2:76:77:52,1,-89
2024-04-03T15:49:22.589000,54:d2:72:64:1b:f4,0,-47
2024-04-03T15:49:22.659000,60:a7:00:13:dd:b2,1,-94
2024-04-03T15:49:22.678000,1a:69:1c:14:f9:a0,1,-66
2024-04-03T15:49:22.743000,46:28:e1:43:b6:bf,1,-48
2024-04-03T15:49:22.760000,6f:0e:25:55:61:95,1,-87
2024-04-03T15:49:22.773000,dc:23:4f:a9:9a:46,0,-87
2024-04-03T15:49:22.786000,1a:69:1c:14:f9:a0,1,-62
2024-04-03T15:49:22.843000,60:a7:00:13:dd:b2,1,-92
2024-04-03T15:49:22.850000,44:d4:e2:76:77:52,1,-85
2024-04-03T15:49:22.861000,6d:74:9e:55:c2:0c,1,-92
2024-04-03T15:49:22.893000,1a:69:1c:14:f9:a0,1,-65
2024-04-03T15:49:22.994000,1a:69:1c:14:f9:a0,1,-63
2024-04-03T15:49:23.004000,54:d2:72:64:1b:f4,0,-40
2024-04-03T15:49:23.022000,46:28:e1:43:b6:bf,1,-47
2024-04-03T15:49:23.098000,1a:69:1c:14:f9:a0,1,-67
2024-04-03T15:49:23.308000,1a:69:1c:14:f9:a0,1,-67
2024-04-03T15:49:23.314000,46:28:e1:43:b6:bf,1,-50
2024-04-03T15:49:23.322000,6f:0e:25:55:61:95,1,-87
2024-04-03T15:49:23.344000,54:d2:72:64:1b:f4,0,-47
2024-04-03T15:49:23.388000,77:84:9b:98:26:fb,1,-96
2024-04-03T15:49:23.419000,44:d4:e2:76:77:52,1,-88
2024-04-03T15:49:23.507000,1a:69:1c:14:f9:a0,1,-59
2024-04-03T15:49:23.581000,60:a7:00:13:dd:b2,1,-95
2024-04-03T15:49:23.594000,46:28:e1:43:b6:bf,1,-47
2024-04-03T15:49:23.608000,6f:0e:25:55:61:95,1,-82
2024-04-03T15:49:23.720000,1a:69:1c:14:f9:a0,1,-58
2024-04-03T15:49:23.726000,44:d4:e2:76:77:52,1,-91
2024-04-03T15:49:23.765000,54:d2:72:64:1b:f4,0,-44
2024-04-03T15:49:23.772000,dc:23:4f:a9:9a:46,0,-83
2024-04-03T15:49:23.888000,6f:0e:25:55:61:95,1,-90
2024-04-03T15:49:23.933000,1a:69:1c:14:f9:a0,1,-58
2024-04-03T15:49:23.949000,60:a7:00:13:dd:b2,1,-93
2024-04-03T15:49:23.997000,44:d4:e2:76:77:52,1,-87
2024-04-03T15:49:24.029000,cb:94:54:ed:5d:28,1,-79
2024-04-03T15:49:24.130000,60:a7:00:13:dd:b2,1,-91
2024-04-03T15:49:24.142000,1a:69:1c:14:f9:a0,1,-59
2024-04-03T15:49:24.168000,46:28:e1:43:b6:bf,1,-47
2024-04-03T15:49:24.241000,1a:69:1c:14:f9:a0,1,-65
2024-04-03T15:49:24.277000,44:d4:e2:76:77:52,1,-90
2024-04-03T15:49:24.312000,60:a7:00:13:dd:b2,1,-96
2024-04-03T15:49:24.335000,a4:c1:38:e0:67:ae,0,-67
2024-04-03T15:49:24.351000,1a:69:1c:14:f9:a0,1,-62
2024-04-03T15:49:24.447000,1a:69:1c:14:f9:a0,1,-65
2024-04-03T15:49:24.454000,cb:94:54:ed:5d:28,1,-79
2024-04-03T15:49:24.469000,46:28:e1:43:b6:bf,1,-50
2024-04-03T15:49:24.476000,6f:0e:25:55:61:95,1,-89
2024-04-03T15:49:24.553000,1a:69:1c:14:f9:a0,1,-62
2024-04-03T15:49:24.570000,44:d4:e2:76:77:52,1,-89
2024-04-03T15:49:24.605000,54:d2:72:64:1b:f4,0,-45
2024-04-03T15:49:24.658000,1a:69:1c:14:f9:a0,1,-64
2024-04-03T15:49:24.737000,46:28:e1:43:b6:bf,1,-47
2024-04-03T15:49:24.744000,6f:0e:25:55:61:95,1,-88
2024-04-03T15:49:24.765000,1a:69:1c:14:f9:a0,1,-61
2024-04-03T15:49:24.778000,dc:23:4f:a9:9a:46,0,-89
2024-04-03T15:49:24.852000,44:d4:e2:76:77:52,1,-93
2024-04-03T15:49:24.864000,60:a7:00:13:dd:b2,1,-101
2024-04-03T15:49:24.873000,1a:69:1c:14:f9:a0,1,-63
2024-04-03T15:49:24.878000,cb:94:54:ed:5d:28,1,-79
2024-04-03T15:49:24.971000,1a:69:1c:14:f9:a0,1,-63
2024-04-03T15:49:25.023000,54:d2:72:64:1b:f4,0,-47
2024-04-03T15:49:25.077000,1a:69:1c:14:f9:a0,1,-64
2024-04-03T15:49:25.143000,44:d4:e2:76:77:52,1,-87
2024-04-03T15:49:25.183000,1a:69:1c:14:f9:a0,1,-62
2024-04-03T15:49:25.228000,60:a7:00:13:dd:b2,1,-95
2024-04-03T15:49:25.288000,1a:69:1c:14:f9:a0,1,-65
2024-04-03T15:49:25.300000,cb:94:54:ed:5d:28,1,-93
2024-04-03T15:49:25.310000,6f:0e:25:55:61:95,1,-89
2024-04-03T15:49:25.315000,46:28:e1:43:b6:bf,1,-46
2024-04-03T15:49:25.368000,54:d2:72:64:1b:f4,0,-40
2024-04-03T15:49:25.400000,1a:69:1c:14:f9:a0,1,-58
2024-04-03T15:49:25.411000,60:a7:00:13:dd:b2,1,-95
2024-04-03T15:49:25.428000,44:d4:e2:76:77:52,1,-86
2024-04-03T15:49:25.501000,1a:69:1c:14:f9:a0,1,-64
2024-04-03T15:49:25.590000,6f:0e:25:55:61:95,1,-83
2024-04-03T15:49:25.604000,1a:69:1c:14:f9:a0,1,-64
2024-04-03T15:49:25.710000,1a:69:1c:14:f9:a0,1,-63
2024-04-03T15:49:25.715000,44:d4:e2:76:77:52,1,-86
2024-04-03T15:49:25.728000,cb:94:54:ed:5d:28,1,-93
2024-04-03T15:49:25.791000,54:d2:72:64:1b:f4,0,-40
2024-04-03T15:49:25.811000,1a:69:1c:14:f9:a0,1,-62
2024-04-03T15:49:25.870000,6f:0e:25:55:61:95,1,-90
2024-04-03T15:49:25.882000,46:28:e1:43:b6:bf,1,-47
2024-04-03T15:49:25.917000,1a:69:1c:14:f9:a0,1,-63
2024-04-03T15:49:25.957000,60:a7:00:13:dd:b2,1,-92
2024-04-03T15:49:25.998000,44:d4:e2:76:77:52,1,-86
2024-04-03T15:49:26.007000,e8:d2:ed:ce:49:81,1,-55
2024-04-03T15:49:26.024000,1a:69:1c:14:f9:a0,1,-63
2024-04-03T15:49:26.151000,cb:94:54:ed:5d:28,1,-91
2024-04-03T15:49:26.160000,6f:0e:25:55:61:95,1,-87
2024-04-03T15:49:26.171000,46:28:e1:43:b6:bf,1,-49
2024-04-03T15:49:26.219000,54:d2:72:64:1b:f4,0,-47
2024-04-03T15:49:26.237000,1a:69:1c:14:f9:a0,1,-59
2024-04-03T15:49:26.322000,60:a7:00:13:dd:b2,1,-93
2024-04-03T15:49:26.338000,1a:69:1c:14:f9:a0,1,-70
2024-04-03T15:49:26.439000,1a:69:1c:14:f9:a0,1,-63
2024-04-03T15:49:26.454000,46:28:e1:43:b6:bf,1,-46
2024-04-03T15:49:26.502000,60:a7:00:13:dd:b2,1,-92
2024-04-03T15:49:26.548000,1a:69:1c:14:f9:a0,1,-68
2024-04-03T15:49:26.569000,44:d4:e2:76:77:52,1,-88
2024-04-03T15:49:26.627000,a4:c1:38:e0:67:ae,0,-69
2024-04-03T15:49:26.638000,54:d2:72:64:1b:f4,0,-44
2024-04-03T15:49:26.652000,1a:69:1c:14:f9:a0,1,-63
2024-04-03T15:49:26.682000,60:a7:00:13:dd:b2,1,-94
2024-04-03T15:49:26.720000,6f:0e:25:55:61:95,1,-88
2024-04-03T15:49:26.739000,46:28:e1:43:b6:bf,1,-47
2024-04-03T15:49:26.761000,1a:69:1c:14:f9:a0,1,-66
2024-04-03T15:49:26.784000,dc:23:4f:a9:9a:46,0,-90
2024-04-03T15:49:26.858000,44:d4:e2:76:77:52,1,-89
2024-04-03T15:49:26.971000,1a:69:1c:14:f9:a0,1,-69
2024-04-03T15:49:27.000000,cb:94:54:ed:5d:28,1,-79
2024-04-03T15:49:27.009000,6f:0e:25:55:61:95,1,-84
2024-04-03T15:49:27.032000,46:28:e1:43:b6:bf,1,-50
2024-04-03T15:49:27.062000,54:d2:72:64:1b:f4,0,-44
2024-04-03T15:49:27.077000,1a:69:1c:14:f9:a0,1,-61
2024-04-03T15:49:27.144000,44:d4:e2:76:77:52,1,-86
2024-04-03T15:49:27.180000,1a:69:1c:14:f9:a0,1,-66
2024-04-03T15:49:27.285000,6f:0e:25:55:61:95,1,-90
2024-04-03T15:49:27.290000,1a:69:1c:14:f9:a0,1,-63
2024-04-03T15:49:27.318000,46:28:e1:43:b6:bf,1,-47
2024-04-03T15:49:27.390000,1a:69:1c:14:f9:a0,1,-67
2024-04-03T15:49:27.394000,54:d2:72:64:1b:f4,0,-44
2024-04-03T15:49:27.418000,cb:94:54:ed:5d:28,1,-80
2024-04-03T15:49:27.491000,1a:69:1c:14:f9:a0,1,-64
2024-04-03T15:49:27.568000,6f:0e:25:55:61:95,1,-83
2024-04-03T15:49:27.591000,1a:69:1c:14:f9:a0,1,-63
2024-04-03T15:49:27.604000,46:28:e1:43:b6:bf,1,-51
2024-04-03T15:49:27.694000,1a:69:1c:14:f9:a0,1,-68
2024-04-03T15:49:27.721000,44:d4:e2:76:77:52,1,-87
2024-04-03T15:49:27.785000,60:a7:00:13:dd:b2,1,-103
2024-04-03T15:49:27.792000,dc:23:4f:a9:9a:46,0,-84
2024-04-03T15:49:27.806000,1a:69:1c:14:f9:a0,1,-63
2024-04-03T15:49:27.840000,cb:94:54:ed:5d:28,1,-80
2024-04-03T15:49:27.851000,6f:0e:25:55:61:95,1,-91
2024-04-03T15:49:27.891000,46:28:e1:43:b6:bf,1,-46
2024-04-03T15:49:27.911000,1a:69:1c:14:f9:a0,1,-64
2024-04-03T15:49:27.967000,60:a7:00:13:dd:b2,1,-94
2024-04-03T15:49:28.002000,44:d4:e2:76:77:52,1,-93
2024-04-03T15:49:28.017000,1a:69:1c:14:f9:a0,1,-65
2024-04-03T15:49:28.119000,1a:69:1c:14:f9:a0,1,-64
2024-04-03T15:49:28.134000,6f:0e:25:55:61:95,1,-90
2024-04-03T15:49:28.153000,60:a7:00:13:dd:b2,1,-95
2024-04-03T15:49:28.178000,46:28:e1:43:b6:bf,1,-50
2024-04-03T15:49:28.227000,1a:69:1c:14:f9:a0,1,-65
2024-04-03T15:49:28.234000,54:d2:72:64:1b:f4,0,-44
2024-04-03T15:49:28.261000,cb:94:54:ed:5d:28,1,-80
2024-04-03T15:49:28.291000,44:d4:e2:76:77:52,1,-86
2024-04-03T15:49:28.328000,1a:69:1c:14:f9:a0,1,-64
2024-04-03T15:49:28.333000,60:a7:00:13:dd:b2,1,-95
2024-04-03T15:49:28.417000,6f:0e:25:55:61:95,1,-93
2024-04-03T15:49:28.431000,1a:69:1c:14:f9:a0,1,-63
2024-04-03T15:49:28.463000,46:28:e1:43:b6:bf,1,-47
2024-04-03T15:49:28.511000,e8:d2:ed:ce:49:81,1,-55
2024-04-03T15:49:28.641000,1a:69:1c:14:f9:a0,1,-63
2024-04-03T15:49:28.662000,54:d2:72:64:1b:f4,0,-36
2024-04-03T15:49:28.687000,cb:94:54:ed:5d:28,1,-89
2024-04-03T15:49:28.744000,1a:69:1c:14:f9:a0,1,-65
2024-04-03T15:49:28.750000,46:28:e1:43:b6:bf,1,-48
2024-04-03T15:49:28.845000,1a:69:1c:14:f9:a0,1,-64
2024-04-03T15:49:28.850000,1a:69:1c:14:f9:a0,1,-62
2024-04-03T15:49:28.860000,44:d4:e2:76:77:52,1,-84
2024-04-03T15:49:28.954000,1a:69:1c:14:f9:a0,1,-67
2024-04-03T15:49:28.985000,6f:0e:25:55:61:95,1,-83
2024-04-03T15:49:29.031000,46:28:e1:43:b6:bf,1,-46
2024-04-03T15:49:29.059000,1a:69:1c:14:f9:a0,1,-61
2024-04-03T15:49:29.084000,54:d2:72:64:1b:f4,0,-36
2024-04-03T15:49:29.142000,44:d4:e2:76:77:52,1,-91
2024-04-03T15:49:29.163000,1a:69:1c:14:f9:a0,1,-71
2024-04-03T15:49:29.265000,6f:0e:25:55:61:95,1,-90
2024-04-03T15:49:29.270000,1a:69:1c:14:f9:a0,1,-60
2024-04-03T15:49:29.374000,1a:69:1c:14:f9:a0,1,-73
2024-04-03T15:49:29.417000,54:d2:72:64:1b:f4,0,-40
2024-04-03T15:49:29.435000,44:d4:e2:76:77:52,1,-89
2024-04-03T15:49:29.481000,1a:69:1c:14:f9:a0,1,-60
2024-04-03T15:49:29.529000,cb:94:54:ed:5d:28,1,-91
2024-04-03T15:49:29.547000,6f:0e:25:55:61:95,1,-83
2024-04-03T15:49:29.585000,1a:69:1c:14:f9:a0,1,-73
2024-04-03T15:49:29.601000,46:28:e1:43:b6:bf,1,-49
2024-04-03T15:49:29.685000,1a:69:1c:14:f9:a0,1,-62
2024-04-03T15:49:29.690000,1a:69:1c:14:f9:a0,1,-60
2024-04-03T15:49:29.837000,54:d2:72:64:1b:f4,0,-40
2024-04-03T15:49:29.890000,1a:69:1c:14:f9:a0,1,-63
2024-04-03T15:49:29.948000,cb:94:54:ed:5d:28,1,-90
2024-04-03T15:49:29.995000,1a:69:1c:14:f9:a0,1,-59
2024-04-03T15:49:30.103000,1a:69:1c:14:f9:a0,1,-63
2024-04-03T15:49:30.173000,46:28:e1:43:b6:bf,1,-47
2024-04-03T15:49:30.209000,1a:69:1c:14:f9:a0,1,-65
2024-04-03T15:49:30.263000,54:d2:72:64:1b:f4,0,-40
2024-04-03T15:49:30.297000,44:d4:e2:76:77:52,1,-86
2024-04-03T15:49:30.318000,1a:69:1c:14:f9:a0,1,-58
2024-04-03T15:49:30.375000,cb:94:54:ed:5d:28,1,-90
2024-04-03T15:49:30.396000,6f:0e:25:55:61:95,1,-90
2024-04-03T15:49:30.423000,1a:69:1c:14:f9:a0,1,-67
2024-04-03T15:49:30.529000,1a:69:1c:14:f9:a0,1,-59
2024-04-03T15:49:30.582000,44:d4:e2:76:77:52,1,-90
2024-04-03T15:49:30.634000,1a:69:1c:14:f9:a0,1,-66
2024-04-03T15:49:30.678000,6f:0e:25:55:61:95,1,-87
2024-04-03T15:49:30.682000,54:d2:72:64:1b:f4,0,-40
2024-04-03T15:49:30.738000,1a:69:1c:14:f9:a0,1,-59
2024-04-03T15:49:30.748000,46:28:e1:43:b6:bf,1,-47
2024-04-03T15:49:30.801000,dc:23:4f:a9:9a:46,0,-90
2024-04-03T15:49:30.815000,cb:94:54:ed:5d:28,1,-89
2024-04-03T15:49:30.845000,1a:69:1c:14:f9:a0,1,-67
2024-04-03T15:49:30.854000,a4:c1:38:e0:67:ae,0,-59
2024-04-03T15:49:30.870000,44:d4:e2:76:77:52,1,-87
2024-04-03T15:49:30.953000,1a:69:1c:14:f9:a0,1,-59
2024-04-03T15:49:30.962000,6f:0e:25:55:61:95,1,-83
2024-04-03T15:49:31.015000,e8:d2:ed:ce:49:81,1,-55
2024-04-03T15:49:31.031000,46:28:e1:43:b6:bf,1,-48
2024-04-03T15:49:31.058000,1a:69:1c:14:f9:a0,1,-64
2024-04-03T15:49:31.100000,54:d2:72:64:1b:f4,0,-40
2024-04-03T15:49:31.148000,44:d4:e2:76:77:52,1,-91
2024-04-03T15:49:31.160000,1a:69:1c:14:f9:a0,1,-59
2024-04-03T15:49:31.223000,cb:94:54:ed:5d:28,1,-90
2024-04-03T15:49:31.242000,6f:0e:25:55:61:95,1,-91
2024-04-03T15:49:31.319000,46:28:e1:43:b6:bf,1,-47
2024-04-03T15:49:31.373000,1a:69:1c:14:f9:a0,1,-59
2024-04-03T15:49:31.437000,44:d4:e2:76:77:52,1,-83
2024-04-03T15:49:31.441000,54:d2:72:64:1b:f4,0,-47
2024-04-03T15:49:31.524000,6f:0e:25:55:61:95,1,-88
2024-04-03T15:49:31.578000,1a:69:1c:14:f9:a0,1,-59
2024-04-03T15:49:31.603000,46:28:e1:43:b6:bf,1,-50
2024-04-03T15:49:31.641000,cb:94:54:ed:5d:28,1,-92
2024-04-03T15:49:31.683000,1a:69:1c:14:f9:a0,1,-71
2024-04-03T15:49:31.725000,44:d4:e2:76:77:52,1,-93
2024-04-03T15:49:31.781000,1a:69:1c:14:f9:a0,1,-65
2024-04-03T15:49:31.805000,60:a7:00:13:dd:b2,1,-100
2024-04-03T15:49:31.812000,6f:0e:25:55:61:95,1,-89
2024-04-03T15:49:31.817000,dc:23:4f:a9:9a:46,0,-84
2024-04-03T15:49:31.893000,1a:69:1c:14:f9:a0,1,-67
2024-04-03T15:49:31.898000,46:28:e1:43:b6:bf,1,-51
2024-04-03T15:49:31.998000,1a:69:1c:14:f9:a0,1,-59
2024-04-03T15:49:32.065000,cb:94:54:ed:5d:28,1,-90
2024-04-03T15:49:32.094000,6f:0e:25:55:61:95,1,-88
2024-04-03T15:49:32.103000,1a:69:1c:14:f9:a0,1,-70
2024-04-03T15:49:32.169000,60:a7:00:13:dd:b2,1,-94
2024-04-03T15:49:32.181000,46:28:e1:43:b6:bf,1,-47
2024-04-03T15:49:32.203000,1a:69:1c:14:f9:a0,1,-65
2024-04-03T15:49:32.289000,54:d2:72:64:1b:f4,0,-36
2024-04-03T15:49:32.307000,44:d4:e2:76:77:52,1,-84
2024-04-03T15:49:32.313000,1a:69:1c:14:f9:a0,1,-69
2024-04-03T15:49:32.350000,60:a7:00:13:dd:b2,1,-93
2024-04-03T15:49:32.373000,6f:0e:25:55:61:95,1,-83
2024-04-03T15:49:32.418000,1a:69:1c:14:f9:a0,1,-60
2024-04-03T15:49:32.483000,cb:94:54:ed:5d:28,1,-91
2024-04-03T15:49:32.532000,60:a7:00:13:dd:b2,1,-94
2024-04-03T15:49:32.588000,44:d4:e2:76:77:52,1,-90
2024-04-03T15:49:32.631000,1a:69:1c:14:f9:a0,1,-60
2024-04-03T15:49:32.655000,6f:0e:25:55:61:95,1,-89
2024-04-03T15:49:32.711000,54:d2:72:64:1b:f4,0,-40
2024-04-03T15:49:32.718000,60:a7:00:13:dd:b2,1,-92
2024-04-03T15:49:32.742000,1a:69:1c:14:f9:a0,1,-66
2024-04-03T15:49:32.754000,46:28:e1:43:b6:bf,1,-47
2024-04-03T15:49:32.811000,dc:23:4f:a9:9a:46,0,-89
2024-04-03T15:49:32.843000,1a:69:1c:14:f9:a0,1,-60
2024-04-03T15:49:32.898000,60:a7:00:13:dd:b2,1,-100
2024-04-03T15:49:32.942000,6f:0e:25:55:61:95,1,-82
2024-04-03T15:49:32.946000,1a:69:1c:14:f9:a0,1,-67
2024-04-03T15:49:33.037000,46:28:e1:43:b6:bf,1,-50
2024-04-03T15:49:33.045000,1a:69:1c:14:f9:a0,1,-66
2024-04-03T15:49:33.051000,1a:69:1c:14:f9:a0,1,-60
2024-04-03T15:49:33.147000,1a:69:1c:14:f9:a0,1,-65
2024-04-03T15:49:33.160000,44:d4:e2:76:77:52,1,-93
2024-04-03T15:49:33.195000,a4:c1:38:e0:67:ae,0,-59
2024-04-03T15:49:33.224000,6f:0e:25:55:61:95,1,-88
2024-04-03T15:49:33.247000,1a:69:1c:14:f9:a0,1,-65
2024-04-03T15:49:33.322000,46:28:e1:43:b6:bf,1,-47
2024-04-03T15:49:33.326000,cb:94:54:ed:5d:28,1,-93
2024-04-03T15:49:33.359000,1a:69:1c:14:f9:a0,1,-59
2024-04-03T15:49:33.451000,44:d4:e2:76:77:52,1,-85
2024-04-03T15:49:33.461000,1a:69:1c:14:f9:a0,1,-66
2024-04-03T15:49:33.510000,6f:0e:25:55:61:95,1,-83
2024-04-03T15:49:33.516000,e8:d2:ed:ce:49:81,1,-54
2024-04-03T15:49:33.564000,1a:69:1c:14:f9:a0,1,-60
2024-04-03T15:49:33.625000,60:a7:00:13:dd:b2,1,-95
2024-04-03T15:49:33.669000,1a:69:1c:14:f9:a0,1,-66
2024-04-03T15:49:33.733000,44:d4:e2:76:77:52,1,-89
2024-04-03T15:49:33.747000,cb:94:54:ed:5d:28,1,-79
2024-04-03T15:49:33.774000,1a:69:1c:14:f9:a0,1,-60
2024-04-03T15:49:33.793000,6f:0e:25:55:61:95,1,-89
2024-04-03T15:49:33.809000,60:a7:00:13:dd:b2,1,-95
2024-04-03T15:49:33.818000,dc:23:4f:a9:9a:46,0,-85
2024-04-03T15:49:33.880000,1a:69:1c:14:f9:a0,1,-64
2024-04-03T15:49:33.888000,46:28:e1:43:b6:bf,1,-47
2024-04-03T15:49:33.989000,1a:69:1c:14:f9:a0,1,-66
2024-04-03T15:49:34.018000,44:d4:e2:76:77:52,1,-85
2024-04-03T15:49:34.074000,6f:0e:25:55:61:95,1,-87
2024-04-03T15:49:34.090000,1a:69:1c:14:f9:a0,1,-64
2024-04-03T15:49:34.170000,cb:94:54:ed:5d:28,1,-79
2024-04-03T15:49:34.179000,60:a7:00:13:dd:b2,1,-92
2024-04-03T15:49:34.196000,1a:69:1c:14:f9:a0,1,-60
2024-04-03T15:49:34.298000,44:d4:e2:76:77:52,1,-91
2024-04-03T15:49:34.302000,1a:69:1c:14:f9:a0,1,-64
2024-04-03T15:49:34.314000,54:d2:72:64:1b:f4,0,-40
2024-04-03T15:49:34.359000,60:a7:00:13:dd:b2,1,-92
2024-04-03T15:49:34.414000,1a:69:1c:14:f9:a0,1,-67
2024-04-03T15:49:34.459000,46:28:e1:43:b6:bf,1,-47
2024-04-03T15:49:34.519000,1a:69:1c:14:f9:a0,1,-60
2024-04-03T15:49:34.582000,44:d4:e2:76:77:52,1,-91
2024-04-03T15:49:34.624000,1a:69:1c:14:f9:a0,1,-68
2024-04-03T15:49:34.637000,6f:0e:25:55:61:95,1,-88
2024-04-03T15:49:34.726000,1a:69:1c:14:f9:a0,1,-63
2024-04-03T15:49:34.730000,1a:69:1c:14:f9:a0,1,-60
2024-04-03T15:49:34.824000,dc:23:4f:a9:9a:46,0,-89
2024-04-03T15:49:34.835000,1a:69:1c:14:f9:a0,1,-70
2024-04-03T15:49:34.865000,44:d4:e2:76:77:52,1,-85
2024-04-03T15:49:34.919000,6f:0e:25:55:61:95,1,-82
2024-04-03T15:49:34.932000,1a:69:1c:14:f9:a0,1,-63
2024-04-03T15:49:35.017000,cb:94:54:ed:5d:28,1,-89
2024-04-03T15:49:35.032000,46:28:e1:43:b6:bf,1,-46
2024-04-03T15:49:35.036000,1a:69:1c:14:f9:a0,1,-60
2024-04-03T15:49:35.101000,60:a7:00:13:dd:b2,1,-95
2024-04-03T15:49:35.139000,1a:69:1c:14:f9:a0,1,-64
2024-04-03T15:49:35.164000,54:d2:72:64:1b:f4,0,-47
2024-04-03T15:49:35.199000,6f:0e:25:55:61:95,1,-88
2024-04-03T15:49:35.239000,1a:69:1c:14:f9:a0,1,-60
2024-04-03T15:49:35.282000,60:a7:00:13:dd:b2,1,-96
2024-04-03T15:49:35.319000,46:28:e1:43:b6:bf,1,-49
2024-04-03T15:49:35.346000,1a:69:1c:14:f9:a0,1,-69
2024-04-03T15:49:35.437000,44:d4:e2:76:77:52,1,-92
2024-04-03T15:49:35.444000,cb:94:54:ed:5d:28,1,-90
2024-04-03T15:49:35.495000,1a:69:1c:14:f9:a0,1,-60
2024-04-03T15:49:35.504000,a4:c1:38:e0:67:ae,0,-66
2024-04-03T15:49:35.515000,60:a7:00:13:dd:b2,1,-94
2024-04-03T15:49:35.523000,6f:0e:25:55:61:95,1,-87
2024-04-03T15:49:35.527000,54:d2:72:64:1b:f4,0,-47
2024-04-03T15:49:35.556000,1a:69:1c:14:f9:a0,1,-67
2024-04-03T15:49:35.607000,46:28:e1:43:b6:bf,1,-48
2024-04-03T15:49:35.652000,60:a7:00:13:dd:b2,1,-94
2024-04-03T15:49:35.661000,1a:69:1c:14:f9:a0,1,-60
2024-04-03T15:49:35.719000,44:d4:e2:76:77:52,1,-94
2024-04-03T15:49:35.762000,1a:69:1c:14:f9:a0,1,-67
2024-04-03T15:49:35.860000,cb:94:54:ed:5d:28,1,-91
2024-04-03T15:49:35.869000,1a:69:1c:14:f9:a0,1,-66
2024-04-03T15:49:35.889000,46:28:e1:43:b6:bf,1,-48
2024-04-03T15:49:35.912000,54:d2:72:64:1b:f4,0,-45
2024-04-03T15:49:35.929000,72:69:c1:b1:76:9c,1,-99
2024-04-03T15:49:35.933000,75:22:a0:68:45:16,1,-88
2024-04-03T15:49:35.967000,1a:69:1c:14:f9:a0,1,-69
2024-04-03T15:49:36.009000,44:d4:e2:76:77:52,1,-94
2024-04-03T15:49:36.015000,e8:d2:ed:ce:49:81,1,-55
2024-04-03T15:49:36.051000,6f:0e:25:55:61:95,1,-88
2024-04-03T15:49:36.068000,1a:69:1c:14:f9:a0,1,-65
2024-04-03T15:49:36.201000,60:a7:00:13:dd:b2,1,-99
2024-04-03T15:49:36.277000,1a:69:1c:14:f9:a0,1,-64
2024-04-03T15:49:36.284000,cb:94:54:ed:5d:28,1,-89
2024-04-03T15:49:36.294000,44:d4:e2:76:77:52,1,-92
2024-04-03T15:49:36.334000,6f:0e:25:55:61:95,1,-83
2024-04-03T15:49:36.345000,54:d2:72:64:1b:f4,0,-36
2024-04-03T15:49:36.377000,1a:69:1c:14:f9:a0,1,-60
2024-04-03T15:49:36.464000,46:28:e1:43:b6:bf,1,-47
2024-04-03T15:49:36.483000,1a:69:1c:14:f9:a0,1,-69
2024-04-03T15:49:36.579000,44:d4:e2:76:77:52,1,-94
2024-04-03T15:49:34.824000,dc:23:4f:a9:9a:46,0,-89
