2024-04-03T16:24:12.376000,cb:94:54:ed:5d:28,1,-83
2024-04-03T16:24:12.686000,54:d2:72:64:1b:f4,0,-37
2024-04-03T16:24:12.693000,44:eb:5d:02:fe:ec,1,-82
2024-04-03T16:24:12.785000,64:56:9f:e0:30:5f,1,-56
2024-04-03T16:24:12.794000,cb:94:54:ed:5d:28,1,-82
2024-04-03T16:24:13.027000,dc:23:4f:a9:9a:46,0,-86
2024-04-03T16:24:13.070000,64:56:9f:e0:30:5f,1,-57
2024-04-03T16:24:13.121000,a4:c1:38:e0:67:ae,0,-67
2024-04-03T16:24:13.156000,42:b9:67:f5:20:71,1,-84
2024-04-03T16:24:13.216000,44:eb:5d:02:fe:ec,1,-84
2024-04-03T16:24:13.220000,cb:94:54:ed:5d:28,1,-82
2024-04-03T16:24:13.300000,55:07:75:be:a2:ef,1,-99
2024-04-03T16:24:13.356000,64:56:9f:e0:30:5f,1,-56
2024-04-03T16:24:13.440000,42:b9:67:f5:20:71,1,-88
2024-04-03T16:24:13.639000,64:56:9f:e0:30:5f,1,-56
2024-04-03T16:24:13.723000,42:b9:67:f5:20:71,1,-83
2024-04-03T16:24:13.745000,42:0a:0b:b2:77:bd,1,-86
2024-04-03T16:24:13.926000,64:56:9f:e0:30:5f,1,-57
2024-04-03T16:24:14.003000,42:b9:67:f5:20:71,1,-90
2024-04-03T16:24:14.061000,cb:94:54:ed:5d:28,1,-82
2024-04-03T16:24:14.210000,64:56:9f:e0:30:5f,1,-57
2024-04-03T16:24:14.214000,55:07:75:be:a2:ef,1,-98
2024-04-03T16:24:14.288000,42:b9:67:f5:20:71,1,-95
2024-04-03T16:24:14.316000,42:0a:0b:b2:77:bd,1,-83
2024-04-03T16:24:14.485000,cb:94:54:ed:5d:28,1,-92
2024-04-03T16:24:14.496000,7e:95:ad:f1:52:e7,1,-92
2024-04-03T16:24:14.539000,54:d2:72:64:1b:f4,0,-48
2024-04-03T16:24:14.570000,42:b9:67:f5:20:71,1,-85
2024-04-03T16:24:14.579000,55:07:75:be:a2:ef,1,-95
2024-04-03T16:24:14.760000,55:07:75:be:a2:ef,1,-98
2024-04-03T16:24:14.768000,7e:95:ad:f1:52:e7,1,-96
2024-04-03T16:24:14.804000,e8:d2:ed:ce:49:81,1,-54
2024-04-03T16:24:14.851000,42:b9:67:f5:20:71,1,-91
2024-04-03T16:24:14.891000,42:0a:0b:b2:77:bd,1,-84
2024-04-03T16:24:15.031000,dc:23:4f:a9:9a:46,0,-87
2024-04-03T16:24:15.043000,7e:95:ad:f1:52:e7,1,-101
2024-04-03T16:24:15.074000,64:56:9f:e0:30:5f,1,-57
2024-04-03T16:24:15.135000,42:b9:67:f5:20:71,1,-84
2024-04-03T16:24:15.336000,cb:94:54:ed:5d:28,1,-88
2024-04-03T16:24:15.389000,a4:c1:38:e0:67:ae,0,-61
2024-04-03T16:24:15.417000,42:b9:67:f5:20:71,1,-89
2024-04-03T16:24:15.461000,42:0a:0b:b2:77:bd,1,-84
2024-04-03T16:24:15.495000,55:07:75:be:a2:ef,1,-98
2024-04-03T16:24:15.564000,54:d2:72:64:1b:f4,0,-39
2024-04-03T16:24:15.579000,7e:95:ad:f1:52:e7,1,-97
2024-04-03T16:24:15.632000,64:56:9f:e0:30:5f,1,-58
2024-04-03T16:24:15.635000,64:56:9f:e0:30:5f,1,-56
2024-04-03T16:24:15.680000,55:07:75:be:a2:ef,1,-100
2024-04-03T16:24:15.703000,42:b9:67:f5:20:71,1,-84
2024-04-03T16:24:15.723000,7b:97:ee:4b:97:71,1,-103
2024-04-03T16:24:15.758000,cb:94:54:ed:5d:28,1,-89
2024-04-03T16:24:15.920000,64:56:9f:e0:30:5f,1,-57
2024-04-03T16:24:15.983000,42:b9:67:f5:20:71,1,-92
2024-04-03T16:24:16.033000,42:0a:0b:b2:77:bd,1,-88
2024-04-03T16:24:16.180000,cb:94:54:ed:5d:28,1,-87
2024-04-03T16:24:16.201000,64:56:9f:e0:30:5f,1,-58
2024-04-03T16:24:16.205000,64:56:9f:e0:30:5f,1,-56
2024-04-03T16:24:16.265000,42:b9:67:f5:20:71,1,-102
2024-04-03T16:24:16.528000,54:d2:72:64:1b:f4,0,-39
2024-04-03T16:24:16.547000,42:b9:67:f5:20:71,1,-83
2024-04-03T16:24:16.599000,42:0a:0b:b2:77:bd,1,-85
2024-04-03T16:24:16.696000,d6:3c:b6:33:26:8b,1,-95
2024-04-03T16:24:16.779000,64:56:9f:e0:30:5f,1,-56
2024-04-03T16:24:16.818000,7b:97:ee:4b:97:71,1,-97
2024-04-03T16:24:16.833000,42:b9:67:f5:20:71,1,-92
2024-04-03T16:24:16.886000,42:0a:0b:b2:77:bd,1,-93
2024-04-03T16:24:17.018000,cb:94:54:ed:5d:28,1,-87
2024-04-03T16:24:17.039000,dc:23:4f:a9:9a:46,0,-85
2024-04-03T16:24:17.110000,42:b9:67:f5:20:71,1,-91
2024-04-03T16:24:17.312000,e8:d2:ed:ce:49:81,1,-54
2024-04-03T16:24:17.344000,64:56:9f:e0:30:5f,1,-56
2024-04-03T16:24:17.436000,cb:94:54:ed:5d:28,1,-86
2024-04-03T16:24:17.562000,54:d2:72:64:1b:f4,0,-43
2024-04-03T16:24:17.640000,a4:c1:38:e0:67:ae,0,-60
2024-04-03T16:24:17.741000,42:0a:0b:b2:77:bd,1,-95
2024-04-03T16:24:17.918000,64:56:9f:e0:30:5f,1,-56
2024-04-03T16:24:17.957000,42:b9:67:f5:20:71,1,-83
2024-04-03T16:24:18.028000,42:0a:0b:b2:77:bd,1,-92
2024-04-03T16:24:18.047000,dc:23:4f:a9:9a:46,0,-88
2024-04-03T16:24:18.204000,64:56:9f:e0:30:5f,1,-59
2024-04-03T16:24:18.318000,42:0a:0b:b2:77:bd,1,-84
2024-04-03T16:24:18.486000,64:56:9f:e0:30:5f,1,-57
2024-04-03T16:24:18.525000,42:b9:67:f5:20:71,1,-84
2024-04-03T16:24:18.588000,54:d2:72:64:1b:f4,0,-48
2024-04-03T16:24:18.609000,42:0a:0b:b2:77:bd,1,-86
2024-04-03T16:24:18.772000,64:56:9f:e0:30:5f,1,-57
2024-04-03T16:24:18.805000,42:b9:67:f5:20:71,1,-94
2024-04-03T16:24:19.047000,dc:23:4f:a9:9a:46,0,-85
2024-04-03T16:24:19.072000,64:56:9f:e0:30:5f,1,-58
2024-04-03T16:24:19.339000,55:07:75:be:a2:ef,1,-99
2024-04-03T16:24:19.356000,42:0a:0b:b2:77:bd,1,-93
2024-04-03T16:24:19.561000,42:0a:0b:b2:77:bd,1,-90
2024-04-03T16:24:19.616000,54:d2:72:64:1b:f4,0,-40
2024-04-03T16:24:19.632000,64:56:9f:e0:30:5f,1,-56
2024-04-03T16:24:19.638000,64:56:9f:e0:30:5f,1,-57
2024-04-03T16:24:19.654000,42:b9:67:f5:20:71,1,-97
2024-04-03T16:24:19.665000,a4:c1:38:e0:67:ae,0,-65
2024-04-03T16:24:19.819000,e8:d2:ed:ce:49:81,1,-54
2024-04-03T16:24:19.914000,64:56:9f:e0:30:5f,1,-58
2024-04-03T16:24:19.935000,42:b9:67:f5:20:71,1,-83
2024-04-03T16:24:20.033000,42:0a:0b:b2:77:bd,1,-91
2024-04-03T16:24:20.054000,dc:23:4f:a9:9a:46,0,-87
2024-04-03T16:24:20.205000,64:56:9f:e0:30:5f,1,-57
2024-04-03T16:24:20.219000,42:b9:67:f5:20:71,1,-91
2024-04-03T16:24:20.374000,cb:94:54:ed:5d:28,1,-88
2024-04-03T16:24:20.415000,42:0a:0b:b2:77:bd,1,-89
2024-04-03T16:24:20.481000,64:56:9f:e0:30:5f,1,-57
2024-04-03T16:24:20.576000,54:d2:72:64:1b:f4,0,-39
2024-04-03T16:24:20.667000,42:0a:0b:b2:77:bd,1,-90
2024-04-03T16:24:20.760000,64:56:9f:e0:30:5f,1,-59
2024-04-03T16:24:20.786000,42:b9:67:f5:20:71,1,-92
2024-04-03T16:24:21.028000,42:0a:0b:b2:77:bd,1,-93
2024-04-03T16:24:21.056000,dc:23:4f:a9:9a:46,0,-85
2024-04-03T16:24:21.071000,42:b9:67:f5:20:71,1,-92
2024-04-03T16:24:21.214000,cb:94:54:ed:5d:28,1,-88
2024-04-03T16:24:21.334000,64:56:9f:e0:30:5f,1,-56
2024-04-03T16:24:21.600000,54:d2:72:64:1b:f4,0,-36
2024-04-03T16:24:21.624000,64:56:9f:e0:30:5f,1,-58
2024-04-03T16:24:21.636000,42:b9:67:f5:20:71,1,-93
2024-04-03T16:24:21.665000,77:07:fd:fa:4f:4b,1,-98
2024-04-03T16:24:21.705000,c9:6e:a7:b8:cb:63,1,-95
2024-04-03T16:24:21.759000,a4:c1:38:e0:67:ae,0,-65
2024-04-03T16:24:21.916000,64:56:9f:e0:30:5f,1,-57
2024-04-03T16:24:21.920000,77:07:fd:fa:4f:4b,1,-87
2024-04-03T16:24:21.925000,42:b9:67:f5:20:71,1,-82
2024-04-03T16:24:21.963000,62:cf:43:72:62:ae,1,-95
2024-04-03T16:24:21.992000,46:b4:25:c2:32:a9,1,-96
2024-04-03T16:24:22.059000,cb:94:54:ed:5d:28,1,-88
2024-04-03T16:24:22.068000,dc:23:4f:a9:9a:46,0,-89
2024-04-03T16:24:22.204000,77:07:fd:fa:4f:4b,1,-97
2024-04-03T16:24:22.240000,62:cf:43:72:62:ae,1,-99
2024-04-03T16:24:22.325000,e8:d2:ed:ce:49:81,1,-52
2024-04-03T16:24:22.370000,46:b4:25:c2:32:a9,1,-99
2024-04-03T16:24:22.486000,cb:94:54:ed:5d:28,1,-81
2024-04-03T16:24:22.496000,42:b9:67:f5:20:71,1,-81
2024-04-03T16:24:22.783000,62:cf:43:72:62:ae,1,-101
2024-04-03T16:24:22.795000,64:56:9f:e0:30:5f,1,-57
2024-04-03T16:24:22.800000,77:07:fd:fa:4f:4b,1,-87
2024-04-03T16:24:22.908000,cb:94:54:ed:5d:28,1,-81
2024-04-03T16:24:23.055000,42:b9:67:f5:20:71,1,-82
2024-04-03T16:24:23.059000,77:07:fd:fa:4f:4b,1,-85
2024-04-03T16:24:23.065000,64:56:9f:e0:30:5f,1,-58
2024-04-03T16:24:23.110000,46:b4:25:c2:32:a9,1,-92
2024-04-03T16:24:23.335000,42:b9:67:f5:20:71,1,-93
2024-04-03T16:24:23.338000,77:07:fd:fa:4f:4b,1,-89
2024-04-03T16:24:23.351000,64:56:9f:e0:30:5f,1,-56
2024-04-03T16:24:23.604000,62:cf:43:72:62:ae,1,-96
2024-04-03T16:24:23.635000,64:56:9f:e0:30:5f,1,-58
2024-04-03T16:24:23.654000,54:d2:72:64:1b:f4,0,-48
2024-04-03T16:24:23.667000,77:07:fd:fa:4f:4b,1,-91
2024-04-03T16:24:23.894000,62:cf:43:72:62:ae,1,-96
2024-04-03T16:24:23.903000,42:b9:67:f5:20:71,1,-84
2024-04-03T16:24:23.925000,64:56:9f:e0:30:5f,1,-56
2024-04-03T16:24:23.967000,a4:c1:38:e0:67:ae,0,-60
2024-04-03T16:24:24.048000,46:b4:25:c2:32:a9,1,-95
2024-04-03T16:24:24.079000,dc:23:4f:a9:9a:46,0,-88
2024-04-03T16:24:24.211000,64:56:9f:e0:30:5f,1,-58
2024-04-03T16:24:24.371000,77:07:fd:fa:4f:4b,1,-81
2024-04-03T16:24:24.464000,42:b9:67:f5:20:71,1,-84
2024-04-03T16:24:24.490000,77:07:fd:fa:4f:4b,1,-90
2024-04-03T16:24:24.501000,64:56:9f:e0:30:5f,1,-57
2024-04-03T16:24:24.601000,cb:94:54:ed:5d:28,1,-91
2024-04-03T16:24:24.625000,54:d2:72:64:1b:f4,0,-39
2024-04-03T16:24:24.745000,42:b9:67:f5:20:71,1,-89
2024-04-03T16:24:24.775000,77:07:fd:fa:4f:4b,1,-88
2024-04-03T16:24:24.785000,64:56:9f:e0:30:5f,1,-56
2024-04-03T16:24:24.988000,57:82:d7:91:26:d1,1,-91
2024-04-03T16:24:25.019000,cb:94:54:ed:5d:28,1,-93
2024-04-03T16:24:25.042000,42:b9:67:f5:20:71,1,-89
2024-04-03T16:24:25.080000,dc:23:4f:a9:9a:46,0,-86
2024-04-03T16:24:25.359000,64:56:9f:e0:30:5f,1,-55
2024-04-03T16:24:25.374000,55:07:75:be:a2:ef,1,-96
2024-04-03T16:24:25.444000,cb:94:54:ed:5d:28,1,-87
2024-04-03T16:24:25.555000,57:82:d7:91:26:d1,1,-84
2024-04-03T16:24:25.654000,54:d2:72:64:1b:f4,0,-41
2024-04-03T16:24:25.739000,55:07:75:be:a2:ef,1,-94
2024-04-03T16:24:25.845000,57:82:d7:91:26:d1,1,-90
2024-04-03T16:24:25.861000,cb:94:54:ed:5d:28,1,-95
2024-04-03T16:24:25.878000,42:b9:67:f5:20:71,1,-86
2024-04-03T16:24:25.921000,55:07:75:be:a2:ef,1,-96
2024-04-03T16:24:25.930000,64:56:9f:e0:30:5f,1,-55
2024-04-03T16:24:26.085000,dc:23:4f:a9:9a:46,0,-87
2024-04-03T16:24:26.102000,55:07:75:be:a2:ef,1,-96
2024-04-03T16:24:26.131000,57:82:d7:91:26:d1,1,-84
2024-04-03T16:24:26.160000,42:b9:67:f5:20:71,1,-85
2024-04-03T16:24:26.215000,64:56:9f:e0:30:5f,1,-58
2024-04-03T16:24:26.281000,cb:94:54:ed:5d:28,1,-90
2024-04-03T16:24:26.444000,42:b9:67:f5:20:71,1,-91
2024-04-03T16:24:26.509000,64:56:9f:e0:30:5f,1,-56
2024-04-03T16:24:26.686000,54:d2:72:64:1b:f4,0,-48
2024-04-03T16:24:26.702000,cb:94:54:ed:5d:28,1,-92
2024-04-03T16:24:26.711000,57:82:d7:91:26:d1,1,-89
2024-04-03T16:24:26.724000,42:b9:67:f5:20:71,1,-88
2024-04-03T16:24:26.789000,64:56:9f:e0:30:5f,1,-58
2024-04-03T16:24:27.080000,64:56:9f:e0:30:5f,1,-55
2024-04-03T16:24:27.130000,cb:94:54:ed:5d:28,1,-87
2024-04-03T16:24:27.276000,57:82:d7:91:26:d1,1,-88
2024-04-03T16:24:27.290000,42:b9:67:f5:20:71,1,-88
2024-04-03T16:24:27.335000,e8:d2:ed:ce:49:81,1,-55
2024-04-03T16:24:27.366000,64:56:9f:e0:30:5f,1,-55
2024-04-03T16:24:27.524000,7b:97:ee:4b:97:71,1,-100
2024-04-03T16:24:27.566000,57:82:d7:91:26:d1,1,-85
2024-04-03T16:24:27.571000,42:b9:67:f5:20:71,1,-91
2024-04-03T16:24:27.708000,54:d2:72:64:1b:f4,0,-48
2024-04-03T16:24:27.851000,57:82:d7:91:26:d1,1,-86
2024-04-03T16:24:27.856000,42:b9:67:f5:20:71,1,-88
2024-04-03T16:24:27.941000,64:56:9f:e0:30:5f,1,-57
2024-04-03T16:24:28.087000,dc:23:4f:a9:9a:46,0,-85
2024-04-03T16:24:28.137000,42:b9:67:f5:20:71,1,-88
2024-04-03T16:24:28.209000,a4:c1:38:e0:67:ae,0,-68
2024-04-03T16:24:28.386000,cb:94:54:ed:5d:28,1,-86
2024-04-03T16:24:28.419000,42:b9:67:f5:20:71,1,-86
2024-04-03T16:24:28.433000,57:82:d7:91:26:d1,1,-85
2024-04-03T16:24:28.514000,64:56:9f:e0:30:5f,1,-56
2024-04-03T16:24:28.675000,54:d2:72:64:1b:f4,0,-39
2024-04-03T16:24:28.702000,42:b9:67:f5:20:71,1,-86
2024-04-03T16:24:28.715000,57:82:d7:91:26:d1,1,-86
2024-04-03T16:24:28.801000,64:56:9f:e0:30:5f,1,-58
2024-04-03T16:24:28.814000,cb:94:54:ed:5d:28,1,-81
2024-04-03T16:24:28.856000,55:07:75:be:a2:ef,1,-97
2024-04-03T16:24:28.984000,42:b9:67:f5:20:71,1,-87
2024-04-03T16:24:29.091000,dc:23:4f:a9:9a:46,0,-88
2024-04-03T16:24:29.226000,55:07:75:be:a2:ef,1,-98
2024-04-03T16:24:29.241000,cb:94:54:ed:5d:28,1,-82
2024-04-03T16:24:29.265000,42:b9:67:f5:20:71,1,-88
2024-04-03T16:24:29.284000,57:82:d7:91:26:d1,1,-86
2024-04-03T16:24:29.380000,64:56:9f:e0:30:5f,1,-58
2024-04-03T16:24:29.408000,55:07:75:be:a2:ef,1,-99
2024-04-03T16:24:29.551000,42:b9:67:f5:20:71,1,-91
2024-04-03T16:24:29.574000,57:82:d7:91:26:d1,1,-84
2024-04-03T16:24:29.590000,55:07:75:be:a2:ef,1,-100
2024-04-03T16:24:29.665000,64:56:9f:e0:30:5f,1,-59
2024-04-03T16:24:29.675000,48:49:a0:7f:69:a6,1,-99
2024-04-03T16:24:29.700000,54:d2:72:64:1b:f4,0,-40
2024-04-03T16:24:29.834000,42:b9:67:f5:20:71,1,-88
2024-04-03T16:24:29.840000,e8:d2:ed:ce:49:81,1,-54
2024-04-03T16:24:29.861000,57:82:d7:91:26:d1,1,-88
2024-04-03T16:24:29.950000,64:56:9f:e0:30:5f,1,-57
2024-04-03T16:24:29.986000,7b:97:ee:4b:97:71,1,-100
2024-04-03T16:24:30.087000,cb:94:54:ed:5d:28,1,-96
2024-04-03T16:24:30.105000,dc:23:4f:a9:9a:46,0,-86
2024-04-03T16:24:30.132000,42:b9:67:f5:20:71,1,-92
2024-04-03T16:24:30.237000,64:56:9f:e0:30:5f,1,-58
2024-04-03T16:24:30.258000,7b:97:ee:4b:97:71,1,-102
2024-04-03T16:24:30.310000,a4:c1:38:e0:67:ae,0,-68
2024-04-03T16:24:30.401000,42:b9:67:f5:20:71,1,-87
2024-04-03T16:24:30.431000,57:82:d7:91:26:d1,1,-86
2024-04-03T16:24:30.686000,42:b9:67:f5:20:71,1,-93
2024-04-03T16:24:30.721000,57:82:d7:91:26:d1,1,-85
2024-04-03T16:24:30.724000,54:d2:72:64:1b:f4,0,-41
2024-04-03T16:24:30.788000,48:49:a0:7f:69:a6,1,-97
2024-04-03T16:24:30.810000,64:56:9f:e0:30:5f,1,-58
2024-04-03T16:24:30.973000,42:b9:67:f5:20:71,1,-85
2024-04-03T16:24:30.986000,74:16:e3:7c:c5:43,1,-96
2024-04-03T16:24:31.011000,57:82:d7:91:26:d1,1,-94
2024-04-03T16:24:31.097000,64:56:9f:e0:30:5f,1,-58
2024-04-03T16:24:31.258000,42:b9:67:f5:20:71,1,-92
2024-04-03T16:24:31.264000,74:16:e3:7c:c5:43,1,-102
2024-04-03T16:24:31.299000,57:82:d7:91:26:d1,1,-88
2024-04-03T16:24:31.357000,cb:94:54:ed:5d:28,1,-85
2024-04-03T16:24:31.387000,64:56:9f:e0:30:5f,1,-57
2024-04-03T16:24:31.546000,42:b9:67:f5:20:71,1,-87
2024-04-03T16:24:31.583000,57:82:d7:91:26:d1,1,-84
2024-04-03T16:24:31.670000,64:56:9f:e0:30:5f,1,-58
2024-04-03T16:24:31.754000,54:d2:72:64:1b:f4,0,-49
2024-04-03T16:24:31.774000,cb:94:54:ed:5d:28,1,-85
2024-04-03T16:24:31.828000,42:b9:67:f5:20:71,1,-92
2024-04-03T16:24:31.960000,64:56:9f:e0:30:5f,1,-57
2024-04-03T16:24:32.110000,42:b9:67:f5:20:71,1,-88
2024-04-03T16:24:32.147000,55:07:75:be:a2:ef,1,-97
2024-04-03T16:24:32.161000,57:82:d7:91:26:d1,1,-85
2024-04-03T16:24:32.200000,cb:94:54:ed:5d:28,1,-86
2024-04-03T16:24:32.245000,64:56:9f:e0:30:5f,1,-59
2024-04-03T16:24:32.346000,e8:d2:ed:ce:49:81,1,-55
2024-04-03T16:24:32.392000,42:b9:67:f5:20:71,1,-88
2024-04-03T16:24:32.446000,57:82:d7:91:26:d1,1,-90
2024-04-03T16:24:32.451000,c3:66:f4:89:1f:a8,1,-96
2024-04-03T16:24:32.489000,a4:c1:38:e0:67:ae,0,-61
2024-04-03T16:24:32.537000,64:56:9f:e0:30:5f,1,-60
2024-04-03T16:24:32.627000,cb:94:54:ed:5d:28,1,-80
2024-04-03T16:24:32.735000,57:82:d7:91:26:d1,1,-87
2024-04-03T16:24:32.815000,64:56:9f:e0:30:5f,1,-59
2024-04-03T16:24:32.954000,42:b9:67:f5:20:71,1,-90
2024-04-03T16:24:33.020000,57:82:d7:91:26:d1,1,-92
2024-04-03T16:24:33.045000,cb:94:54:ed:5d:28,1,-81
2024-04-03T16:24:33.109000,64:56:9f:e0:30:5f,1,-59
2024-04-03T16:24:33.238000,55:07:75:be:a2:ef,1,-94
2024-04-03T16:24:33.316000,57:82:d7:91:26:d1,1,-97
2024-04-03T16:24:33.387000,64:56:9f:e0:30:5f,1,-59
2024-04-03T16:24:33.467000,cb:94:54:ed:5d:28,1,-81
2024-04-03T16:24:33.523000,42:b9:67:f5:20:71,1,-88
2024-04-03T16:24:33.593000,57:82:d7:91:26:d1,1,-84
2024-04-03T16:24:33.672000,64:56:9f:e0:30:5f,1,-57
2024-04-03T16:24:33.737000,74:16:e3:7c:c5:43,1,-98
2024-04-03T16:24:33.806000,42:b9:67:f5:20:71,1,-89
2024-04-03T16:24:33.881000,57:82:d7:91:26:d1,1,-85
2024-04-03T16:24:33.959000,64:56:9f:e0:30:5f,1,-58
2024-04-03T16:24:34.089000,42:b9:67:f5:20:71,1,-80
2024-04-03T16:24:34.111000,dc:23:4f:a9:9a:46,0,-87
2024-04-03T16:24:34.172000,57:82:d7:91:26:d1,1,-84
2024-04-03T16:24:34.249000,64:56:9f:e0:30:5f,1,-59
2024-04-03T16:24:34.371000,42:b9:67:f5:20:71,1,-85
2024-04-03T16:24:34.464000,57:82:d7:91:26:d1,1,-85
2024-04-03T16:24:34.527000,55:07:75:be:a2:ef,1,-99
2024-04-03T16:24:34.534000,64:56:9f:e0:30:5f,1,-58
2024-04-03T16:24:34.602000,48:74:a8:63:27:0e,1,-95
2024-04-03T16:24:34.651000,42:b9:67:f5:20:71,1,-89
2024-04-03T16:24:34.689000,a4:c1:38:e0:67:ae,0,-68
2024-04-03T16:24:34.737000,cb:94:54:ed:5d:28,1,-91
2024-04-03T16:24:34.748000,57:82:d7:91:26:d1,1,-90
2024-04-03T16:24:34.817000,64:56:9f:e0:30:5f,1,-54
2024-04-03T16:24:34.849000,e8:d2:ed:ce:49:81,1,-54
2024-04-03T16:24:34.937000,42:b9:67:f5:20:71,1,-81
2024-04-03T16:24:35.078000,55:07:75:be:a2:ef,1,-98
2024-04-03T16:24:35.105000,64:56:9f:e0:30:5f,1,-54
2024-04-03T16:24:35.122000,dc:23:4f:a9:9a:46,0,-87
2024-04-03T16:24:35.164000,cb:94:54:ed:5d:28,1,-86
2024-04-03T16:24:35.312000,57:82:d7:91:26:d1,1,-84
2024-04-03T16:24:35.505000,42:b9:67:f5:20:71,1,-85
2024-04-03T16:24:35.587000,cb:94:54:ed:5d:28,1,-86
2024-04-03T16:24:35.603000,57:82:d7:91:26:d1,1,-93
2024-04-03T16:24:35.680000,64:56:9f:e0:30:5f,1,-55
2024-04-03T16:24:35.790000,42:b9:67:f5:20:71,1,-86
2024-04-03T16:24:35.888000,57:82:d7:91:26:d1,1,-87
2024-04-03T16:24:35.968000,64:56:9f:e0:30:5f,1,-58
2024-04-03T16:24:35.989000,55:07:75:be:a2:ef,1,-95
2024-04-03T16:24:36.072000,42:b9:67:f5:20:71,1,-78
2024-04-03T16:24:36.130000,dc:23:4f:a9:9a:46,0,-85
2024-04-03T16:24:36.169000,55:07:75:be:a2:ef,1,-95
2024-04-03T16:24:36.185000,57:82:d7:91:26:d1,1,-84
2024-04-03T16:24:36.259000,64:56:9f:e0:30:5f,1,-55
2024-04-03T16:24:36.356000,42:b9:67:f5:20:71,1,-94
2024-04-03T16:24:36.435000,cb:94:54:ed:5d:28,1,-83
2024-04-03T16:24:36.457000,57:82:d7:91:26:d1,1,-87
2024-04-03T16:24:36.492000,74:16:e3:7c:c5:43,1,-99
2024-04-03T16:24:36.548000,64:56:9f:e0:30:5f,1,-55
2024-04-03T16:24:36.638000,42:b9:67:f5:20:71,1,-83
2024-04-03T16:24:36.832000,64:56:9f:e0:30:5f,1,-56
2024-04-03T16:24:36.854000,cb:94:54:ed:5d:28,1,-82
2024-04-03T16:24:36.924000,42:b9:67:f5:20:71,1,-84
2024-04-03T16:24:37.030000,57:82:d7:91:26:d1,1,-87
2024-04-03T16:24:37.100000,a4:c1:38:e0:67:ae,0,-66
2024-04-03T16:24:37.116000,64:56:9f:e0:30:5f,1,-55
2024-04-03T16:24:37.139000,dc:23:4f:a9:9a:46,0,-88
2024-04-03T16:24:37.208000,42:b9:67:f5:20:71,1,-85
2024-04-03T16:24:37.280000,cb:94:54:ed:5d:28,1,-81
2024-04-03T16:24:37.318000,57:82:d7:91:26:d1,1,-82
2024-04-03T16:24:37.358000,e8:d2:ed:ce:49:81,1,-54
2024-04-03T16:24:37.402000,64:56:9f:e0:30:5f,1,-57
2024-04-03T16:24:37.607000,57:82:d7:91:26:d1,1,-89
2024-04-03T16:24:37.682000,64:56:9f:e0:30:5f,1,-57
2024-04-03T16:24:37.704000,cb:94:54:ed:5d:28,1,-89
2024-04-03T16:24:37.777000,42:b9:67:f5:20:71,1,-90
2024-04-03T16:24:37.895000,57:82:d7:91:26:d1,1,-87
2024-04-03T16:24:37.970000,64:56:9f:e0:30:5f,1,-57
2024-04-03T16:24:38.058000,42:b9:67:f5:20:71,1,-90
2024-04-03T16:24:38.176000,57:82:d7:91:26:d1,1,-86
2024-04-03T16:24:38.259000,64:56:9f:e0:30:5f,1,-55
2024-04-03T16:24:38.464000,57:82:d7:91:26:d1,1,-86
2024-04-03T16:24:38.545000,cb:94:54:ed:5d:28,1,-92
2024-04-03T16:24:38.555000,64:56:9f:e0:30:5f,1,-57
2024-04-03T16:24:38.725000,54:d2:72:64:1b:f4,0,-39
2024-04-03T16:24:38.752000,57:82:d7:91:26:d1,1,-87
2024-04-03T16:24:38.839000,64:56:9f:e0:30:5f,1,-56
2024-04-03T16:24:38.910000,42:b9:67:f5:20:71,1,-90
2024-04-03T16:24:38.971000,cb:94:54:ed:5d:28,1,-91
2024-04-03T16:24:39.040000,57:82:d7:91:26:d1,1,-88
2024-04-03T16:24:39.118000,64:56:9f:e0:30:5f,1,-57
2024-04-03T16:24:39.149000,dc:23:4f:a9:9a:46,0,-87
2024-04-03T16:24:39.166000,a4:c1:38:e0:67:ae,0,-60
2024-04-03T16:24:39.195000,42:b9:67:f5:20:71,1,-96
2024-04-03T16:24:39.323000,57:82:d7:91:26:d1,1,-83
2024-04-03T16:24:39.397000,cb:94:54:ed:5d:28,1,-87
2024-04-03T16:24:39.406000,64:56:9f:e0:30:5f,1,-55
2024-04-03T16:24:39.409000,64:56:9f:e0:30:5f,1,-56
2024-04-03T16:24:39.479000,42:b9:67:f5:20:71,1,-92
2024-04-03T16:24:39.609000,57:82:d7:91:26:d1,1,-88
2024-04-03T16:24:39.692000,64:56:9f:e0:30:5f,1,-58
2024-04-03T16:24:39.751000,54:d2:72:64:1b:f4,0,-40
2024-04-03T16:24:39.761000,42:b9:67:f5:20:71,1,-91
2024-04-03T16:24:39.825000,cb:94:54:ed:5d:28,1,-81
2024-04-03T16:24:39.861000,e8:d2:ed:ce:49:81,1,-55
2024-04-03T16:24:39.896000,57:82:d7:91:26:d1,1,-85
2024-04-03T16:24:40.007000,55:07:75:be:a2:ef,1,-95
2024-04-03T16:24:40.156000,dc:23:4f:a9:9a:46,0,-89
2024-04-03T16:24:40.177000,57:82:d7:91:26:d1,1,-86
2024-04-03T16:24:40.191000,55:07:75:be:a2:ef,1,-96
2024-04-03T16:24:40.252000,cb:94:54:ed:5d:28,1,-81
2024-04-03T16:24:40.268000,64:56:9f:e0:30:5f,1,-56
2024-04-03T16:24:40.460000,57:82:d7:91:26:d1,1,-88
2024-04-03T16:24:40.554000,64:56:9f:e0:30:5f,1,-58
2024-04-03T16:24:40.655000,48:74:a8:63:27:0e,1,-95
2024-04-03T16:24:40.749000,57:82:d7:91:26:d1,1,-88
2024-04-03T16:24:40.784000,54:d2:72:64:1b:f4,0,-48
2024-04-03T16:24:40.845000,64:56:9f:e0:30:5f,1,-56
2024-04-03T16:24:40.894000,42:b9:67:f5:20:71,1,-91
2024-04-03T16:24:41.040000,57:82:d7:91:26:d1,1,-84
2024-04-03T16:24:41.092000,cb:94:54:ed:5d:28,1,-81
2024-04-03T16:24:41.162000,dc:23:4f:a9:9a:46,0,-86
2024-04-03T16:24:41.204000,a4:c1:38:e0:67:ae,0,-65
2024-04-03T16:24:41.332000,57:82:d7:91:26:d1,1,-88
2024-04-03T16:24:41.417000,64:56:9f:e0:30:5f,1,-56
2024-04-03T16:24:41.460000,42:b9:67:f5:20:71,1,-94
2024-04-03T16:24:41.512000,cb:94:54:ed:5d:28,1,-81
2024-04-03T16:24:41.620000,57:82:d7:91:26:d1,1,-88
2024-04-03T16:24:41.699000,64:56:9f:e0:30:5f,1,-57
2024-04-03T16:24:41.820000,54:d2:72:64:1b:f4,0,-40
2024-04-03T16:24:41.907000,57:82:d7:91:26:d1,1,-84
2024-04-03T16:24:41.988000,64:56:9f:e0:30:5f,1,-56
2024-04-03T16:24:42.173000,dc:23:4f:a9:9a:46,0,-88
2024-04-03T16:24:42.197000,57:82:d7:91:26:d1,1,-87
2024-04-03T16:24:42.267000,64:56:9f:e0:30:5f,1,-57
2024-04-03T16:24:42.312000,42:b9:67:f5:20:71,1,-93
2024-04-03T16:24:42.360000,e8:d2:ed:ce:49:81,1,-54
2024-04-03T16:24:42.487000,57:82:d7:91:26:d1,1,-87
2024-04-03T16:24:42.556000,64:56:9f:e0:30:5f,1,-57
2024-04-03T16:24:43.060000,57:82:d7:91:26:d1,1,-88
2024-04-03T16:24:43.127000,64:56:9f:e0:30:5f,1,-56
2024-04-03T16:24:43.160000,69:02:e0:61:91:ca,1,-96
2024-04-03T16:24:43.176000,dc:23:4f:a9:9a:46,0,-85
2024-04-03T16:24:43.405000,64:56:9f:e0:30:5f,1,-58
2024-04-03T16:24:43.616000,a4:c1:38:e0:67:ae,0,-61
2024-04-03T16:24:43.636000,57:82:d7:91:26:d1,1,-89
2024-04-03T16:24:43.689000,64:56:9f:e0:30:5f,1,-56
2024-04-03T16:24:43.806000,54:d2:72:64:1b:f4,0,-41
2024-04-03T16:24:43.918000,57:82:d7:91:26:d1,1,-84
2024-04-03T16:24:43.962000,48:74:a8:63:27:0e,1,-96
2024-04-03T16:24:44.004000,42:b9:67:f5:20:71,1,-86
2024-04-03T16:24:44.206000,57:82:d7:91:26:d1,1,-87
2024-04-03T16:24:44.260000,64:56:9f:e0:30:5f,1,-56
2024-04-03T16:24:44.289000,42:b9:67:f5:20:71,1,-84
2024-04-03T16:24:44.459000,cb:94:54:ed:5d:28,1,-92
2024-04-03T16:24:44.488000,57:82:d7:91:26:d1,1,-82
2024-04-03T16:24:44.544000,64:56:9f:e0:30:5f,1,-59
2024-04-03T16:24:44.575000,42:b9:67:f5:20:71,1,-80
2024-04-03T16:24:44.770000,57:82:d7:91:26:d1,1,-86
2024-04-03T16:24:44.828000,54:d2:72:64:1b:f4,0,-41
2024-04-03T16:24:44.835000,64:56:9f:e0:30:5f,1,-56
2024-04-03T16:24:44.859000,42:b9:67:f5:20:71,1,-84
2024-04-03T16:24:44.867000,e8:d2:ed:ce:49:81,1,-55
2024-04-03T16:24:44.881000,cb:94:54:ed:5d:28,1,-91
2024-04-03T16:24:45.058000,57:82:d7:91:26:d1,1,-83
2024-04-03T16:24:45.114000,64:56:9f:e0:30:5f,1,-58
2024-04-03T16:24:45.191000,dc:23:4f:a9:9a:46,0,-86
2024-04-03T16:24:45.301000,cb:94:54:ed:5d:28,1,-92
2024-04-03T16:24:45.346000,57:82:d7:91:26:d1,1,-89
2024-04-03T16:24:45.400000,64:56:9f:e0:30:5f,1,-56
2024-04-03T16:24:45.424000,42:b9:67:f5:20:71,1,-85
2024-04-03T16:24:45.661000,57:82:d7:91:26:d1,1,-82
2024-04-03T16:24:45.685000,64:56:9f:e0:30:5f,1,-59
2024-04-03T16:24:45.708000,42:b9:67:f5:20:71,1,-86
2024-04-03T16:24:45.720000,cb:94:54:ed:5d:28,1,-92
2024-04-03T16:24:45.855000,54:d2:72:64:1b:f4,0,-48
2024-04-03T16:24:45.887000,a4:c1:38:e0:67:ae,0,-65
2024-04-03T16:24:45.925000,57:82:d7:91:26:d1,1,-84
2024-04-03T16:24:45.972000,64:56:9f:e0:30:5f,1,-55
2024-04-03T16:24:45.975000,64:56:9f:e0:30:5f,1,-56
2024-04-03T16:24:46.148000,cb:94:54:ed:5d:28,1,-87
2024-04-03T16:24:46.216000,57:82:d7:91:26:d1,1,-90
2024-04-03T16:24:46.254000,64:56:9f:e0:30:5f,1,-59
2024-04-03T16:24:46.277000,42:b9:67:f5:20:71,1,-82
2024-04-03T16:24:46.504000,57:82:d7:91:26:d1,1,-86
2024-04-03T16:24:46.547000,64:56:9f:e0:30:5f,1,-56
2024-04-03T16:24:46.560000,42:b9:67:f5:20:71,1,-79
2024-04-03T16:24:46.572000,cb:94:54:ed:5d:28,1,-88
2024-04-03T16:24:46.669000,74:16:e3:7c:c5:43,1,-92
2024-04-03T16:24:46.787000,57:82:d7:91:26:d1,1,-91
2024-04-03T16:24:46.824000,64:56:9f:e0:30:5f,1,-58
2024-04-03T16:24:46.847000,42:b9:67:f5:20:71,1,-81
2024-04-03T16:24:47.071000,57:82:d7:91:26:d1,1,-83
2024-04-03T16:24:47.108000,64:56:9f:e0:30:5f,1,-56
2024-04-03T16:24:47.126000,42:b9:67:f5:20:71,1,-81
2024-04-03T16:24:47.150000,55:07:75:be:a2:ef,1,-98
2024-04-03T16:24:47.198000,dc:23:4f:a9:9a:46,0,-85
2024-04-03T16:24:47.331000,55:07:75:be:a2:ef,1,-99
2024-04-03T16:24:47.356000,57:82:d7:91:26:d1,1,-91
2024-04-03T16:24:47.371000,e8:d2:ed:ce:49:81,1,-54
2024-04-03T16:24:47.399000,64:56:9f:e0:30:5f,1,-59
2024-04-03T16:24:47.412000,42:b9:67:f5:20:71,1,-86
2024-04-03T16:24:47.416000,cb:94:54:ed:5d:28,1,-81
2024-04-03T16:24:47.512000,55:07:75:be:a2:ef,1,-99
2024-04-03T16:24:47.638000,57:82:d7:91:26:d1,1,-83
2024-04-03T16:24:47.680000,64:56:9f:e0:30:5f,1,-56
2024-04-03T16:24:47.695000,42:b9:67:f5:20:71,1,-84
2024-04-03T16:24:47.835000,cb:94:54:ed:5d:28,1,-81
2024-04-03T16:24:47.854000,54:d2:72:64:1b:f4,0,-41
2024-04-03T16:24:47.928000,57:82:d7:91:26:d1,1,-91
2024-04-03T16:24:47.969000,64:56:9f:e0:30:5f,1,-58
2024-04-03T16:24:47.979000,42:b9:67:f5:20:71,1,-83
2024-04-03T16:24:48.162000,a4:c1:38:e0:67:ae,0,-67
2024-04-03T16:24:48.200000,dc:23:4f:a9:9a:46,0,-89
2024-04-03T16:24:48.214000,57:82:d7:91:26:d1,1,-86
2024-04-03T16:24:48.240000,55:07:75:be:a2:ef,1,-95
2024-04-03T16:24:48.254000,cb:94:54:ed:5d:28,1,-81
2024-04-03T16:24:48.545000,42:b9:67:f5:20:71,1,-86
2024-04-03T16:24:48.552000,57:82:d7:91:26:d1,1,-87
2024-04-03T16:24:48.560000,64:56:9f:e0:30:5f,1,-55
2024-04-03T16:24:48.568000,64:56:9f:e0:30:5f,1,-56
2024-04-03T16:24:48.675000,cb:94:54:ed:5d:28,1,-82
2024-04-03T16:24:48.787000,57:82:d7:91:26:d1,1,-87
2024-04-03T16:24:48.827000,42:b9:67:f5:20:71,1,-97
2024-04-03T16:24:48.837000,64:56:9f:e0:30:5f,1,-57
2024-04-03T16:24:48.884000,54:d2:72:64:1b:f4,0,-45
2024-04-03T16:24:49.097000,cb:94:54:ed:5d:28,1,-81
2024-04-03T16:24:49.109000,42:b9:67:f5:20:71,1,-83
2024-04-03T16:24:49.125000,64:56:9f:e0:30:5f,1,-55
2024-04-03T16:24:49.204000,dc:23:4f:a9:9a:46,0,-85
2024-04-03T16:24:49.346000,55:07:75:be:a2:ef,1,-96
2024-04-03T16:24:49.362000,57:82:d7:91:26:d1,1,-86
2024-04-03T16:24:49.409000,64:56:9f:e0:30:5f,1,-58
2024-04-03T16:24:49.495000,4c:23:ee:0f:a1:20,1,-95
2024-04-03T16:24:49.521000,cb:94:54:ed:5d:28,1,-82
2024-04-03T16:24:49.650000,57:82:d7:91:26:d1,1,-83
2024-04-03T16:24:49.675000,42:b9:67:f5:20:71,1,-86
2024-04-03T16:24:49.697000,64:56:9f:e0:30:5f,1,-58
2024-04-03T16:24:49.714000,55:07:75:be:a2:ef,1,-96
2024-04-03T16:24:49.875000,e8:d2:ed:ce:49:81,1,-55
2024-04-03T16:24:49.909000,54:d2:72:64:1b:f4,0,-47
2024-04-03T16:24:49.957000,42:b9:67:f5:20:71,1,-89
2024-04-03T16:24:49.979000,64:56:9f:e0:30:5f,1,-58
2024-04-03T16:24:50.211000,dc:23:4f:a9:9a:46,0,-87
2024-04-03T16:24:50.232000,57:82:d7:91:26:d1,1,-84
2024-04-03T16:24:50.238000,42:b9:67:f5:20:71,1,-95
2024-04-03T16:24:50.269000,64:56:9f:e0:30:5f,1,-55
2024-04-03T16:24:50.321000,a4:c1:38:e0:67:ae,0,-64
2024-04-03T16:24:50.364000,cb:94:54:ed:5d:28,1,-92
2024-04-03T16:24:50.446000,55:07:75:be:a2:ef,1,-96
2024-04-03T16:24:50.497000,57:82:d7:91:26:d1,1,-86
2024-04-03T16:24:50.519000,42:b9:67:f5:20:71,1,-89
2024-04-03T16:24:50.550000,64:56:9f:e0:30:5f,1,-54
2024-04-03T16:24:50.626000,55:07:75:be:a2:ef,1,-95
2024-04-03T16:24:50.802000,42:b9:67:f5:20:71,1,-91
2024-04-03T16:24:50.811000,57:82:d7:91:26:d1,1,-94
2024-04-03T16:24:50.835000,64:56:9f:e0:30:5f,1,-58
2024-04-03T16:24:50.872000,54:d2:72:64:1b:f4,0,-45
2024-04-03T16:24:50.987000,55:07:75:be:a2:ef,1,-102
2024-04-03T16:24:51.106000,57:82:d7:91:26:d1,1,-93
2024-04-03T16:24:51.119000,64:56:9f:e0:30:5f,1,-56
2024-04-03T16:24:51.208000,cb:94:54:ed:5d:28,1,-92
2024-04-03T16:24:51.217000,dc:23:4f:a9:9a:46,0,-86
2024-04-03T16:24:51.359000,57:82:d7:91:26:d1,1,-85
2024-04-03T16:24:51.408000,64:56:9f:e0:30:5f,1,-57
2024-04-03T16:24:51.452000,54:d2:72:64:1b:f4,0,-39
2024-04-03T16:24:51.635000,cb:94:54:ed:5d:28,1,-93
2024-04-03T16:24:51.647000,57:82:d7:91:26:d1,1,-95
2024-04-03T16:24:51.651000,42:b9:67:f5:20:71,1,-92
2024-04-03T16:24:51.698000,64:56:9f:e0:30:5f,1,-54
2024-04-03T16:24:51.934000,57:82:d7:91:26:d1,1,-87
2024-04-03T16:24:52.056000,cb:94:54:ed:5d:28,1,-87
2024-04-03T16:24:52.217000,42:b9:67:f5:20:71,1,-96
2024-04-03T16:24:52.221000,57:82:d7:91:26:d1,1,-95
2024-04-03T16:24:52.274000,64:56:9f:e0:30:5f,1,-57
2024-04-03T16:24:52.375000,e8:d2:ed:ce:49:81,1,-55
2024-04-03T16:24:52.468000,a4:c1:38:e0:67:ae,0,-60
2024-04-03T16:24:52.477000,54:d2:72:64:1b:f4,0,-41
2024-04-03T16:24:52.486000,cb:94:54:ed:5d:28,1,-92
2024-04-03T16:24:52.501000,42:b9:67:f5:20:71,1,-79
2024-04-03T16:24:52.510000,57:82:d7:91:26:d1,1,-85
2024-04-03T16:24:52.564000,64:56:9f:e0:30:5f,1,-56
2024-04-03T16:24:52.789000,42:b9:67:f5:20:71,1,-74
2024-04-03T16:24:52.799000,57:82:d7:91:26:d1,1,-83
2024-04-03T16:24:52.820000,55:07:75:be:a2:ef,1,-102
2024-04-03T16:24:52.848000,64:56:9f:e0:30:5f,1,-56
2024-04-03T16:24:52.899000,cb:94:54:ed:5d:28,1,-91
2024-04-03T16:24:52.971000,7e:95:ad:f1:52:e7,1,-90
2024-04-03T16:24:52.989000,4c:23:ee:0f:a1:20,1,-91
2024-04-03T16:24:53.008000,db:f1:22:76:5e:d5,1,-87
2024-04-03T16:24:53.030000,74:16:e3:7c:c5:43,1,-98
2024-04-03T16:24:53.071000,42:b9:67:f5:20:71,1,-80
2024-04-03T16:24:53.132000,64:56:9f:e0:30:5f,1,-59
2024-04-03T16:24:53.220000,dc:23:4f:a9:9a:46,0,-85
2024-04-03T16:24:53.241000,7e:95:ad:f1:52:e7,1,-97
2024-04-03T16:24:53.326000,cb:94:54:ed:5d:28,1,-82
2024-04-03T16:24:53.356000,42:b9:67:f5:20:71,1,-80
2024-04-03T16:24:53.372000,57:82:d7:91:26:d1,1,-85
2024-04-03T16:24:53.502000,54:d2:72:64:1b:f4,0,-42
2024-04-03T16:24:53.638000,42:b9:67:f5:20:71,1,-79
2024-04-03T16:24:53.665000,57:82:d7:91:26:d1,1,-86
2024-04-03T16:24:53.709000,64:56:9f:e0:30:5f,1,-55
2024-04-03T16:24:53.744000,cb:94:54:ed:5d:28,1,-82
2024-04-03T16:24:53.921000,42:b9:67:f5:20:71,1,-88
2024-04-03T16:24:53.944000,57:82:d7:91:26:d1,1,-88
2024-04-03T16:24:54.166000,cb:94:54:ed:5d:28,1,-83
2024-04-03T16:24:54.227000,57:82:d7:91:26:d1,1,-91
2024-04-03T16:24:54.235000,dc:23:4f:a9:9a:46,0,-87
2024-04-03T16:24:54.277000,64:56:9f:e0:30:5f,1,-56
2024-04-03T16:24:54.345000,7e:95:ad:f1:52:e7,1,-96
2024-04-03T16:24:54.484000,42:b9:67:f5:20:71,1,-95
2024-04-03T16:24:54.510000,57:82:d7:91:26:d1,1,-83
2024-04-03T16:24:54.528000,54:d2:72:64:1b:f4,0,-48
2024-04-03T16:24:54.582000,cb:94:54:ed:5d:28,1,-90
2024-04-03T16:24:54.621000,7e:95:ad:f1:52:e7,1,-91
2024-04-03T16:24:54.771000,42:b9:67:f5:20:71,1,-88
2024-04-03T16:24:54.801000,57:82:d7:91:26:d1,1,-92
2024-04-03T16:24:54.851000,64:56:9f:e0:30:5f,1,-56
2024-04-03T16:24:54.880000,e8:d2:ed:ce:49:81,1,-53
2024-04-03T16:24:55.000000,cb:94:54:ed:5d:28,1,-89
2024-04-03T16:24:55.087000,57:82:d7:91:26:d1,1,-86
2024-04-03T16:24:55.166000,7e:95:ad:f1:52:e7,1,-95
2024-04-03T16:24:55.230000,dc:23:4f:a9:9a:46,0,-85
2024-04-03T16:24:55.337000,42:b9:67:f5:20:71,1,-93
2024-04-03T16:24:55.415000,64:56:9f:e0:30:5f,1,-56
2024-04-03T16:24:55.428000,cb:94:54:ed:5d:28,1,-81
2024-04-03T16:24:55.499000,54:d2:72:64:1b:f4,0,-39
2024-04-03T16:24:55.558000,55:07:75:be:a2:ef,1,-94
2024-04-03T16:24:55.620000,42:b9:67:f5:20:71,1,-80
2024-04-03T16:24:55.662000,57:82:d7:91:26:d1,1,-88
2024-04-03T16:24:55.745000,55:07:75:be:a2:ef,1,-95
2024-04-03T16:24:55.847000,cb:94:54:ed:5d:28,1,-79
2024-04-03T16:24:55.906000,42:b9:67:f5:20:71,1,-85
2024-04-03T16:24:55.925000,55:07:75:be:a2:ef,1,-94
2024-04-03T16:24:55.949000,57:82:d7:91:26:d1,1,-86
2024-04-03T16:24:55.980000,7e:95:ad:f1:52:e7,1,-93
2024-04-03T16:24:55.989000,64:56:9f:e0:30:5f,1,-56
2024-04-03T16:24:56.106000,55:07:75:be:a2:ef,1,-94
2024-04-03T16:24:56.185000,42:b9:67:f5:20:71,1,-81
2024-04-03T16:24:56.236000,57:82:d7:91:26:d1,1,-98
2024-04-03T16:24:56.242000,dc:23:4f:a9:9a:46,0,-86
2024-04-03T16:24:56.267000,cb:94:54:ed:5d:28,1,-79
2024-04-03T16:24:56.277000,64:56:9f:e0:30:5f,1,-59
2024-04-03T16:24:56.287000,55:07:75:be:a2:ef,1,-94
2024-04-03T16:24:56.472000,42:b9:67:f5:20:71,1,-85
2024-04-03T16:24:56.482000,6e:0b:6c:7a:23:17,1,-100
2024-04-03T16:24:56.520000,57:82:d7:91:26:d1,1,-85
2024-04-03T16:24:56.530000,54:d2:72:64:1b:f4,0,-41
2024-04-03T16:24:56.539000,7e:95:ad:f1:52:e7,1,-94
2024-04-03T16:24:56.567000,64:56:9f:e0:30:5f,1,-58
2024-04-03T16:24:56.690000,cb:94:54:ed:5d:28,1,-80
2024-04-03T16:24:56.812000,7e:95:ad:f1:52:e7,1,-92
2024-04-03T16:24:56.854000,64:56:9f:e0:30:5f,1,-55
2024-04-03T16:24:57.003000,4c:23:ee:0f:a1:20,1,-89
2024-04-03T16:24:57.037000,42:b9:67:f5:20:71,1,-87
2024-04-03T16:24:57.082000,7e:95:ad:f1:52:e7,1,-96
2024-04-03T16:24:57.091000,57:82:d7:91:26:d1,1,-86
2024-04-03T16:24:57.115000,cb:94:54:ed:5d:28,1,-86
2024-04-03T16:24:57.179000,a4:c1:38:e0:67:ae,0,-61
2024-04-03T16:24:57.243000,dc:23:4f:a9:9a:46,0,-87
2024-04-03T16:24:57.256000,dc:23:4f:a9:9a:46,0,-83
2024-04-03T16:24:57.319000,42:b9:67:f5:20:71,1,-81
2024-04-03T16:24:57.387000,e8:d2:ed:ce:49:81,1,-55
2024-04-03T16:24:57.432000,64:56:9f:e0:30:5f,1,-55
2024-04-03T16:24:57.535000,cb:94:54:ed:5d:28,1,-94
2024-04-03T16:24:57.560000,54:d2:72:64:1b:f4,0,-48
2024-04-03T16:24:57.601000,42:b9:67:f5:20:71,1,-79
2024-04-03T16:24:57.638000,7e:95:ad:f1:52:e7,1,-92
2024-04-03T16:24:57.717000,64:56:9f:e0:30:5f,1,-59
2024-04-03T16:24:57.758000,55:07:75:be:a2:ef,1,-95
2024-04-03T16:24:57.885000,42:b9:67:f5:20:71,1,-77
2024-04-03T16:24:57.911000,7e:95:ad:f1:52:e7,1,-90
2024-04-03T16:24:58.008000,64:56:9f:e0:30:5f,1,-58
2024-04-03T16:24:58.225000,57:82:d7:91:26:d1,1,-85
2024-04-03T16:24:58.248000,dc:23:4f:a9:9a:46,0,-89
2024-04-03T16:24:58.288000,64:56:9f:e0:30:5f,1,-60
2024-04-03T16:24:58.375000,cb:94:54:ed:5d:28,1,-96
2024-04-03T16:24:58.452000,42:b9:67:f5:20:71,1,-89
2024-04-03T16:24:58.512000,57:82:d7:91:26:d1,1,-85
2024-04-03T16:24:58.582000,64:56:9f:e0:30:5f,1,-58
2024-04-03T16:24:58.586000,54:d2:72:64:1b:f4,0,-39
2024-04-03T16:24:58.799000,57:82:d7:91:26:d1,1,-87
2024-04-03T16:24:58.804000,cb:94:54:ed:5d:28,1,-86
2024-04-03T16:24:59.009000,4c:23:ee:0f:a1:20,1,-89
2024-04-03T16:24:59.016000,7e:95:ad:f1:52:e7,1,-89
2024-04-03T16:24:59.025000,42:b9:67:f5:20:71,1,-86
2024-04-03T16:24:59.080000,57:82:d7:91:26:d1,1,-87
2024-04-03T16:24:59.148000,64:56:9f:e0:30:5f,1,-57
2024-04-03T16:24:59.230000,55:07:75:be:a2:ef,1,-95
2024-04-03T16:24:59.245000,dc:23:4f:a9:9a:46,0,-81
2024-04-03T16:24:59.266000,a4:c1:38:e0:67:ae,0,-63
2024-04-03T16:24:59.305000,42:b9:67:f5:20:71,1,-88
2024-04-03T16:24:59.410000,55:07:75:be:a2:ef,1,-95
2024-04-03T16:24:59.430000,64:56:9f:e0:30:5f,1,-58
2024-04-03T16:24:59.547000,54:d2:72:64:1b:f4,0,-39
2024-04-03T16:24:59.571000,7e:95:ad:f1:52:e7,1,-94
2024-04-03T16:24:59.588000,42:b9:67:f5:20:71,1,-80
2024-04-03T16:24:59.650000,cb:94:54:ed:5d:28,1,-88
2024-04-03T16:24:59.841000,7e:95:ad:f1:52:e7,1,-93
2024-04-03T16:24:59.872000,42:b9:67:f5:20:71,1,-83
2024-04-03T16:24:59.889000,e8:d2:ed:ce:49:81,1,-54
2024-04-03T16:24:59.942000,57:82:d7:91:26:d1,1,-85
2024-04-03T16:25:00.007000,64:56:9f:e0:30:5f,1,-56
2024-04-03T16:25:00.078000,cb:94:54:ed:5d:28,1,-81
2024-04-03T16:25:00.151000,42:b9:67:f5:20:71,1,-96
2024-04-03T16:25:00.232000,57:82:d7:91:26:d1,1,-100
2024-04-03T16:25:00.249000,dc:23:4f:a9:9a:46,0,-87
2024-04-03T16:25:00.290000,64:56:9f:e0:30:5f,1,-57
2024-04-03T16:25:00.501000,cb:94:54:ed:5d:28,1,-80
2024-04-03T16:25:00.519000,57:82:d7:91:26:d1,1,-87
2024-04-03T16:25:00.572000,64:56:9f:e0:30:5f,1,-60
2024-04-03T16:25:00.579000,54:d2:72:64:1b:f4,0,-41
2024-04-03T16:25:00.695000,55:07:75:be:a2:ef,1,-95
2024-04-03T16:25:00.715000,42:b9:67:f5:20:71,1,-81
2024-04-03T16:25:00.808000,57:82:d7:91:26:d1,1,-85
2024-04-03T16:25:00.860000,64:56:9f:e0:30:5f,1,-57
2024-04-03T16:25:00.877000,55:07:75:be:a2:ef,1,-95
2024-04-03T16:25:00.998000,42:b9:67:f5:20:71,1,-89
2024-04-03T16:25:01.020000,db:f1:22:76:5e:d5,1,-88
2024-04-03T16:25:01.090000,57:82:d7:91:26:d1,1,-87
2024-04-03T16:25:01.153000,64:56:9f:e0:30:5f,1,-54
2024-04-03T16:25:01.160000,64:56:9f:e0:30:5f,1,-57
2024-04-03T16:25:01.219000,7e:95:ad:f1:52:e7,1,-88
2024-04-03T16:25:01.426000,55:07:75:be:a2:ef,1,-100
2024-04-03T16:25:01.497000,7e:95:ad:f1:52:e7,1,-92
2024-04-03T16:25:01.541000,a4:c1:38:e0:67:ae,0,-65
2024-04-03T16:25:01.565000,42:b9:67:f5:20:71,1,-93
2024-04-03T16:25:01.609000,54:d2:72:64:1b:f4,0,-48
2024-04-03T16:25:01.663000,57:82:d7:91:26:d1,1,-90
2024-04-03T16:25:01.727000,64:56:9f:e0:30:5f,1,-58
2024-04-03T16:25:01.768000,7e:95:ad:f1:52:e7,1,-93
2024-04-03T16:25:01.849000,42:b9:67:f5:20:71,1,-91
2024-04-03T16:25:01.949000,57:82:d7:91:26:d1,1,-86
2024-04-03T16:25:02.009000,64:56:9f:e0:30:5f,1,-61
2024-04-03T16:25:02.038000,7e:95:ad:f1:52:e7,1,-88
2024-04-03T16:25:02.131000,42:b9:67:f5:20:71,1,-90
2024-04-03T16:25:02.155000,55:07:75:be:a2:ef,1,-97
2024-04-03T16:25:02.232000,57:82:d7:91:26:d1,1,-88
2024-04-03T16:25:02.258000,dc:23:4f:a9:9a:46,0,-86
2024-04-03T16:25:02.300000,64:56:9f:e0:30:5f,1,-58
2024-04-03T16:25:02.392000,e8:d2:ed:ce:49:81,1,-56
2024-04-03T16:25:02.418000,42:b9:67:f5:20:71,1,-92
2024-04-03T16:25:02.521000,57:82:d7:91:26:d1,1,-86
2024-04-03T16:25:02.580000,64:56:9f:e0:30:5f,1,-60
2024-04-03T16:25:02.635000,54:d2:72:64:1b:f4,0,-39
2024-04-03T16:25:02.699000,42:b9:67:f5:20:71,1,-89
2024-04-03T16:25:02.867000,7e:95:ad:f1:52:e7,1,-89
2024-04-03T16:25:02.885000,64:56:9f:e0:30:5f,1,-57
2024-04-03T16:25:03.017000,4c:23:ee:0f:a1:20,1,-89
2024-04-03T16:25:03.030000,db:f1:22:76:5e:d5,1,-91
2024-04-03T16:25:03.042000,cb:94:54:ed:5d:28,1,-88
2024-04-03T16:25:03.100000,57:82:d7:91:26:d1,1,-90
2024-04-03T16:25:03.138000,7e:95:ad:f1:52:e7,1,-92
2024-04-03T16:25:03.151000,64:56:9f:e0:30:5f,1,-60
2024-04-03T16:25:03.390000,57:82:d7:91:26:d1,1,-86
2024-04-03T16:25:03.410000,7e:95:ad:f1:52:e7,1,-92
2024-04-03T16:25:03.438000,64:56:9f:e0:30:5f,1,-57
2024-04-03T16:25:03.458000,cb:94:54:ed:5d:28,1,-90
2024-04-03T16:25:03.551000,42:b9:67:f5:20:71,1,-89
2024-04-03T16:25:03.596000,54:d2:72:64:1b:f4,0,-39
2024-04-03T16:25:03.676000,57:82:d7:91:26:d1,1,-90
2024-04-03T16:25:03.686000,7e:95:ad:f1:52:e7,1,-85
2024-04-03T16:25:03.723000,64:56:9f:e0:30:5f,1,-59
2024-04-03T16:25:03.727000,64:56:9f:e0:30:5f,1,-55
2024-04-03T16:25:03.800000,55:07:75:be:a2:ef,1,-98
2024-04-03T16:25:03.831000,42:b9:67:f5:20:71,1,-91
2024-04-03T16:25:03.886000,cb:94:54:ed:5d:28,1,-82
2024-04-03T16:25:03.935000,a4:c1:38:e0:67:ae,0,-65
2024-04-03T16:25:03.956000,7e:95:ad:f1:52:e7,1,-93
2024-04-03T16:25:03.980000,55:07:75:be:a2:ef,1,-103
2024-04-03T16:25:04.010000,64:56:9f:e0:30:5f,1,-57
2024-04-03T16:25:04.117000,42:b9:67:f5:20:71,1,-101
2024-04-03T16:25:04.246000,57:82:d7:91:26:d1,1,-91
2024-04-03T16:25:04.273000,dc:23:4f:a9:9a:46,0,-85
2024-04-03T16:25:04.287000,dc:23:4f:a9:9a:46,0,-87
2024-04-03T16:25:04.299000,64:56:9f:e0:30:5f,1,-57
2024-04-03T16:25:04.312000,cb:94:54:ed:5d:28,1,-81
2024-04-03T16:25:04.401000,42:b9:67:f5:20:71,1,-97
2024-04-03T16:25:04.513000,7e:95:ad:f1:52:e7,1,-94
2024-04-03T16:25:04.530000,57:82:d7:91:26:d1,1,-85
2024-04-03T16:25:04.579000,64:56:9f:e0:30:5f,1,-57
2024-04-03T16:25:04.621000,54:d2:72:64:1b:f4,0,-39
2024-04-03T16:25:04.732000,cb:94:54:ed:5d:28,1,-84
2024-04-03T16:25:04.791000,7e:95:ad:f1:52:e7,1,-92
2024-04-03T16:25:04.813000,57:82:d7:91:26:d1,1,-93
2024-04-03T16:25:04.868000,64:56:9f:e0:30:5f,1,-56
2024-04-03T16:25:04.898000,e8:d2:ed:ce:49:81,1,-54
2024-04-03T16:25:04.969000,42:b9:67:f5:20:71,1,-83
2024-04-03T16:25:05.017000,4c:23:ee:0f:a1:20,1,-91
2024-04-03T16:25:05.036000,db:f1:22:76:5e:d5,1,-89
2024-04-03T16:25:05.062000,7e:95:ad:f1:52:e7,1,-95
2024-04-03T16:25:05.095000,57:82:d7:91:26:d1,1,-87
2024-04-03T16:25:05.152000,cb:94:54:ed:5d:28,1,-82
2024-04-03T16:25:05.251000,42:b9:67:f5:20:71,1,-83
2024-04-03T16:25:05.379000,57:82:d7:91:26:d1,1,-95
2024-04-03T16:25:05.438000,64:56:9f:e0:30:5f,1,-57
2024-04-03T16:25:05.539000,42:b9:67:f5:20:71,1,-79
2024-04-03T16:25:05.655000,54:d2:72:64:1b:f4,0,-48
2024-04-03T16:25:05.663000,57:82:d7:91:26:d1,1,-88
2024-04-03T16:25:05.723000,64:56:9f:e0:30:5f,1,-57
2024-04-03T16:25:05.805000,55:07:75:be:a2:ef,1,-98
2024-04-03T16:25:05.821000,42:b9:67:f5:20:71,1,-83
2024-04-03T16:25:05.881000,7e:95:ad:f1:52:e7,1,-96
2024-04-03T16:25:05.950000,57:82:d7:91:26:d1,1,-89
2024-04-03T16:25:05.986000,55:07:75:be:a2:ef,1,-95
2024-04-03T16:25:05.999000,cb:94:54:ed:5d:28,1,-90
2024-04-03T16:25:06.010000,64:56:9f:e0:30:5f,1,-57
2024-04-03T16:25:06.104000,42:b9:67:f5:20:71,1,-82
2024-04-03T16:25:06.168000,55:07:75:be:a2:ef,1,-97
2024-04-03T16:25:06.205000,a4:c1:38:e0:67:ae,0,-60
2024-04-03T16:25:06.239000,57:82:d7:91:26:d1,1,-89
2024-04-03T16:25:06.273000,dc:23:4f:a9:9a:46,0,-85
2024-04-03T16:25:06.298000,64:56:9f:e0:30:5f,1,-58
2024-04-03T16:25:06.389000,42:b9:67:f5:20:71,1,-83
2024-04-03T16:25:06.526000,57:82:d7:91:26:d1,1,-88
2024-04-03T16:25:06.588000,64:56:9f:e0:30:5f,1,-58
2024-04-03T16:25:06.671000,42:b9:67:f5:20:71,1,-94
2024-04-03T16:25:06.681000,54:d2:72:64:1b:f4,0,-49
2024-04-03T16:25:06.703000,7e:95:ad:f1:52:e7,1,-89
2024-04-03T16:25:06.812000,57:82:d7:91:26:d1,1,-85
2024-04-03T16:25:06.845000,cb:94:54:ed:5d:28,1,-89
2024-04-03T16:25:06.875000,64:56:9f:e0:30:5f,1,-57
2024-04-03T16:25:06.980000,7e:95:ad:f1:52:e7,1,-95
2024-04-03T16:25:07.021000,4c:23:ee:0f:a1:20,1,-88
2024-04-03T16:25:07.096000,57:82:d7:91:26:d1,1,-92
2024-04-03T16:25:07.235000,42:b9:67:f5:20:71,1,-88
2024-04-03T16:25:07.257000,7e:95:ad:f1:52:e7,1,-92
2024-04-03T16:25:07.271000,cb:94:54:ed:5d:28,1,-86
2024-04-03T16:25:07.377000,57:82:d7:91:26:d1,1,-87
2024-04-03T16:25:07.448000,64:56:9f:e0:30:5f,1,-56
2024-04-03T16:25:07.519000,42:b9:67:f5:20:71,1,-90
2024-04-03T16:25:07.669000,57:82:d7:91:26:d1,1,-92
2024-04-03T16:25:07.692000,cb:94:54:ed:5d:28,1,-84
2024-04-03T16:25:07.800000,42:b9:67:f5:20:71,1,-90
2024-04-03T16:25:07.808000,55:07:75:be:a2:ef,1,-100
2024-04-03T16:25:07.949000,57:82:d7:91:26:d1,1,-87
2024-04-03T16:25:08.018000,64:56:9f:e0:30:5f,1,-56
2024-04-03T16:25:08.075000,4e:21:a2:7c:19:92,1,-93
2024-04-03T16:25:08.084000,42:b9:67:f5:20:71,1,-90
2024-04-03T16:25:08.118000,cb:94:54:ed:5d:28,1,-80
2024-04-03T16:25:08.292000,dc:23:4f:a9:9a:46,0,-82
2024-04-03T16:25:08.360000,55:07:75:be:a2:ef,1,-101
2024-04-03T16:25:08.368000,42:b9:67:f5:20:71,1,-86
2024-04-03T16:25:08.445000,a4:c1:38:e0:67:ae,0,-59
2024-04-03T16:25:08.528000,57:82:d7:91:26:d1,1,-90
2024-04-03T16:25:08.536000,58:04:f9:b3:f4:e0,1,-97
2024-04-03T16:25:08.595000,64:56:9f:e0:30:5f,1,-58
2024-04-03T16:25:08.628000,4e:21:a2:7c:19:92,1,-96
2024-04-03T16:25:08.647000,42:b9:67:f5:20:71,1,-86
2024-04-03T16:25:08.670000,54:d2:72:64:1b:f4,0,-39
2024-04-03T16:25:08.728000,55:07:75:be:a2:ef,1,-94
2024-04-03T16:25:08.751000,74:16:e3:7c:c5:43,1,-98
2024-04-03T16:25:08.816000,57:82:d7:91:26:d1,1,-86
2024-04-03T16:25:08.880000,64:56:9f:e0:30:5f,1,-58
2024-04-03T16:25:08.911000,55:07:75:be:a2:ef,1,-95
2024-04-03T16:25:08.933000,42:b9:67:f5:20:71,1,-90
2024-04-03T16:25:09.027000,4c:23:ee:0f:a1:20,1,-101
2024-04-03T16:25:09.105000,57:82:d7:91:26:d1,1,-95
2024-04-03T16:25:09.169000,64:56:9f:e0:30:5f,1,-57
2024-04-03T16:25:09.213000,42:b9:67:f5:20:71,1,-80
2024-04-03T16:25:09.293000,74:16:e3:7c:c5:43,1,-96
2024-04-03T16:25:09.313000,dc:23:4f:a9:9a:46,0,-83
2024-04-03T16:25:09.382000,cb:94:54:ed:5d:28,1,-81
2024-04-03T16:25:09.415000,57:82:d7:91:26:d1,1,-87
2024-04-03T16:25:09.458000,64:56:9f:e0:30:5f,1,-55
2024-04-03T16:25:09.500000,42:b9:67:f5:20:71,1,-77
2024-04-03T16:25:09.676000,57:82:d7:91:26:d1,1,-94
2024-04-03T16:25:09.698000,54:d2:72:64:1b:f4,0,-41
2024-04-03T16:25:09.747000,64:56:9f:e0:30:5f,1,-59
2024-04-03T16:25:09.780000,42:b9:67:f5:20:71,1,-90
2024-04-03T16:25:09.802000,cb:94:54:ed:5d:28,1,-81
2024-04-03T16:25:09.905000,e8:d2:ed:ce:49:81,1,-54
2024-04-03T16:25:09.960000,57:82:d7:91:26:d1,1,-87
2024-04-03T16:25:10.021000,7e:95:ad:f1:52:e7,1,-84
2024-04-03T16:25:10.033000,64:56:9f:e0:30:5f,1,-55
2024-04-03T16:25:10.066000,42:b9:67:f5:20:71,1,-90
2024-04-03T16:25:10.225000,cb:94:54:ed:5d:28,1,-97
2024-04-03T16:25:10.251000,57:82:d7:91:26:d1,1,-99
2024-04-03T16:25:10.300000,7e:95:ad:f1:52:e7,1,-96
2024-04-03T16:25:10.309000,dc:23:4f:a9:9a:46,0,-86
2024-04-03T16:25:10.330000,64:56:9f:e0:30:5f,1,-59
2024-04-03T16:25:10.348000,42:b9:67:f5:20:71,1,-87
2024-04-03T16:25:10.370000,55:07:75:be:a2:ef,1,-93
2024-04-03T16:25:10.535000,57:82:d7:91:26:d1,1,-88
2024-04-03T16:25:10.550000,55:07:75:be:a2:ef,1,-94
2024-04-03T16:25:10.572000,7e:95:ad:f1:52:e7,1,-91
2024-04-03T16:25:10.603000,64:56:9f:e0:30:5f,1,-55
2024-04-03T16:25:10.650000,cb:94:54:ed:5d:28,1,-89
2024-04-03T16:25:10.723000,54:d2:72:64:1b:f4,0,-41
2024-04-03T16:25:10.733000,a4:c1:38:e0:67:ae,0,-65
2024-04-03T16:25:10.852000,7e:95:ad:f1:52:e7,1,-92
2024-04-03T16:25:10.917000,42:b9:67:f5:20:71,1,-89
2024-04-03T16:25:11.059000,db:f1:22:76:5e:d5,1,-90
2024-04-03T16:25:11.071000,cb:94:54:ed:5d:28,1,-90
2024-04-03T16:25:11.105000,57:82:d7:91:26:d1,1,-88
2024-04-03T16:25:11.172000,64:56:9f:e0:30:5f,1,-56
2024-04-03T16:25:11.310000,dc:23:4f:a9:9a:46,0,-85
2024-04-03T16:25:11.396000,7e:95:ad:f1:52:e7,1,-88
2024-04-03T16:25:11.457000,64:56:9f:e0:30:5f,1,-58
2024-04-03T16:25:11.675000,7e:95:ad:f1:52:e7,1,-94
2024-04-03T16:25:08.728000,55:07:75:be:a2:ef,1,-94
