2024-04-03T15:46:35.331000,c3:2b:c4:14:aa:fb,1,-92
2024-04-03T15:46:35.637000,7e:61:87:b8:e6:fe,1,-101
2024-04-03T15:46:35.646000,52:09:dd:97:d7:2e,1,-88
2024-04-03T15:46:35.653000,4f:e6:aa:44:d2:39,1,-50
2024-04-03T15:46:35.657000,1a:69:1c:14:f9:a0,1,-67
2024-04-03T15:46:35.662000,6f:0e:25:55:61:95,1,-87
2024-04-03T15:46:35.665000,5a:a4:cf:55:c2:8f,1,-90
2024-04-03T15:46:35.676000,44:d4:e2:76:77:52,1,-85
2024-04-03T15:46:35.679000,54:d2:72:64:1b:f4,0,-40
2024-04-03T15:46:35.686000,1a:69:1c:14:f9:a0,1,-69
2024-04-03T15:46:35.691000,1a:69:1c:14:f9:a0,1,-63
2024-04-03T15:46:35.695000,7e:61:87:b8:e6:fe,1,-99
2024-04-03T15:46:35.704000,4f:e6:aa:44:d2:39,1,-48
2024-04-03T15:46:35.708000,5a:a4:cf:55:c2:8f,1,-89
2024-04-03T15:46:35.718000,1a:69:1c:14:f9:a0,1,-67
2024-04-03T15:46:35.726000,e8:d2:ed:ce:49:81,1,-56
2024-04-03T15:46:35.818000,1a:69:1c:14:f9:a0,1,-70
2024-04-03T15:46:35.828000,a4:c1:38:e0:67:ae,0,-68
2024-04-03T15:46:35.922000,1a:69:1c:14:f9:a0,1,-67
2024-04-03T15:46:35.935000,dc:23:4f:a9:9a:46,0,-83
2024-04-03T15:46:35.947000,cb:94:54:ed:5d:28,1,-89
2024-04-03T15:46:35.968000,4f:e6:aa:44:d2:39,1,-50
2024-04-03T15:46:35.977000,5a:a4:cf:55:c2:8f,1,-89
2024-04-03T15:46:35.994000,6f:0e:25:55:61:95,1,-85
2024-04-03T15:46:36.030000,1a:69:1c:14:f9:a0,1,-68
2024-04-03T15:46:36.034000,1a:69:1c:14:f9:a0,1,-63
2024-04-03T15:46:36.045000,44:d4:e2:76:77:52,1,-90
2024-04-03T15:46:36.133000,1a:69:1c:14:f9:a0,1,-68
2024-04-03T15:46:36.219000,54:d2:72:64:1b:f4,0,-40
2024-04-03T15:46:36.233000,1a:69:1c:14:f9:a0,1,-68
2024-04-03T15:46:36.259000,4f:e6:aa:44:d2:39,1,-51
2024-04-03T15:46:36.275000,6f:0e:25:55:61:95,1,-83
2024-04-03T15:46:36.339000,1a:69:1c:14:f9:a0,1,-63
2024-04-03T15:46:36.366000,cb:94:54:ed:5d:28,1,-88
2024-04-03T15:46:36.445000,1a:69:1c:14:f9:a0,1,-69
2024-04-03T15:46:36.524000,5a:a4:cf:55:c2:8f,1,-98
2024-04-03T15:46:36.546000,4f:e6:aa:44:d2:39,1,-46
2024-04-03T15:46:36.551000,1a:69:1c:14:f9:a0,1,-63
2024-04-03T15:46:36.557000,6f:0e:25:55:61:95,1,-85
2024-04-03T15:46:36.603000,44:d4:e2:76:77:52,1,-86
2024-04-03T15:46:36.645000,54:d2:72:64:1b:f4,0,-44
2024-04-03T15:46:36.759000,1a:69:1c:14:f9:a0,1,-62
2024-04-03T15:46:36.786000,cb:94:54:ed:5d:28,1,-93
2024-04-03T15:46:36.835000,4f:e6:aa:44:d2:39,1,-48
2024-04-03T15:46:36.846000,6f:0e:25:55:61:95,1,-84
2024-04-03T15:46:36.866000,1a:69:1c:14:f9:a0,1,-70
2024-04-03T15:46:36.942000,dc:23:4f:a9:9a:46,0,-86
2024-04-03T15:46:36.978000,1a:69:1c:14:f9:a0,1,-68
2024-04-03T15:46:37.068000,54:d2:72:64:1b:f4,0,-44
2024-04-03T15:46:37.075000,1a:69:1c:14:f9:a0,1,-70
2024-04-03T15:46:37.122000,6f:0e:25:55:61:95,1,-86
2024-04-03T15:46:37.126000,4f:e6:aa:44:d2:39,1,-51
2024-04-03T15:46:37.179000,44:d4:e2:76:77:52,1,-85
2024-04-03T15:46:37.183000,1a:69:1c:14:f9:a0,1,-69
2024-04-03T15:46:37.206000,cb:94:54:ed:5d:28,1,-93
2024-04-03T15:46:37.290000,1a:69:1c:14:f9:a0,1,-69
2024-04-03T15:46:37.294000,1a:69:1c:14:f9:a0,1,-63
2024-04-03T15:46:37.316000,ec:ea:7d:1e:6e:2f,1,-83
2024-04-03T15:46:37.397000,1a:69:1c:14:f9:a0,1,-67
2024-04-03T15:46:37.486000,54:d2:72:64:1b:f4,0,-44
2024-04-03T15:46:37.495000,1a:69:1c:14:f9:a0,1,-70
2024-04-03T15:46:37.599000,1a:69:1c:14:f9:a0,1,-63
2024-04-03T15:46:37.632000,cb:94:54:ed:5d:28,1,-79
2024-04-03T15:46:37.688000,6f:0e:25:55:61:95,1,-83
2024-04-03T15:46:37.694000,4f:e6:aa:44:d2:39,1,-48
2024-04-03T15:46:37.705000,1a:69:1c:14:f9:a0,1,-70
2024-04-03T15:46:37.755000,44:d4:e2:76:77:52,1,-90
2024-04-03T15:46:37.826000,54:d2:72:64:1b:f4,0,-39
2024-04-03T15:46:37.913000,1a:69:1c:14:f9:a0,1,-71
2024-04-03T15:46:37.948000,dc:23:4f:a9:9a:46,0,-83
2024-04-03T15:46:37.979000,4f:e6:aa:44:d2:39,1,-48
2024-04-03T15:46:38.036000,44:d4:e2:76:77:52,1,-98
2024-04-03T15:46:38.057000,cb:94:54:ed:5d:28,1,-78
2024-04-03T15:46:38.075000,a4:c1:38:e0:67:ae,0,-70
2024-04-03T15:46:38.085000,7e:61:87:b8:e6:fe,1,-93
2024-04-03T15:46:38.126000,1a:69:1c:14:f9:a0,1,-69
2024-04-03T15:46:38.232000,e8:d2:ed:ce:49:81,1,-55
2024-04-03T15:46:38.244000,54:d2:72:64:1b:f4,0,-36
2024-04-03T15:46:38.255000,6f:0e:25:55:61:95,1,-83
2024-04-03T15:46:38.265000,4f:e6:aa:44:d2:39,1,-51
2024-04-03T15:46:38.325000,44:d4:e2:76:77:52,1,-90
2024-04-03T15:46:38.343000,1a:69:1c:14:f9:a0,1,-63
2024-04-03T15:46:38.359000,7e:61:87:b8:e6:fe,1,-96
2024-04-03T15:46:38.380000,c3:2b:c4:14:aa:fb,1,-93
2024-04-03T15:46:38.394000,e6:d9:67:12:52:c8,1,-98
2024-04-03T15:46:38.416000,ec:b7:78:df:b4:73,1,-97
2024-04-03T15:46:38.447000,1a:69:1c:14:f9:a0,1,-68
2024-04-03T15:46:38.476000,cb:94:54:ed:5d:28,1,-78
2024-04-03T15:46:38.545000,1a:69:1c:14:f9:a0,1,-71
2024-04-03T15:46:38.550000,4f:e6:aa:44:d2:39,1,-50
2024-04-03T15:46:38.614000,44:d4:e2:76:77:52,1,-86
2024-04-03T15:46:38.645000,1a:69:1c:14:f9:a0,1,-65
2024-04-03T15:46:38.669000,54:d2:72:64:1b:f4,0,-38
2024-04-03T15:46:38.676000,77:84:9b:98:26:fb,1,-97
2024-04-03T15:46:38.753000,1a:69:1c:14:f9:a0,1,-73
2024-04-03T15:46:38.822000,6f:0e:25:55:61:95,1,-83
2024-04-03T15:46:38.834000,61:6d:17:92:4d:a8,1,-96
2024-04-03T15:46:38.859000,1a:69:1c:14:f9:a0,1,-65
2024-04-03T15:46:38.895000,cb:94:54:ed:5d:28,1,-79
2024-04-03T15:46:38.953000,77:84:9b:98:26:fb,1,-93
2024-04-03T15:46:38.964000,dc:23:4f:a9:9a:46,0,-85
2024-04-03T15:46:38.979000,1a:69:1c:14:f9:a0,1,-73
2024-04-03T15:46:39.073000,1a:69:1c:14:f9:a0,1,-58
2024-04-03T15:46:39.093000,54:d2:72:64:1b:f4,0,-40
2024-04-03T15:46:39.115000,4f:e6:aa:44:d2:39,1,-48
2024-04-03T15:46:39.183000,1a:69:1c:14:f9:a0,1,-65
2024-04-03T15:46:39.188000,44:d4:e2:76:77:52,1,-86
2024-04-03T15:46:39.282000,1a:69:1c:14:f9:a0,1,-59
2024-04-03T15:46:39.315000,cb:94:54:ed:5d:28,1,-78
2024-04-03T15:46:39.384000,1a:69:1c:14:f9:a0,1,-71
2024-04-03T15:46:39.394000,6f:0e:25:55:61:95,1,-83
2024-04-03T15:46:39.408000,4f:e6:aa:44:d2:39,1,-51
2024-04-03T15:46:39.489000,1a:69:1c:14:f9:a0,1,-65
2024-04-03T15:46:39.518000,54:d2:72:64:1b:f4,0,-39
2024-04-03T15:46:39.593000,1a:69:1c:14:f9:a0,1,-72
2024-04-03T15:46:39.676000,6f:0e:25:55:61:95,1,-86
2024-04-03T15:46:39.759000,44:d4:e2:76:77:52,1,-86
2024-04-03T15:46:39.796000,1a:69:1c:14:f9:a0,1,-58
2024-04-03T15:46:39.849000,54:d2:72:64:1b:f4,0,-39
2024-04-03T15:46:39.902000,1a:69:1c:14:f9:a0,1,-65
2024-04-03T15:46:39.957000,6f:0e:25:55:61:95,1,-85
2024-04-03T15:46:39.963000,dc:23:4f:a9:9a:46,0,-88
2024-04-03T15:46:40.087000,61:6d:17:92:4d:a8,1,-106
2024-04-03T15:46:40.113000,1a:69:1c:14:f9:a0,1,-65
2024-04-03T15:46:40.158000,cb:94:54:ed:5d:28,1,-79
2024-04-03T15:46:40.206000,a4:c1:38:e0:67:ae,0,-69
2024-04-03T15:46:40.220000,1a:69:1c:14:f9:a0,1,-58
2024-04-03T15:46:40.239000,6f:0e:25:55:61:95,1,-83
2024-04-03T15:46:40.259000,4f:e6:aa:44:d2:39,1,-47
2024-04-03T15:46:40.273000,54:d2:72:64:1b:f4,0,-46
2024-04-03T15:46:40.322000,1a:69:1c:14:f9:a0,1,-65
2024-04-03T15:46:40.331000,44:d4:e2:76:77:52,1,-91
2024-04-03T15:46:40.430000,1a:69:1c:14:f9:a0,1,-58
2024-04-03T15:46:40.522000,6f:0e:25:55:61:95,1,-85
2024-04-03T15:46:40.538000,1a:69:1c:14:f9:a0,1,-65
2024-04-03T15:46:40.550000,4f:e6:aa:44:d2:39,1,-51
2024-04-03T15:46:40.639000,61:6d:17:92:4d:a8,1,-95
2024-04-03T15:46:40.648000,1a:69:1c:14:f9:a0,1,-72
2024-04-03T15:46:40.733000,e8:d2:ed:ce:49:81,1,-54
2024-04-03T15:46:40.749000,1a:69:1c:14:f9:a0,1,-65
2024-04-03T15:46:40.804000,6f:0e:25:55:61:95,1,-83
2024-04-03T15:46:40.819000,61:6d:17:92:4d:a8,1,-96
2024-04-03T15:46:40.830000,4f:e6:aa:44:d2:39,1,-47
2024-04-03T15:46:40.903000,44:d4:e2:76:77:52,1,-90
2024-04-03T15:46:40.950000,1a:69:1c:14:f9:a0,1,-71
2024-04-03T15:46:41.000000,cb:94:54:ed:5d:28,1,-79
2024-04-03T15:46:41.088000,6f:0e:25:55:61:95,1,-85
2024-04-03T15:46:41.111000,4f:e6:aa:44:d2:39,1,-51
2024-04-03T15:46:41.126000,54:d2:72:64:1b:f4,0,-36
2024-04-03T15:46:41.193000,44:d4:e2:76:77:52,1,-86
2024-04-03T15:46:41.258000,1a:69:1c:14:f9:a0,1,-65
2024-04-03T15:46:41.325000,ec:ea:7d:1e:6e:2f,1,-93
2024-04-03T15:46:41.362000,1a:69:1c:14:f9:a0,1,-70
2024-04-03T15:46:41.369000,6f:0e:25:55:61:95,1,-85
2024-04-03T15:46:41.391000,4f:e6:aa:44:d2:39,1,-47
2024-04-03T15:46:41.424000,cb:94:54:ed:5d:28,1,-90
2024-04-03T15:46:41.472000,1a:69:1c:14:f9:a0,1,-58
2024-04-03T15:46:41.547000,54:d2:72:64:1b:f4,0,-36
2024-04-03T15:46:41.656000,6f:0e:25:55:61:95,1,-85
2024-04-03T15:46:41.677000,1a:69:1c:14:f9:a0,1,-65
2024-04-03T15:46:41.685000,4f:e6:aa:44:d2:39,1,-52
2024-04-03T15:46:41.842000,cb:94:54:ed:5d:28,1,-91
2024-04-03T15:46:41.874000,54:d2:72:64:1b:f4,0,-39
2024-04-03T15:46:41.882000,1a:69:1c:14:f9:a0,1,-71
2024-04-03T15:46:41.921000,61:6d:17:92:4d:a8,1,-98
2024-04-03T15:46:41.937000,6f:0e:25:55:61:95,1,-85
2024-04-03T15:46:41.969000,4f:e6:aa:44:d2:39,1,-47
2024-04-03T15:46:41.977000,dc:23:4f:a9:9a:46,0,-86
2024-04-03T15:46:42.050000,44:d4:e2:76:77:52,1,-90
2024-04-03T15:46:42.092000,73:e3:8d:b8:3a:51,1,-96
2024-04-03T15:46:42.100000,1a:69:1c:14:f9:a0,1,-65
2024-04-03T15:46:42.195000,1a:69:1c:14:f9:a0,1,-58
2024-04-03T15:46:42.219000,6f:0e:25:55:61:95,1,-83
2024-04-03T15:46:42.267000,4f:e6:aa:44:d2:39,1,-50
2024-04-03T15:46:42.286000,61:6d:17:92:4d:a8,1,-96
2024-04-03T15:46:42.341000,44:d4:e2:76:77:52,1,-91
2024-04-03T15:46:42.389000,a4:c1:38:e0:67:ae,0,-60
2024-04-03T15:46:42.396000,1a:69:1c:14:f9:a0,1,-64
2024-04-03T15:46:42.500000,1a:69:1c:14:f9:a0,1,-58
2024-04-03T15:46:42.543000,4f:e6:aa:44:d2:39,1,-47
2024-04-03T15:46:42.609000,1a:69:1c:14:f9:a0,1,-64
2024-04-03T15:46:42.614000,1a:69:1c:14:f9:a0,1,-58
2024-04-03T15:46:42.712000,1a:69:1c:14:f9:a0,1,-72
2024-04-03T15:46:42.717000,54:d2:72:64:1b:f4,0,-38
2024-04-03T15:46:42.782000,6f:0e:25:55:61:95,1,-83
2024-04-03T15:46:42.815000,1a:69:1c:14:f9:a0,1,-65
2024-04-03T15:46:42.828000,4f:e6:aa:44:d2:39,1,-52
2024-04-03T15:46:42.933000,44:d4:e2:76:77:52,1,-86
2024-04-03T15:46:42.980000,dc:23:4f:a9:9a:46,0,-85
2024-04-03T15:46:43.027000,1a:69:1c:14:f9:a0,1,-64
2024-04-03T15:46:43.066000,6f:0e:25:55:61:95,1,-84
2024-04-03T15:46:43.114000,4f:e6:aa:44:d2:39,1,-47
2024-04-03T15:46:43.130000,1a:69:1c:14:f9:a0,1,-58
2024-04-03T15:46:43.135000,54:d2:72:64:1b:f4,0,-38
2024-04-03T15:46:43.228000,1a:69:1c:14:f9:a0,1,-71
2024-04-03T15:46:43.237000,e8:d2:ed:ce:49:81,1,-58
2024-04-03T15:46:43.336000,ec:ea:7d:1e:6e:2f,1,-99
2024-04-03T15:46:43.341000,1a:69:1c:14:f9:a0,1,-59
2024-04-03T15:46:43.347000,6f:0e:25:55:61:95,1,-85
2024-04-03T15:46:43.383000,61:6d:17:92:4d:a8,1,-103
2024-04-03T15:46:43.401000,4f:e6:aa:44:d2:39,1,-48
2024-04-03T15:46:43.443000,1a:69:1c:14:f9:a0,1,-65
2024-04-03T15:46:43.486000,44:d4:e2:76:77:52,1,-90
2024-04-03T15:46:43.518000,cb:94:54:ed:5d:28,1,-79
2024-04-03T15:46:43.545000,1a:69:1c:14:f9:a0,1,-58
2024-04-03T15:46:43.555000,54:d2:72:64:1b:f4,0,-36
2024-04-03T15:46:43.628000,6f:0e:25:55:61:95,1,-83
2024-04-03T15:46:43.647000,1a:69:1c:14:f9:a0,1,-71
2024-04-03T15:46:43.688000,4f:e6:aa:44:d2:39,1,-46
2024-04-03T15:46:43.752000,1a:69:1c:14:f9:a0,1,-58
2024-04-03T15:46:43.776000,44:d4:e2:76:77:52,1,-86
2024-04-03T15:46:43.860000,1a:69:1c:14:f9:a0,1,-71
2024-04-03T15:46:43.899000,54:d2:72:64:1b:f4,0,-40
2024-04-03T15:46:43.931000,61:6d:17:92:4d:a8,1,-95
2024-04-03T15:46:43.940000,cb:94:54:ed:5d:28,1,-79
2024-04-03T15:46:43.970000,1a:69:1c:14:f9:a0,1,-59
2024-04-03T15:46:43.982000,dc:23:4f:a9:9a:46,0,-86
2024-04-03T15:46:44.057000,44:d4:e2:76:77:52,1,-90
2024-04-03T15:46:44.073000,1a:69:1c:14:f9:a0,1,-64
2024-04-03T15:46:44.114000,61:6d:17:92:4d:a8,1,-95
2024-04-03T15:46:44.180000,1a:69:1c:14:f9:a0,1,-60
2024-04-03T15:46:44.259000,4f:e6:aa:44:d2:39,1,-47
2024-04-03T15:46:44.287000,1a:69:1c:14:f9:a0,1,-65
2024-04-03T15:46:44.296000,61:6d:17:92:4d:a8,1,-97
2024-04-03T15:46:44.320000,54:d2:72:64:1b:f4,0,-40
2024-04-03T15:46:44.329000,54:d2:72:64:1b:f4,0,-47
2024-04-03T15:46:44.394000,1a:69:1c:14:f9:a0,1,-72
2024-04-03T15:46:44.473000,6f:0e:25:55:61:95,1,-85
2024-04-03T15:46:44.506000,1a:69:1c:14:f9:a0,1,-60
2024-04-03T15:46:44.518000,a4:c1:38:e0:67:ae,0,-61
2024-04-03T15:46:44.605000,1a:69:1c:14:f9:a0,1,-70
2024-04-03T15:46:44.623000,44:d4:e2:76:77:52,1,-90
2024-04-03T15:46:44.700000,7e:61:87:b8:e6:fe,1,-96
2024-04-03T15:46:44.713000,1a:69:1c:14:f9:a0,1,-59
2024-04-03T15:46:44.747000,54:d2:72:64:1b:f4,0,-46
2024-04-03T15:46:44.754000,6f:0e:25:55:61:95,1,-85
2024-04-03T15:46:44.784000,cb:94:54:ed:5d:28,1,-91
2024-04-03T15:46:44.819000,1a:69:1c:14:f9:a0,1,-70
2024-04-03T15:46:44.836000,4f:e6:aa:44:d2:39,1,-52
2024-04-03T15:46:44.985000,dc:23:4f:a9:9a:46,0,-84
2024-04-03T15:46:45.032000,61:6d:17:92:4d:a8,1,-103
2024-04-03T15:46:45.039000,1a:69:1c:14:f9:a0,1,-65
2024-04-03T15:46:45.045000,6f:0e:25:55:61:95,1,-83
2024-04-03T15:46:45.119000,4f:e6:aa:44:d2:39,1,-47
2024-04-03T15:46:45.167000,54:d2:72:64:1b:f4,0,-47
2024-04-03T15:46:45.193000,44:d4:e2:76:77:52,1,-94
2024-04-03T15:46:45.202000,cb:94:54:ed:5d:28,1,-93
2024-04-03T15:46:45.238000,1a:69:1c:14:f9:a0,1,-71
2024-04-03T15:46:45.319000,6f:0e:25:55:61:95,1,-86
2024-04-03T15:46:45.342000,ec:ea:7d:1e:6e:2f,1,-90
2024-04-03T15:46:45.346000,1a:69:1c:14:f9:a0,1,-58
2024-04-03T15:46:45.404000,4f:e6:aa:44:d2:39,1,-48
2024-04-03T15:46:45.447000,1a:69:1c:14:f9:a0,1,-68
2024-04-03T15:46:45.553000,1a:69:1c:14:f9:a0,1,-59
2024-04-03T15:46:45.580000,61:6d:17:92:4d:a8,1,-97
2024-04-03T15:46:45.592000,54:d2:72:64:1b:f4,0,-38
2024-04-03T15:46:45.603000,6f:0e:25:55:61:95,1,-82
2024-04-03T15:46:45.627000,cb:94:54:ed:5d:28,1,-91
2024-04-03T15:46:45.657000,1a:69:1c:14:f9:a0,1,-69
2024-04-03T15:46:45.693000,4f:e6:aa:44:d2:39,1,-46
2024-04-03T15:46:45.758000,1a:69:1c:14:f9:a0,1,-60
2024-04-03T15:46:45.766000,44:d4:e2:76:77:52,1,-89
2024-04-03T15:46:45.860000,1a:69:1c:14:f9:a0,1,-57
2024-04-03T15:46:45.887000,6f:0e:25:55:61:95,1,-83
2024-04-03T15:46:45.926000,54:d2:72:64:1b:f4,0,-36
2024-04-03T15:46:45.949000,61:6d:17:92:4d:a8,1,-97
2024-04-03T15:46:45.966000,1a:69:1c:14:f9:a0,1,-63
2024-04-03T15:46:45.979000,4f:e6:aa:44:d2:39,1,-49
2024-04-03T15:46:45.988000,dc:23:4f:a9:9a:46,0,-84
2024-04-03T15:46:46.046000,cb:94:54:ed:5d:28,1,-95
2024-04-03T15:46:46.070000,1a:69:1c:14:f9:a0,1,-60
2024-04-03T15:46:46.113000,ec:b7:78:df:b4:73,1,-95
2024-04-03T15:46:46.169000,1a:69:1c:14:f9:a0,1,-66
2024-04-03T15:46:46.268000,4f:e6:aa:44:d2:39,1,-47
2024-04-03T15:46:46.279000,1a:69:1c:14:f9:a0,1,-62
2024-04-03T15:46:46.332000,44:d4:e2:76:77:52,1,-89
2024-04-03T15:46:46.347000,54:d2:72:64:1b:f4,0,-36
2024-04-03T15:46:46.379000,1a:69:1c:14:f9:a0,1,-65
2024-04-03T15:46:46.396000,77:84:9b:98:26:fb,1,-91
2024-04-03T15:46:46.455000,6f:0e:25:55:61:95,1,-86
2024-04-03T15:46:46.466000,cb:94:54:ed:5d:28,1,-94
2024-04-03T15:46:46.588000,1a:69:1c:14:f9:a0,1,-70
2024-04-03T15:46:46.700000,1a:69:1c:14:f9:a0,1,-56
2024-04-03T15:46:46.738000,6f:0e:25:55:61:95,1,-87
2024-04-03T15:46:46.766000,54:d2:72:64:1b:f4,0,-36
2024-04-03T15:46:46.804000,1a:69:1c:14:f9:a0,1,-59
2024-04-03T15:46:46.833000,a4:c1:38:e0:67:ae,0,-67
2024-04-03T15:46:46.868000,61:6d:17:92:4d:a8,1,-101
2024-04-03T15:46:46.903000,44:d4:e2:76:77:52,1,-87
2024-04-03T15:46:46.910000,1a:69:1c:14:f9:a0,1,-56
2024-04-03T15:46:46.996000,dc:23:4f:a9:9a:46,0,-85
2024-04-03T15:46:47.018000,1a:69:1c:14:f9:a0,1,-60
2024-04-03T15:46:47.025000,6f:0e:25:55:61:95,1,-83
2024-04-03T15:46:47.122000,1a:69:1c:14:f9:a0,1,-64
2024-04-03T15:46:47.186000,54:d2:72:64:1b:f4,0,-38
2024-04-03T15:46:47.224000,1a:69:1c:14:f9:a0,1,-62
2024-04-03T15:46:47.333000,1a:69:1c:14:f9:a0,1,-70
2024-04-03T15:46:47.349000,ec:ea:7d:1e:6e:2f,1,-90
2024-04-03T15:46:47.413000,4f:e6:aa:44:d2:39,1,-52
2024-04-03T15:46:47.434000,1a:69:1c:14:f9:a0,1,-63
2024-04-03T15:46:47.469000,44:d4:e2:76:77:52,1,-85
2024-04-03T15:46:47.540000,1a:69:1c:14:f9:a0,1,-60
2024-04-03T15:46:47.593000,6f:0e:25:55:61:95,1,-84
2024-04-03T15:46:47.610000,54:d2:72:64:1b:f4,0,-36
2024-04-03T15:46:47.644000,1a:69:1c:14:f9:a0,1,-63
2024-04-03T15:46:47.694000,4f:e6:aa:44:d2:39,1,-48
2024-04-03T15:46:47.732000,cb:94:54:ed:5d:28,1,-95
2024-04-03T15:46:47.749000,1a:69:1c:14:f9:a0,1,-59
2024-04-03T15:46:47.854000,1a:69:1c:14:f9:a0,1,-60
2024-04-03T15:46:47.874000,6f:0e:25:55:61:95,1,-88
2024-04-03T15:46:47.949000,54:d2:72:64:1b:f4,0,-40
2024-04-03T15:46:47.955000,1a:69:1c:14:f9:a0,1,-61
2024-04-03T15:46:47.978000,4f:e6:aa:44:d2:39,1,-47
2024-04-03T15:46:47.996000,dc:23:4f:a9:9a:46,0,-84
2024-04-03T15:46:48.037000,44:d4:e2:76:77:52,1,-84
2024-04-03T15:46:48.057000,1a:69:1c:14:f9:a0,1,-69
2024-04-03T15:46:48.109000,73:e3:8d:b8:3a:51,1,-101
2024-04-03T15:46:48.157000,cb:94:54:ed:5d:28,1,-93
2024-04-03T15:46:48.165000,6f:0e:25:55:61:95,1,-83
2024-04-03T15:46:48.245000,e8:d2:ed:ce:49:81,1,-56
2024-04-03T15:46:48.263000,4f:e6:aa:44:d2:39,1,-50
2024-04-03T15:46:48.267000,1a:69:1c:14:f9:a0,1,-67
2024-04-03T15:46:48.322000,44:d4:e2:76:77:52,1,-94
2024-04-03T15:46:48.373000,54:d2:72:64:1b:f4,0,-47
2024-04-03T15:46:48.479000,1a:69:1c:14:f9:a0,1,-69
2024-04-03T15:46:48.546000,4f:e6:aa:44:d2:39,1,-47
2024-04-03T15:46:48.576000,cb:94:54:ed:5d:28,1,-93
2024-04-03T15:46:48.591000,1a:69:1c:14:f9:a0,1,-61
2024-04-03T15:46:48.609000,44:d4:e2:76:77:52,1,-85
2024-04-03T15:46:48.694000,1a:69:1c:14:f9:a0,1,-62
2024-04-03T15:46:48.722000,6f:0e:25:55:61:95,1,-84
2024-04-03T15:46:48.799000,54:d2:72:64:1b:f4,0,-46
2024-04-03T15:46:48.833000,4f:e6:aa:44:d2:39,1,-49
2024-04-03T15:46:48.853000,77:84:9b:98:26:fb,1,-102
2024-04-03T15:46:48.895000,1a:69:1c:14:f9:a0,1,-76
2024-04-03T15:46:48.977000,a4:c1:38:e0:67:ae,0,-62
2024-04-03T15:46:48.995000,cb:94:54:ed:5d:28,1,-94
2024-04-03T15:46:49.005000,1a:69:1c:14:f9:a0,1,-62
2024-04-03T15:46:49.010000,dc:23:4f:a9:9a:46,0,-85
2024-04-03T15:46:49.024000,6f:0e:25:55:61:95,1,-85
2024-04-03T15:46:49.115000,7e:61:87:b8:e6:fe,1,-96
2024-04-03T15:46:49.125000,4f:e6:aa:44:d2:39,1,-48
2024-04-03T15:46:49.183000,44:d4:e2:76:77:52,1,-85
2024-04-03T15:46:49.206000,1a:69:1c:14:f9:a0,1,-63
2024-04-03T15:46:49.222000,54:d2:72:64:1b:f4,0,-36
2024-04-03T15:46:49.286000,6f:0e:25:55:61:95,1,-87
2024-04-03T15:46:49.359000,ec:ea:7d:1e:6e:2f,1,-90
2024-04-03T15:46:49.404000,4f:e6:aa:44:d2:39,1,-50
2024-04-03T15:46:49.421000,cb:94:54:ed:5d:28,1,-79
2024-04-03T15:46:49.431000,1a:69:1c:14:f9:a0,1,-70
2024-04-03T15:46:49.568000,6f:0e:25:55:61:95,1,-83
2024-04-03T15:46:49.626000,1a:69:1c:14:f9:a0,1,-63
2024-04-03T15:46:49.645000,54:d2:72:64:1b:f4,0,-38
2024-04-03T15:46:49.697000,4f:e6:aa:44:d2:39,1,-52
2024-04-03T15:46:49.731000,1a:69:1c:14:f9:a0,1,-72
2024-04-03T15:46:49.756000,44:d4:e2:76:77:52,1,-85
2024-04-03T15:46:49.841000,1a:69:1c:14:f9:a0,1,-70
2024-04-03T15:46:49.848000,cb:94:54:ed:5d:28,1,-80
2024-04-03T15:46:49.979000,4f:e6:aa:44:d2:39,1,-48
2024-04-03T15:46:50.006000,dc:23:4f:a9:9a:46,0,-83
2024-04-03T15:46:50.044000,44:d4:e2:76:77:52,1,-85
2024-04-03T15:46:50.053000,1a:69:1c:14:f9:a0,1,-64
2024-04-03T15:46:50.135000,6f:0e:25:55:61:95,1,-82
2024-04-03T15:46:50.227000,49:f2:41:97:c5:d8,1,-93
2024-04-03T15:46:50.256000,1a:69:1c:14:f9:a0,1,-64
2024-04-03T15:46:50.268000,cb:94:54:ed:5d:28,1,-79
2024-04-03T15:46:50.361000,1a:69:1c:14:f9:a0,1,-68
2024-04-03T15:46:50.397000,54:d2:72:64:1b:f4,0,-36
2024-04-03T15:46:50.462000,1a:69:1c:14:f9:a0,1,-64
2024-04-03T15:46:50.494000,77:84:9b:98:26:fb,1,-97
2024-04-03T15:46:50.552000,4f:e6:aa:44:d2:39,1,-47
2024-04-03T15:46:50.570000,1a:69:1c:14:f9:a0,1,-69
2024-04-03T15:46:50.618000,44:d4:e2:76:77:52,1,-85
2024-04-03T15:46:50.681000,1a:69:1c:14:f9:a0,1,-69
2024-04-03T15:46:50.753000,e8:d2:ed:ce:49:81,1,-56
2024-04-03T15:46:50.779000,1a:69:1c:14:f9:a0,1,-62
2024-04-03T15:46:50.886000,1a:69:1c:14:f9:a0,1,-59
2024-04-03T15:46:50.985000,6f:0e:25:55:61:95,1,-85
2024-04-03T15:46:50.989000,1a:69:1c:14:f9:a0,1,-61
2024-04-03T15:46:51.018000,dc:23:4f:a9:9a:46,0,-84
2024-04-03T15:46:51.039000,77:84:9b:98:26:fb,1,-92
2024-04-03T15:46:51.096000,1a:69:1c:14:f9:a0,1,-61
2024-04-03T15:46:51.115000,cb:94:54:ed:5d:28,1,-92
2024-04-03T15:46:51.133000,4f:e6:aa:44:d2:39,1,-47
2024-04-03T15:46:51.187000,44:d4:e2:76:77:52,1,-85
2024-04-03T15:46:51.199000,1a:69:1c:14:f9:a0,1,-62
2024-04-03T15:46:51.267000,6f:0e:25:55:61:95,1,-86
2024-04-03T15:46:51.304000,1a:69:1c:14:f9:a0,1,-59
2024-04-03T15:46:51.326000,a4:c1:38:e0:67:ae,0,-61
2024-04-03T15:46:51.359000,52:12:1d:2a:70:bf,1,-98
2024-04-03T15:46:51.373000,ec:ea:7d:1e:6e:2f,1,-92
2024-04-03T15:46:51.408000,1a:69:1c:14:f9:a0,1,-61
2024-04-03T15:46:51.420000,4f:e6:aa:44:d2:39,1,-47
2024-04-03T15:46:51.468000,44:d4:e2:76:77:52,1,-86
2024-04-03T15:46:51.507000,1a:69:1c:14:f9:a0,1,-61
2024-04-03T15:46:51.537000,cb:94:54:ed:5d:28,1,-92
2024-04-03T15:46:51.553000,6f:0e:25:55:61:95,1,-85
2024-04-03T15:46:51.612000,1a:69:1c:14:f9:a0,1,-61
2024-04-03T15:46:51.703000,4f:e6:aa:44:d2:39,1,-51
2024-04-03T15:46:51.714000,1a:69:1c:14:f9:a0,1,-60
2024-04-03T15:46:51.753000,44:d4:e2:76:77:52,1,-85
2024-04-03T15:46:51.827000,1a:69:1c:14:f9:a0,1,-61
2024-04-03T15:46:51.834000,6f:0e:25:55:61:95,1,-85
2024-04-03T15:46:51.923000,1a:69:1c:14:f9:a0,1,-61
2024-04-03T15:46:51.956000,cb:94:54:ed:5d:28,1,-91
2024-04-03T15:46:51.984000,4f:e6:aa:44:d2:39,1,-49
2024-04-03T15:46:52.000000,54:d2:72:64:1b:f4,0,-40
2024-04-03T15:46:52.016000,dc:23:4f:a9:9a:46,0,-83
2024-04-03T15:46:52.033000,1a:69:1c:14:f9:a0,1,-62
2024-04-03T15:46:52.116000,6f:0e:25:55:61:95,1,-82
2024-04-03T15:46:52.133000,1a:69:1c:14:f9:a0,1,-61
2024-04-03T15:46:52.157000,49:f2:41:97:c5:d8,1,-97
2024-04-03T15:46:52.235000,1a:69:1c:14:f9:a0,1,-58
2024-04-03T15:46:52.277000,4f:e6:aa:44:d2:39,1,-51
2024-04-03T15:46:52.325000,44:d4:e2:76:77:52,1,-86
2024-04-03T15:46:52.378000,cb:94:54:ed:5d:28,1,-93
2024-04-03T15:46:52.398000,6f:0e:25:55:61:95,1,-85
2024-04-03T15:46:52.419000,54:d2:72:64:1b:f4,0,-39
2024-04-03T15:46:52.450000,1a:69:1c:14:f9:a0,1,-58
2024-04-03T15:46:52.555000,4f:e6:aa:44:d2:39,1,-47
2024-04-03T15:46:52.654000,1a:69:1c:14:f9:a0,1,-58
2024-04-03T15:46:52.756000,1a:69:1c:14:f9:a0,1,-62
2024-04-03T15:46:52.841000,4f:e6:aa:44:d2:39,1,-51
2024-04-03T15:46:52.845000,54:d2:72:64:1b:f4,0,-44
2024-04-03T15:46:52.854000,1a:69:1c:14:f9:a0,1,-63
2024-04-03T15:46:52.907000,44:d4:e2:76:77:52,1,-84
2024-04-03T15:46:52.964000,6f:0e:25:55:61:95,1,-84
2024-04-03T15:46:52.968000,1a:69:1c:14:f9:a0,1,-75
2024-04-03T15:46:53.028000,dc:23:4f:a9:9a:46,0,-85
2024-04-03T15:46:53.069000,1a:69:1c:14:f9:a0,1,-62
2024-04-03T15:46:53.126000,4f:e6:aa:44:d2:39,1,-47
2024-04-03T15:46:53.194000,44:d4:e2:76:77:52,1,-85
2024-04-03T15:46:53.237000,77:84:9b:98:26:fb,1,-91
2024-04-03T15:46:53.246000,6f:0e:25:55:61:95,1,-85
2024-04-03T15:46:53.256000,49:f2:41:97:c5:d8,1,-100
2024-04-03T15:46:53.265000,e8:d2:ed:ce:49:81,1,-55
2024-04-03T15:46:53.279000,1a:69:1c:14:f9:a0,1,-61
2024-04-03T15:46:53.386000,1a:69:1c:14:f9:a0,1,-78
2024-04-03T15:46:53.415000,4f:e6:aa:44:d2:39,1,-52
2024-04-03T15:46:53.470000,a4:c1:38:e0:67:ae,0,-68
2024-04-03T15:46:53.492000,1a:69:1c:14:f9:a0,1,-66
2024-04-03T15:46:53.516000,77:84:9b:98:26:fb,1,-93
2024-04-03T15:46:53.528000,6f:0e:25:55:61:95,1,-82
2024-04-03T15:46:53.597000,1a:69:1c:14:f9:a0,1,-76
2024-04-03T15:46:53.687000,54:d2:72:64:1b:f4,0,-44
2024-04-03T15:46:53.699000,1a:69:1c:14:f9:a0,1,-62
2024-04-03T15:46:53.705000,4f:e6:aa:44:d2:39,1,-47
2024-04-03T15:46:53.765000,44:d4:e2:76:77:52,1,-86
2024-04-03T15:46:53.806000,1a:69:1c:14:f9:a0,1,-76
2024-04-03T15:46:53.814000,6f:0e:25:55:61:95,1,-85
2024-04-03T15:46:53.907000,1a:69:1c:14:f9:a0,1,-62
2024-04-03T15:46:53.994000,4f:e6:aa:44:d2:39,1,-47
2024-04-03T15:46:54.008000,1a:69:1c:14:f9:a0,1,-65
2024-04-03T15:46:54.029000,dc:23:4f:a9:9a:46,0,-83
2024-04-03T15:46:54.048000,44:d4:e2:76:77:52,1,-86
2024-04-03T15:46:54.057000,77:84:9b:98:26:fb,1,-92
2024-04-03T15:46:54.073000,cb:94:54:ed:5d:28,1,-79
2024-04-03T15:46:54.100000,6f:0e:25:55:61:95,1,-82
2024-04-03T15:46:54.119000,1a:69:1c:14:f9:a0,1,-63
2024-04-03T15:46:54.134000,73:e3:8d:b8:3a:51,1,-95
2024-04-03T15:46:54.218000,1a:69:1c:14:f9:a0,1,-65
2024-04-03T15:46:54.283000,4f:e6:aa:44:d2:39,1,-51
2024-04-03T15:46:54.382000,6f:0e:25:55:61:95,1,-86
2024-04-03T15:46:54.414000,54:d2:72:64:1b:f4,0,-38
2024-04-03T15:46:54.430000,1a:69:1c:14:f9:a0,1,-65
2024-04-03T15:46:54.539000,1a:69:1c:14:f9:a0,1,-62
2024-04-03T15:46:54.615000,44:d4:e2:76:77:52,1,-84
2024-04-03T15:46:54.640000,1a:69:1c:14:f9:a0,1,-65
2024-04-03T15:46:54.669000,6f:0e:25:55:61:95,1,-82
2024-04-03T15:46:54.746000,1a:69:1c:14:f9:a0,1,-63
2024-04-03T15:46:54.849000,1a:69:1c:14:f9:a0,1,-65
2024-04-03T15:46:54.853000,4f:e6:aa:44:d2:39,1,-51
2024-04-03T15:46:54.892000,77:84:9b:98:26:fb,1,-97
2024-04-03T15:46:54.911000,cb:94:54:ed:5d:28,1,-93
2024-04-03T15:46:54.953000,1a:69:1c:14:f9:a0,1,-62
2024-04-03T15:46:54.994000,d5:70:d0:cc:c4:bd,1,-92
2024-04-03T15:46:55.034000,dc:23:4f:a9:9a:46,0,-85
2024-04-03T15:46:55.056000,1a:69:1c:14:f9:a0,1,-66
2024-04-03T15:46:55.134000,4f:e6:aa:44:d2:39,1,-47
2024-04-03T15:46:55.157000,1a:69:1c:14:f9:a0,1,-76
2024-04-03T15:46:55.186000,44:d4:e2:76:77:52,1,-85
2024-04-03T15:46:55.235000,6f:0e:25:55:61:95,1,-82
2024-04-03T15:46:55.257000,1a:69:1c:14:f9:a0,1,-63
2024-04-03T15:46:55.262000,54:d2:72:64:1b:f4,0,-40
2024-04-03T15:46:55.337000,cb:94:54:ed:5d:28,1,-79
2024-04-03T15:46:55.357000,1a:69:1c:14:f9:a0,1,-66
2024-04-03T15:46:55.387000,ec:ea:7d:1e:6e:2f,1,-93
2024-04-03T15:46:55.426000,4f:e6:aa:44:d2:39,1,-48
2024-04-03T15:46:55.438000,77:84:9b:98:26:fb,1,-94
2024-04-03T15:46:55.517000,6f:0e:25:55:61:95,1,-84
2024-04-03T15:46:55.564000,1a:69:1c:14:f9:a0,1,-66
2024-04-03T15:46:55.680000,54:d2:72:64:1b:f4,0,-39
2024-04-03T15:46:55.708000,4f:e6:aa:44:d2:39,1,-48
2024-04-03T15:46:55.756000,44:d4:e2:76:77:52,1,-83
2024-04-03T15:46:55.760000,cb:94:54:ed:5d:28,1,-78
2024-04-03T15:46:55.769000,e8:d2:ed:ce:49:81,1,-55
2024-04-03T15:46:55.780000,1a:69:1c:14:f9:a0,1,-64
2024-04-03T15:46:55.802000,6f:0e:25:55:61:95,1,-84
2024-04-03T15:46:55.819000,a4:c1:38:e0:67:ae,0,-63
2024-04-03T15:46:55.887000,1a:69:1c:14:f9:a0,1,-63
2024-04-03T15:46:55.982000,77:84:9b:98:26:fb,1,-100
2024-04-03T15:46:55.993000,4f:e6:aa:44:d2:39,1,-47
2024-04-03T15:46:56.007000,49:f2:41:97:c5:d8,1,-100
2024-04-03T15:46:56.084000,6f:0e:25:55:61:95,1,-85
2024-04-03T15:46:56.135000,73:e3:8d:b8:3a:51,1,-97
2024-04-03T15:46:56.182000,cb:94:54:ed:5d:28,1,-87
2024-04-03T15:46:56.253000,77:84:9b:98:26:fb,1,-95
2024-04-03T15:46:56.278000,4f:e6:aa:44:d2:39,1,-47
2024-04-03T15:46:56.308000,1a:69:1c:14:f9:a0,1,-63
2024-04-03T15:46:56.326000,44:d4:e2:76:77:52,1,-84
2024-04-03T15:46:56.368000,6f:0e:25:55:61:95,1,-89
2024-04-03T15:46:56.409000,1a:69:1c:14:f9:a0,1,-65
2024-04-03T15:46:56.414000,1a:69:1c:14:f9:a0,1,-71
2024-04-03T15:46:56.438000,54:d2:72:64:1b:f4,0,-40
2024-04-03T15:46:56.510000,1a:69:1c:14:f9:a0,1,-71
2024-04-03T15:46:56.528000,77:84:9b:98:26:fb,1,-96
2024-04-03T15:46:56.564000,4f:e6:aa:44:d2:39,1,-49
2024-04-03T15:46:56.605000,cb:94:54:ed:5d:28,1,-88
2024-04-03T15:46:56.630000,1a:69:1c:14:f9:a0,1,-65
2024-04-03T15:46:56.653000,6f:0e:25:55:61:95,1,-84
2024-04-03T15:46:56.718000,1a:69:1c:14:f9:a0,1,-71
2024-04-03T15:46:56.790000,55:ab:57:10:ee:1d,1,-97
2024-04-03T15:46:56.804000,77:84:9b:98:26:fb,1,-89
2024-04-03T15:46:56.868000,1a:69:1c:14:f9:a0,1,-64
2024-04-03T15:46:56.875000,4f:e6:aa:44:d2:39,1,-48
2024-04-03T15:46:56.932000,1a:69:1c:14:f9:a0,1,-64
2024-04-03T15:46:56.939000,6f:0e:25:55:61:95,1,-86
2024-04-03T15:46:57.025000,cb:94:54:ed:5d:28,1,-90
2024-04-03T15:46:57.037000,dc:23:4f:a9:9a:46,0,-88
2024-04-03T15:46:57.107000,49:f2:41:97:c5:d8,1,-101
2024-04-03T15:46:57.140000,4f:e6:aa:44:d2:39,1,-48
2024-04-03T15:46:57.215000,6f:0e:25:55:61:95,1,-83
2024-04-03T15:46:57.246000,1a:69:1c:14:f9:a0,1,-65
2024-04-03T15:46:57.337000,55:ab:57:10:ee:1d,1,-102
2024-04-03T15:46:57.353000,1a:69:1c:14:f9:a0,1,-73
2024-04-03T15:46:57.362000,77:84:9b:98:26:fb,1,-92
2024-04-03T15:46:57.388000,ec:ea:7d:1e:6e:2f,1,-84
2024-04-03T15:46:57.430000,4f:e6:aa:44:d2:39,1,-46
2024-04-03T15:46:57.437000,4f:e6:aa:44:d2:39,1,-48
2024-04-03T15:46:57.448000,cb:94:54:ed:5d:28,1,-88
2024-04-03T15:46:57.459000,1a:69:1c:14:f9:a0,1,-64
2024-04-03T15:46:57.559000,1a:69:1c:14:f9:a0,1,-74
2024-04-03T15:46:57.659000,49:f2:41:97:c5:d8,1,-95
2024-04-03T15:46:57.668000,1a:69:1c:14:f9:a0,1,-64
2024-04-03T15:46:57.769000,1a:69:1c:14:f9:a0,1,-74
2024-04-03T15:46:57.785000,6f:0e:25:55:61:95,1,-83
2024-04-03T15:46:57.869000,1a:69:1c:14:f9:a0,1,-63
2024-04-03T15:46:57.875000,cb:94:54:ed:5d:28,1,-88
2024-04-03T15:46:57.979000,1a:69:1c:14:f9:a0,1,-74
2024-04-03T15:46:57.995000,4f:e6:aa:44:d2:39,1,-47
2024-04-03T15:46:58.039000,dc:23:4f:a9:9a:46,0,-86
2024-04-03T15:46:58.051000,54:d2:72:64:1b:f4,0,-39
2024-04-03T15:46:58.071000,6f:0e:25:55:61:95,1,-85
2024-04-03T15:46:58.084000,1a:69:1c:14:f9:a0,1,-64
2024-04-03T15:46:58.136000,73:e3:8d:b8:3a:51,1,-95
2024-04-03T15:46:58.179000,a4:c1:38:e0:67:ae,0,-69
2024-04-03T15:46:58.186000,1a:69:1c:14:f9:a0,1,-74
2024-04-03T15:46:58.209000,49:f2:41:97:c5:d8,1,-98
2024-04-03T15:46:58.267000,e8:d2:ed:ce:49:81,1,-58
2024-04-03T15:46:58.284000,4f:e6:aa:44:d2:39,1,-48
2024-04-03T15:46:58.288000,1a:69:1c:14:f9:a0,1,-63
2024-04-03T15:46:58.300000,cb:94:54:ed:5d:28,1,-89
2024-04-03T15:46:58.335000,44:d4:e2:76:77:52,1,-84
2024-04-03T15:46:58.354000,6f:0e:25:55:61:95,1,-83
2024-04-03T15:46:58.398000,1a:69:1c:14:f9:a0,1,-75
2024-04-03T15:46:58.472000,54:d2:72:64:1b:f4,0,-40
2024-04-03T15:46:58.498000,1a:69:1c:14:f9:a0,1,-63
2024-04-03T15:46:58.566000,4f:e6:aa:44:d2:39,1,-47
2024-04-03T15:46:58.605000,1a:69:1c:14:f9:a0,1,-76
2024-04-03T15:46:58.639000,6f:0e:25:55:61:95,1,-85
2024-04-03T15:46:58.707000,1a:69:1c:14:f9:a0,1,-64
2024-04-03T15:46:58.715000,cb:94:54:ed:5d:28,1,-89
2024-04-03T15:46:58.763000,49:f2:41:97:c5:d8,1,-99
2024-04-03T15:46:58.818000,1a:69:1c:14:f9:a0,1,-76
2024-04-03T15:46:58.855000,4f:e6:aa:44:d2:39,1,-48
2024-04-03T15:46:58.899000,54:d2:72:64:1b:f4,0,-40
2024-04-03T15:46:58.919000,6f:0e:25:55:61:95,1,-85
2024-04-03T15:46:58.925000,1a:69:1c:14:f9:a0,1,-65
2024-04-03T15:46:59.044000,dc:23:4f:a9:9a:46,0,-88
2024-04-03T15:46:59.137000,1a:69:1c:14:f9:a0,1,-65
2024-04-03T15:46:59.144000,cb:94:54:ed:5d:28,1,-79
2024-04-03T15:46:59.154000,4f:e6:aa:44:d2:39,1,-51
2024-04-03T15:46:59.206000,6f:0e:25:55:61:95,1,-85
2024-04-03T15:46:59.240000,1a:69:1c:14:f9:a0,1,-85
2024-04-03T15:46:59.322000,54:d2:72:64:1b:f4,0,-44
2024-04-03T15:46:59.343000,1a:69:1c:14:f9:a0,1,-65
2024-04-03T15:46:59.396000,ec:ea:7d:1e:6e:2f,1,-84
2024-04-03T15:46:59.426000,4f:e6:aa:44:d2:39,1,-48
2024-04-03T15:46:59.450000,1a:69:1c:14:f9:a0,1,-82
2024-04-03T15:46:59.474000,44:d4:e2:76:77:52,1,-85
2024-04-03T15:46:59.487000,6f:0e:25:55:61:95,1,-86
2024-04-03T15:46:59.555000,1a:69:1c:14:f9:a0,1,-65
2024-04-03T15:46:59.567000,cb:94:54:ed:5d:28,1,-79
2024-04-03T15:46:59.713000,4f:e6:aa:44:d2:39,1,-50
2024-04-03T15:46:59.739000,54:d2:72:64:1b:f4,0,-42
2024-04-03T15:46:59.767000,1a:69:1c:14:f9:a0,1,-65
2024-04-03T15:46:59.774000,6f:0e:25:55:61:95,1,-87
2024-04-03T15:46:59.979000,1a:69:1c:14:f9:a0,1,-66
2024-04-03T15:46:59.984000,1a:69:1c:14:f9:a0,1,-82
2024-04-03T15:46:59.995000,4f:e6:aa:44:d2:39,1,-48
2024-04-03T15:47:00.057000,6f:0e:25:55:61:95,1,-87
2024-04-03T15:47:00.193000,1a:69:1c:14:f9:a0,1,-81
2024-04-03T15:47:00.285000,4f:e6:aa:44:d2:39,1,-51
2024-04-03T15:47:00.297000,1a:69:1c:14:f9:a0,1,-62
2024-04-03T15:47:00.343000,6f:0e:25:55:61:95,1,-85
2024-04-03T15:47:00.364000,44:d4:e2:76:77:52,1,-85
2024-04-03T15:47:00.404000,1a:69:1c:14:f9:a0,1,-82
2024-04-03T15:47:00.412000,cb:94:54:ed:5d:28,1,-91
2024-04-03T15:47:00.436000,a4:c1:38:e0:67:ae,0,-64
2024-04-03T15:47:00.497000,54:d2:72:64:1b:f4,0,-46
2024-04-03T15:47:00.505000,1a:69:1c:14:f9:a0,1,-63
2024-04-03T15:47:00.566000,4f:e6:aa:44:d2:39,1,-50
2024-04-03T15:47:00.604000,44:d4:e2:76:77:52,1,-86
2024-04-03T15:47:00.614000,1a:69:1c:14:f9:a0,1,-83
2024-04-03T15:47:00.622000,6f:0e:25:55:61:95,1,-86
2024-04-03T15:47:00.676000,49:f2:41:97:c5:d8,1,-98
2024-04-03T15:47:00.717000,1a:69:1c:14:f9:a0,1,-63
2024-04-03T15:47:00.774000,e8:d2:ed:ce:49:81,1,-56
2024-04-03T15:47:00.819000,1a:69:1c:14:f9:a0,1,-65
2024-04-03T15:47:00.824000,1a:69:1c:14:f9:a0,1,-81
2024-04-03T15:47:00.837000,cb:94:54:ed:5d:28,1,-90
2024-04-03T15:47:00.856000,4f:e6:aa:44:d2:39,1,-51
2024-04-03T15:47:00.889000,44:d4:e2:76:77:52,1,-85
2024-04-03T15:47:00.905000,6f:0e:25:55:61:95,1,-82
2024-04-03T15:47:00.920000,54:d2:72:64:1b:f4,0,-47
2024-04-03T15:47:01.026000,1a:69:1c:14:f9:a0,1,-65
2024-04-03T15:47:01.059000,dc:23:4f:a9:9a:46,0,-88
2024-04-03T15:47:01.132000,1a:69:1c:14:f9:a0,1,-63
2024-04-03T15:47:01.145000,4f:e6:aa:44:d2:39,1,-47
2024-04-03T15:47:01.176000,44:d4:e2:76:77:52,1,-85
2024-04-03T15:47:01.188000,6f:0e:25:55:61:95,1,-87
2024-04-03T15:47:01.238000,1a:69:1c:14:f9:a0,1,-66
2024-04-03T15:47:01.266000,cb:94:54:ed:5d:28,1,-93
2024-04-03T15:47:01.345000,54:d2:72:64:1b:f4,0,-39
2024-04-03T15:47:01.399000,ec:ea:7d:1e:6e:2f,1,-93
2024-04-03T15:47:01.434000,4f:e6:aa:44:d2:39,1,-50
2024-04-03T15:47:01.440000,1a:69:1c:14:f9:a0,1,-63
2024-04-03T15:47:01.469000,6f:0e:25:55:61:95,1,-86
2024-04-03T15:47:01.540000,1a:69:1c:14:f9:a0,1,-66
2024-04-03T15:47:01.645000,1a:69:1c:14:f9:a0,1,-63
2024-04-03T15:47:01.689000,cb:94:54:ed:5d:28,1,-93
2024-04-03T15:47:01.726000,4f:e6:aa:44:d2:39,1,-50
2024-04-03T15:47:01.747000,1a:69:1c:14:f9:a0,1,-66
2024-04-03T15:47:01.756000,6f:0e:25:55:61:95,1,-84
2024-04-03T15:47:01.760000,44:d4:e2:76:77:52,1,-85
2024-04-03T15:47:01.769000,54:d2:72:64:1b:f4,0,-39
2024-04-03T15:47:01.850000,1a:69:1c:14:f9:a0,1,-77
2024-04-03T15:47:02.010000,4f:e6:aa:44:d2:39,1,-49
2024-04-03T15:47:02.042000,44:d4:e2:76:77:52,1,-85
2024-04-03T15:47:02.058000,1a:69:1c:14:f9:a0,1,-75
2024-04-03T15:47:02.065000,55:ab:57:10:ee:1d,1,-92
2024-04-03T15:47:02.097000,54:d2:72:64:1b:f4,0,-39
2024-04-03T15:47:02.112000,cb:94:54:ed:5d:28,1,-80
2024-04-03T15:47:02.267000,1a:69:1c:14:f9:a0,1,-75
2024-04-03T15:47:02.299000,4f:e6:aa:44:d2:39,1,-51
2024-04-03T15:47:02.323000,6f:0e:25:55:61:95,1,-85
2024-04-03T15:47:02.367000,1a:69:1c:14:f9:a0,1,-63
2024-04-03T15:47:02.477000,1a:69:1c:14:f9:a0,1,-76
2024-04-03T15:47:02.516000,54:d2:72:64:1b:f4,0,-36
2024-04-03T15:47:02.533000,cb:94:54:ed:5d:28,1,-79
2024-04-03T15:47:02.579000,1a:69:1c:14:f9:a0,1,-62
2024-04-03T15:47:02.587000,4f:e6:aa:44:d2:39,1,-46
2024-04-03T15:47:02.611000,55:ab:57:10:ee:1d,1,-94
2024-04-03T15:47:02.689000,1a:69:1c:14:f9:a0,1,-76
2024-04-03T15:47:02.829000,a4:c1:38:e0:67:ae,0,-70
2024-04-03T15:47:02.869000,4f:e6:aa:44:d2:39,1,-51
2024-04-03T15:47:02.892000,6f:0e:25:55:61:95,1,-84
2024-04-03T15:47:02.900000,1a:69:1c:14:f9:a0,1,-70
2024-04-03T15:47:02.953000,44:d4:e2:76:77:52,1,-85
2024-04-03T15:47:03.005000,1a:69:1c:14:f9:a0,1,-60
2024-04-03T15:47:03.019000,44:db:bc:48:ce:18,1,-87
2024-04-03T15:47:03.026000,d5:70:d0:cc:c4:bd,1,-91
2024-04-03T15:47:03.059000,dc:23:4f:a9:9a:46,0,-84
2024-04-03T15:47:03.107000,1a:69:1c:14:f9:a0,1,-63
2024-04-03T15:47:03.156000,4f:e6:aa:44:d2:39,1,-46
2024-04-03T15:47:03.175000,6f:0e:25:55:61:95,1,-87
2024-04-03T15:47:03.209000,1a:69:1c:14:f9:a0,1,-61
2024-04-03T15:47:03.284000,e8:d2:ed:ce:49:81,1,-55
2024-04-03T15:47:03.317000,1a:69:1c:14:f9:a0,1,-66
2024-04-03T15:47:03.363000,54:d2:72:64:1b:f4,0,-40
2024-04-03T15:47:03.373000,cb:94:54:ed:5d:28,1,-78
2024-04-03T15:47:03.419000,1a:69:1c:14:f9:a0,1,-59
2024-04-03T15:47:03.434000,55:ab:57:10:ee:1d,1,-88
2024-04-03T15:47:03.445000,4f:e6:aa:44:d2:39,1,-50
2024-04-03T15:47:03.458000,6f:0e:25:55:61:95,1,-84
2024-04-03T15:47:03.467000,44:d4:e2:76:77:52,1,-85
2024-04-03T15:47:03.523000,1a:69:1c:14:f9:a0,1,-66
2024-04-03T15:47:03.732000,1a:69:1c:14:f9:a0,1,-66
2024-04-03T15:47:03.737000,4f:e6:aa:44:d2:39,1,-51
2024-04-03T15:47:03.753000,44:d4:e2:76:77:52,1,-86
2024-04-03T15:47:03.790000,54:d2:72:64:1b:f4,0,-40
2024-04-03T15:47:03.798000,cb:94:54:ed:5d:28,1,-79
2024-04-03T15:47:03.833000,1a:69:1c:14:f9:a0,1,-60
2024-04-03T15:47:03.942000,1a:69:1c:14:f9:a0,1,-66
2024-04-03T15:47:04.025000,4f:e6:aa:44:d2:39,1,-46
2024-04-03T15:47:04.029000,6f:0e:25:55:61:95,1,-84
2024-04-03T15:47:04.044000,1a:69:1c:14:f9:a0,1,-60
2024-04-03T15:47:04.070000,dc:23:4f:a9:9a:46,0,-86
2024-04-03T15:47:04.123000,54:d2:72:64:1b:f4,0,-44
2024-04-03T15:47:04.148000,1a:69:1c:14:f9:a0,1,-59
2024-04-03T15:47:04.216000,cb:94:54:ed:5d:28,1,-79
2024-04-03T15:47:04.230000,77:84:9b:98:26:fb,1,-99
2024-04-03T15:47:04.253000,1a:69:1c:14:f9:a0,1,-61
2024-04-03T15:47:04.308000,6f:0e:25:55:61:95,1,-84
2024-04-03T15:47:04.358000,1a:69:1c:14:f9:a0,1,-60
2024-04-03T15:47:04.363000,44:d4:e2:76:77:52,1,-85
2024-04-03T15:47:04.549000,54:d2:72:64:1b:f4,0,-45
2024-04-03T15:47:04.568000,1a:69:1c:14:f9:a0,1,-60
2024-04-03T15:47:04.592000,6f:0e:25:55:61:95,1,-83
2024-04-03T15:47:04.596000,4f:e6:aa:44:d2:39,1,-46
2024-04-03T15:47:04.620000,44:d4:e2:76:77:52,1,-94
2024-04-03T15:47:04.640000,cb:94:54:ed:5d:28,1,-79
2024-04-03T15:47:04.674000,1a:69:1c:14:f9:a0,1,-60
2024-04-03T15:47:04.778000,1a:69:1c:14:f9:a0,1,-60
2024-04-03T15:47:04.878000,6f:0e:25:55:61:95,1,-84
2024-04-03T15:47:04.883000,1a:69:1c:14:f9:a0,1,-60
2024-04-03T15:47:04.975000,54:d2:72:64:1b:f4,0,-37
2024-04-03T15:47:04.982000,44:d4:e2:76:77:52,1,-89
2024-04-03T15:47:04.988000,1a:69:1c:14:f9:a0,1,-59
2024-04-03T15:47:05.060000,cb:94:54:ed:5d:28,1,-78
2024-04-03T15:47:05.078000,dc:23:4f:a9:9a:46,0,-89
2024-04-03T15:47:05.091000,1a:69:1c:14:f9:a0,1,-78
2024-04-03T15:47:05.097000,a4:c1:38:e0:67:ae,0,-61
2024-04-03T15:47:05.160000,6f:0e:25:55:61:95,1,-87
2024-04-03T15:47:05.163000,4f:e6:aa:44:d2:39,1,-46
2024-04-03T15:47:05.186000,1a:69:1c:14:f9:a0,1,-62
2024-04-03T15:47:05.291000,1a:69:1c:14:f9:a0,1,-66
2024-04-03T15:47:05.296000,1a:69:1c:14:f9:a0,1,-77
2024-04-03T15:47:05.392000,1a:69:1c:14:f9:a0,1,-62
2024-04-03T15:47:05.396000,54:d2:72:64:1b:f4,0,-41
2024-04-03T15:47:05.411000,ec:ea:7d:1e:6e:2f,1,-90
2024-04-03T15:47:05.444000,6f:0e:25:55:61:95,1,-84
2024-04-03T15:47:05.449000,4f:e6:aa:44:d2:39,1,-52
2024-04-03T15:47:05.483000,cb:94:54:ed:5d:28,1,-90
2024-04-03T15:47:05.501000,1a:69:1c:14:f9:a0,1,-66
2024-04-03T15:47:05.506000,1a:69:1c:14:f9:a0,1,-76
2024-04-03T15:47:05.609000,1a:69:1c:14:f9:a0,1,-63
2024-04-03T15:47:05.718000,1a:69:1c:14:f9:a0,1,-70
2024-04-03T15:47:05.727000,6f:0e:25:55:61:95,1,-87
2024-04-03T15:47:05.734000,4f:e6:aa:44:d2:39,1,-46
2024-04-03T15:47:05.785000,e8:d2:ed:ce:49:81,1,-54
2024-04-03T15:47:05.795000,44:d4:e2:76:77:52,1,-89
2024-04-03T15:47:05.819000,54:d2:72:64:1b:f4,0,-41
2024-04-03T15:47:05.909000,cb:94:54:ed:5d:28,1,-89
2024-04-03T15:47:05.924000,54:d2:72:64:1b:f4,0,-40
2024-04-03T15:47:05.931000,1a:69:1c:14:f9:a0,1,-69
2024-04-03T15:47:05.949000,54:d2:72:64:1b:f4,0,-40
2024-04-03T15:47:05.969000,54:d2:72:64:1b:f4,0,-39
2024-04-03T15:47:05.996000,54:d2:72:64:1b:f4,0,-39
2024-04-03T15:47:06.013000,6f:0e:25:55:61:95,1,-84
2024-04-03T15:47:06.016000,4f:e6:aa:44:d2:39,1,-51
2024-04-03T15:47:06.021000,54:d2:72:64:1b:f4,0,-44
2024-04-03T15:47:06.045000,1a:69:1c:14:f9:a0,1,-63
2024-04-03T15:47:06.050000,54:d2:72:64:1b:f4,0,-45
2024-04-03T15:47:06.070000,54:d2:72:64:1b:f4,0,-40
2024-04-03T15:47:06.077000,44:d4:e2:76:77:52,1,-83
2024-04-03T15:47:06.087000,dc:23:4f:a9:9a:46,0,-83
2024-04-03T15:47:06.100000,54:d2:72:64:1b:f4,0,-40
2024-04-03T15:47:06.117000,54:d2:72:64:1b:f4,0,-39
2024-04-03T15:47:06.135000,1a:69:1c:14:f9:a0,1,-70
2024-04-03T15:47:06.146000,54:d2:72:64:1b:f4,0,-39
2024-04-03T15:47:06.175000,54:d2:72:64:1b:f4,0,-39
2024-04-03T15:47:06.195000,54:d2:72:64:1b:f4,0,-44
2024-04-03T15:47:06.223000,54:d2:72:64:1b:f4,0,-44
2024-04-03T15:47:06.239000,1a:69:1c:14:f9:a0,1,-63
2024-04-03T15:47:06.274000,54:d2:72:64:1b:f4,0,-40
2024-04-03T15:47:06.293000,6f:0e:25:55:61:95,1,-87
2024-04-03T15:47:06.298000,4f:e6:aa:44:d2:39,1,-49
2024-04-03T15:47:06.303000,54:d2:72:64:1b:f4,0,-40
2024-04-03T15:47:06.325000,54:d2:72:64:1b:f4,0,-39
2024-04-03T15:47:06.334000,44:d4:e2:76:77:52,1,-90
2024-04-03T15:47:06.338000,cb:94:54:ed:5d:28,1,-93
2024-04-03T15:47:06.348000,1a:69:1c:14:f9:a0,1,-70
2024-04-03T15:47:06.354000,54:d2:72:64:1b:f4,0,-36
2024-04-03T15:47:06.403000,54:d2:72:64:1b:f4,0,-47
2024-04-03T15:47:06.450000,1a:69:1c:14:f9:a0,1,-63
2024-04-03T15:47:06.475000,54:d2:72:64:1b:f4,0,-39
2024-04-03T15:47:06.551000,54:d2:72:64:1b:f4,0,-40
2024-04-03T15:47:06.567000,1a:69:1c:14:f9:a0,1,-70
2024-04-03T15:47:06.580000,6f:0e:25:55:61:95,1,-84
2024-04-03T15:47:06.584000,4f:e6:aa:44:d2:39,1,-51
2024-04-03T15:47:06.610000,54:d2:72:64:1b:f4,0,-40
2024-04-03T15:47:06.618000,44:d4:e2:76:77:52,1,-87
2024-04-03T15:47:06.630000,54:d2:72:64:1b:f4,0,-36
2024-04-03T15:47:06.656000,54:d2:72:64:1b:f4,0,-39
2024-04-03T15:47:06.665000,1a:69:1c:14:f9:a0,1,-65
2024-04-03T15:47:06.685000,54:d2:72:64:1b:f4,0,-39
2024-04-03T15:47:06.710000,54:d2:72:64:1b:f4,0,-45
2024-04-03T15:47:06.733000,54:d2:72:64:1b:f4,0,-44
2024-04-03T15:47:06.753000,cb:94:54:ed:5d:28,1,-93
2024-04-03T15:47:06.768000,54:d2:72:64:1b:f4,0,-40
2024-04-03T15:47:06.792000,54:d2:72:64:1b:f4,0,-40
2024-04-03T15:47:06.836000,54:d2:72:64:1b:f4,0,-39
2024-04-03T15:47:06.860000,54:d2:72:64:1b:f4,0,-47
2024-04-03T15:47:06.870000,6f:0e:25:55:61:95,1,-86
2024-04-03T15:47:06.891000,4f:e6:aa:44:d2:39,1,-48
2024-04-03T15:47:06.909000,1a:69:1c:14:f9:a0,1,-65
2024-04-03T15:47:06.914000,54:d2:72:64:1b:f4,0,-45
2024-04-03T15:47:06.964000,54:d2:72:64:1b:f4,0,-40
2024-04-03T15:47:06.970000,44:d4:e2:76:77:52,1,-82
2024-04-03T15:47:06.994000,1a:69:1c:14:f9:a0,1,-64
2024-04-03T15:47:07.008000,54:d2:72:64:1b:f4,0,-47
2024-04-03T15:47:07.037000,54:d2:72:64:1b:f4,0,-47
2024-04-03T15:47:07.088000,1a:69:1c:14:f9:a0,1,-65
2024-04-03T15:47:07.093000,54:d2:72:64:1b:f4,0,-40
2024-04-03T15:47:07.100000,dc:23:4f:a9:9a:46,0,-83
2024-04-03T15:47:07.115000,54:d2:72:64:1b:f4,0,-40
2024-04-03T15:47:07.146000,6f:0e:25:55:61:95,1,-83
2024-04-03T15:47:07.155000,4f:e6:aa:44:d2:39,1,-49
2024-04-03T15:47:07.166000,54:d2:72:64:1b:f4,0,-37
2024-04-03T15:47:07.188000,1a:69:1c:14:f9:a0,1,-69
2024-04-03T15:47:07.193000,44:d4:e2:76:77:52,1,-88
2024-04-03T15:47:07.219000,54:d2:72:64:1b:f4,0,-47
2024-04-03T15:47:07.322000,54:d2:72:64:1b:f4,0,-40
2024-04-03T15:47:07.345000,54:d2:72:64:1b:f4,0,-37
2024-04-03T15:47:07.376000,54:d2:72:64:1b:f4,0,-39
2024-04-03T15:47:07.396000,54:d2:72:64:1b:f4,0,-44
2024-04-03T15:47:07.413000,ec:ea:7d:1e:6e:2f,1,-90
2024-04-03T15:47:07.420000,54:d2:72:64:1b:f4,0,-40
2024-04-03T15:47:07.429000,6f:0e:25:55:61:95,1,-85
2024-04-03T15:47:07.443000,4f:e6:aa:44:d2:39,1,-46
2024-04-03T15:47:07.473000,54:d2:72:64:1b:f4,0,-40
2024-04-03T15:47:07.480000,44:d4:e2:76:77:52,1,-83
2024-04-03T15:47:07.494000,54:d2:72:64:1b:f4,0,-37
2024-04-03T15:47:07.503000,1a:69:1c:14:f9:a0,1,-64
2024-04-03T15:47:07.510000,54:d2:72:64:1b:f4,0,-42
2024-04-03T15:47:07.518000,54:d2:72:64:1b:f4,0,-45
2024-04-03T15:47:07.536000,54:d2:72:64:1b:f4,0,-40
2024-04-03T15:47:07.564000,54:d2:72:64:1b:f4,0,-40
2024-04-03T15:47:07.584000,54:d2:72:64:1b:f4,0,-39
2024-04-03T15:47:07.601000,1a:69:1c:14:f9:a0,1,-64
2024-04-03T15:47:07.605000,1a:69:1c:14:f9:a0,1,-70
2024-04-03T15:47:07.610000,54:d2:72:64:1b:f4,0,-47
2024-04-03T15:47:07.636000,54:d2:72:64:1b:f4,0,-44
2024-04-03T15:47:07.665000,54:d2:72:64:1b:f4,0,-44
2024-04-03T15:47:07.689000,54:d2:72:64:1b:f4,0,-40
2024-04-03T15:47:07.710000,1a:69:1c:14:f9:a0,1,-64
2024-04-03T15:47:07.729000,4f:e6:aa:44:d2:39,1,-52
2024-04-03T15:47:07.735000,54:d2:72:64:1b:f4,0,-39
2024-04-03T15:47:07.790000,54:d2:72:64:1b:f4,0,-44
2024-04-03T15:47:07.814000,54:d2:72:64:1b:f4,0,-44
2024-04-03T15:47:07.836000,54:d2:72:64:1b:f4,0,-40
2024-04-03T15:47:07.856000,54:d2:72:64:1b:f4,0,-39
2024-04-03T15:47:07.886000,54:d2:72:64:1b:f4,0,-39
2024-04-03T15:47:07.910000,54:d2:72:64:1b:f4,0,-47
2024-04-03T15:47:07.917000,1a:69:1c:14:f9:a0,1,-65
2024-04-03T15:47:07.934000,54:d2:72:64:1b:f4,0,-45
2024-04-03T15:47:07.963000,54:d2:72:64:1b:f4,0,-47
2024-04-03T15:47:07.985000,54:d2:72:64:1b:f4,0,-40
2024-04-03T15:47:07.997000,6f:0e:25:55:61:95,1,-84
2024-04-03T15:47:08.006000,54:d2:72:64:1b:f4,0,-39
2024-04-03T15:47:08.026000,4f:e6:aa:44:d2:39,1,-48
2024-04-03T15:47:08.033000,1a:69:1c:14:f9:a0,1,-65
2024-04-03T15:47:08.042000,cb:94:54:ed:5d:28,1,-86
2024-04-03T15:47:08.059000,54:d2:72:64:1b:f4,0,-40
2024-04-03T15:47:08.067000,54:d2:72:64:1b:f4,0,-47
2024-04-03T15:47:08.083000,54:d2:72:64:1b:f4,0,-47
2024-04-03T15:47:08.097000,dc:23:4f:a9:9a:46,0,-83
2024-04-03T15:47:08.111000,44:d4:e2:76:77:52,1,-82
2024-04-03T15:47:08.116000,54:d2:72:64:1b:f4,0,-40
2024-04-03T15:47:08.133000,54:d2:72:64:1b:f4,0,-40
2024-04-03T15:47:08.163000,54:d2:72:64:1b:f4,0,-40
2024-04-03T15:47:08.186000,54:d2:72:64:1b:f4,0,-39
2024-04-03T15:47:08.215000,54:d2:72:64:1b:f4,0,-39
2024-04-03T15:47:08.225000,1a:69:1c:14:f9:a0,1,-66
2024-04-03T15:47:08.238000,54:d2:72:64:1b:f4,0,-47
2024-04-03T15:47:08.256000,54:d2:72:64:1b:f4,0,-40
2024-04-03T15:47:08.275000,6f:0e:25:55:61:95,1,-86
2024-04-03T15:47:08.284000,54:d2:72:64:1b:f4,0,-40
2024-04-03T15:47:08.295000,e8:d2:ed:ce:49:81,1,-56
2024-04-03T15:47:08.307000,4f:e6:aa:44:d2:39,1,-51
2024-04-03T15:47:08.311000,54:d2:72:64:1b:f4,0,-40
2024-04-03T15:47:08.337000,54:d2:72:64:1b:f4,0,-39
2024-04-03T15:47:08.365000,54:d2:72:64:1b:f4,0,-36
2024-04-03T15:47:08.384000,54:d2:72:64:1b:f4,0,-45
2024-04-03T15:47:08.410000,54:d2:72:64:1b:f4,0,-40
2024-04-03T15:47:08.432000,54:d2:72:64:1b:f4,0,-40
2024-04-03T15:47:08.440000,1a:69:1c:14:f9:a0,1,-66
2024-04-03T15:47:08.446000,cb:94:54:ed:5d:28,1,-86
2024-04-03T15:47:08.487000,54:d2:72:64:1b:f4,0,-39
2024-04-03T15:47:08.509000,54:d2:72:64:1b:f4,0,-47
2024-04-03T15:47:08.529000,54:d2:72:64:1b:f4,0,-40
2024-04-03T15:47:08.540000,1a:69:1c:14:f9:a0,1,-78
2024-04-03T15:47:08.556000,54:d2:72:64:1b:f4,0,-40
2024-04-03T15:47:08.562000,6f:0e:25:55:61:95,1,-84
2024-04-03T15:47:08.585000,54:d2:72:64:1b:f4,0,-40
2024-04-03T15:47:08.592000,4f:e6:aa:44:d2:39,1,-46
2024-04-03T15:47:08.608000,54:d2:72:64:1b:f4,0,-38
2024-04-03T15:47:08.631000,54:d2:72:64:1b:f4,0,-47
2024-04-03T15:47:08.639000,54:d2:72:64:1b:f4,0,-36
2024-04-03T15:47:08.647000,1a:69:1c:14:f9:a0,1,-63
2024-04-03T15:47:08.660000,54:d2:72:64:1b:f4,0,-47
2024-04-03T15:47:08.680000,54:d2:72:64:1b:f4,0,-40
2024-04-03T15:47:08.757000,54:d2:72:64:1b:f4,0,-39
2024-04-03T15:47:08.783000,54:d2:72:64:1b:f4,0,-38
2024-04-03T15:47:08.808000,54:d2:72:64:1b:f4,0,-45
2024-04-03T15:47:08.833000,54:d2:72:64:1b:f4,0,-45
2024-04-03T15:47:08.842000,6f:0e:25:55:61:95,1,-87
2024-04-03T15:47:08.849000,1a:69:1c:14:f9:a0,1,-69
2024-04-03T15:47:08.870000,54:d2:72:64:1b:f4,0,-40
2024-04-03T15:47:08.879000,cb:94:54:ed:5d:28,1,-80
2024-04-03T15:47:08.892000,54:d2:72:64:1b:f4,0,-36
2024-04-03T15:47:08.909000,54:d2:72:64:1b:f4,0,-36
2024-04-03T15:47:08.918000,44:d4:e2:76:77:52,1,-83
2024-04-03T15:47:08.936000,54:d2:72:64:1b:f4,0,-39
2024-04-03T15:47:08.953000,1a:69:1c:14:f9:a0,1,-78
2024-04-03T15:47:08.965000,54:d2:72:64:1b:f4,0,-39
2024-04-03T15:47:08.988000,54:d2:72:64:1b:f4,0,-47
2024-04-03T15:47:09.008000,54:d2:72:64:1b:f4,0,-40
2024-04-03T15:47:09.039000,54:d2:72:64:1b:f4,0,-41
2024-04-03T15:47:09.059000,1a:69:1c:14:f9:a0,1,-66
2024-04-03T15:47:09.064000,54:d2:72:64:1b:f4,0,-40
2024-04-03T15:47:09.090000,54:d2:72:64:1b:f4,0,-39
2024-04-03T15:47:09.104000,dc:23:4f:a9:9a:46,0,-86
2024-04-03T15:47:09.116000,54:d2:72:64:1b:f4,0,-39
2024-04-03T15:47:09.125000,6f:0e:25:55:61:95,1,-87
2024-04-03T15:47:09.134000,54:d2:72:64:1b:f4,0,-44
2024-04-03T15:47:09.155000,4f:e6:aa:44:d2:39,1,-46
2024-04-03T15:47:09.163000,1a:69:1c:14:f9:a0,1,-71
2024-04-03T15:47:09.184000,54:d2:72:64:1b:f4,0,-40
2024-04-03T15:47:09.191000,44:d4:e2:76:77:52,1,-84
2024-04-03T15:47:09.215000,54:d2:72:64:1b:f4,0,-40
2024-04-03T15:47:09.235000,54:d2:72:64:1b:f4,0,-36
2024-04-03T15:47:09.261000,54:d2:72:64:1b:f4,0,-47
2024-04-03T15:47:09.268000,1a:69:1c:14:f9:a0,1,-67
2024-04-03T15:47:09.282000,54:d2:72:64:1b:f4,0,-47
2024-04-03T15:47:09.289000,cb:94:54:ed:5d:28,1,-80
2024-04-03T15:47:09.308000,54:d2:72:64:1b:f4,0,-40
2024-04-03T15:47:09.338000,54:d2:72:64:1b:f4,0,-40
2024-04-03T15:47:09.359000,54:d2:72:64:1b:f4,0,-39
2024-04-03T15:47:09.373000,1a:69:1c:14:f9:a0,1,-75
2024-04-03T15:47:09.382000,54:d2:72:64:1b:f4,0,-36
2024-04-03T15:47:09.406000,54:d2:72:64:1b:f4,0,-47
2024-04-03T15:47:09.423000,ec:ea:7d:1e:6e:2f,1,-87
2024-04-03T15:47:09.434000,54:d2:72:64:1b:f4,0,-47
2024-04-03T15:47:09.445000,4f:e6:aa:44:d2:39,1,-48
2024-04-03T15:47:09.479000,1a:69:1c:14:f9:a0,1,-69
2024-04-03T15:47:09.484000,44:d4:e2:76:77:52,1,-83
2024-04-03T15:47:09.488000,54:d2:72:64:1b:f4,0,-40
2024-04-03T15:47:09.510000,54:d2:72:64:1b:f4,0,-36
2024-04-03T15:47:09.531000,54:d2:72:64:1b:f4,0,-45
2024-04-03T15:47:09.539000,54:d2:72:64:1b:f4,0,-39
2024-04-03T15:47:09.560000,54:d2:72:64:1b:f4,0,-44
2024-04-03T15:47:09.609000,54:d2:72:64:1b:f4,0,-40
2024-04-03T15:47:09.638000,54:d2:72:64:1b:f4,0,-40
2024-04-03T15:47:09.659000,54:d2:72:64:1b:f4,0,-36
2024-04-03T15:47:09.684000,a4:c1:38:e0:67:ae,0,-60
2024-04-03T15:47:09.691000,1a:69:1c:14:f9:a0,1,-64
2024-04-03T15:47:09.708000,cb:94:54:ed:5d:28,1,-80
2024-04-03T15:47:09.723000,54:d2:72:64:1b:f4,0,-46
2024-04-03T15:47:09.733000,4f:e6:aa:44:d2:39,1,-46
2024-04-03T15:47:09.738000,54:d2:72:64:1b:f4,0,-47
2024-04-03T15:47:09.759000,54:d2:72:64:1b:f4,0,-40
2024-04-03T15:47:09.767000,44:d4:e2:76:77:52,1,-88
2024-04-03T15:47:09.780000,54:d2:72:64:1b:f4,0,-39
2024-04-03T15:47:09.789000,1a:69:1c:14:f9:a0,1,-65
2024-04-03T15:47:09.806000,54:d2:72:64:1b:f4,0,-36
2024-04-03T15:47:09.830000,54:d2:72:64:1b:f4,0,-44
2024-04-03T15:47:09.855000,54:d2:72:64:1b:f4,0,-44
2024-04-03T15:47:09.905000,54:d2:72:64:1b:f4,0,-40
2024-04-03T15:47:09.929000,54:d2:72:64:1b:f4,0,-39
2024-04-03T15:47:09.955000,54:d2:72:64:1b:f4,0,-38
2024-04-03T15:47:09.965000,6f:0e:25:55:61:95,1,-85
2024-04-03T15:47:10.002000,1a:69:1c:14:f9:a0,1,-72
2024-04-03T15:47:10.014000,4f:e6:aa:44:d2:39,1,-47
2024-04-03T15:47:10.029000,44:d4:e2:76:77:52,1,-85
2024-04-03T15:47:10.107000,1a:69:1c:14:f9:a0,1,-65
2024-04-03T15:47:10.113000,dc:23:4f:a9:9a:46,0,-83
2024-04-03T15:47:10.133000,cb:94:54:ed:5d:28,1,-89
2024-04-03T15:47:10.212000,1a:69:1c:14:f9:a0,1,-71
2024-04-03T15:47:10.248000,6f:0e:25:55:61:95,1,-87
2024-04-03T15:47:10.308000,4f:e6:aa:44:d2:39,1,-47
2024-04-03T15:47:10.313000,1a:69:1c:14:f9:a0,1,-65
2024-04-03T15:47:10.379000,54:d2:72:64:1b:f4,0,-39
2024-04-03T15:47:10.417000,1a:69:1c:14:f9:a0,1,-64
2024-04-03T15:47:10.527000,6f:0e:25:55:61:95,1,-97
2024-04-03T15:47:10.588000,4f:e6:aa:44:d2:39,1,-47
2024-04-03T15:47:10.605000,44:d4:e2:76:77:52,1,-95
2024-04-03T15:47:10.624000,1a:69:1c:14:f9:a0,1,-69
2024-04-03T15:47:10.733000,1a:69:1c:14:f9:a0,1,-66
2024-04-03T15:47:10.810000,6f:0e:25:55:61:95,1,-85
2024-04-03T15:47:10.835000,1a:69:1c:14:f9:a0,1,-68
2024-04-03T15:47:10.874000,4f:e6:aa:44:d2:39,1,-47
2024-04-03T15:47:11.049000,1a:69:1c:14:f9:a0,1,-68
2024-04-03T15:47:11.095000,6f:0e:25:55:61:95,1,-91
2024-04-03T15:47:11.120000,dc:23:4f:a9:9a:46,0,-85
2024-04-03T15:47:11.157000,1a:69:1c:14:f9:a0,1,-67
2024-04-03T15:47:11.164000,4f:e6:aa:44:d2:39,1,-48
2024-04-03T15:47:11.227000,54:d2:72:64:1b:f4,0,-40
2024-04-03T15:47:11.263000,1a:69:1c:14:f9:a0,1,-70
2024-04-03T15:47:11.370000,1a:69:1c:14:f9:a0,1,-67
2024-04-03T15:47:11.379000,6f:0e:25:55:61:95,1,-84
2024-04-03T15:47:11.394000,cb:94:54:ed:5d:28,1,-94
2024-04-03T15:47:11.475000,1a:69:1c:14:f9:a0,1,-69
2024-04-03T15:47:11.574000,1a:69:1c:14:f9:a0,1,-65
2024-04-03T15:47:11.676000,1a:69:1c:14:f9:a0,1,-63
2024-04-03T15:47:11.742000,44:d4:e2:76:77:52,1,-94
2024-04-03T15:47:11.746000,4f:e6:aa:44:d2:39,1,-50
2024-04-03T15:47:11.817000,cb:94:54:ed:5d:28,1,-90
2024-04-03T15:47:11.884000,1a:69:1c:14:f9:a0,1,-64
2024-04-03T15:47:11.948000,6f:0e:25:55:61:95,1,-84
2024-04-03T15:47:11.974000,a4:c1:38:e0:67:ae,0,-69
2024-04-03T15:47:11.981000,54:d2:72:64:1b:f4,0,-40
2024-04-03T15:47:12.028000,4f:e6:aa:44:d2:39,1,-50
2024-04-03T15:47:12.033000,44:d4:e2:76:77:52,1,-88
2024-04-03T15:47:12.102000,1a:69:1c:14:f9:a0,1,-64
2024-04-03T15:47:12.123000,dc:23:4f:a9:9a:46,0,-88
2024-04-03T15:47:12.208000,1a:69:1c:14:f9:a0,1,-63
2024-04-03T15:47:12.230000,6f:0e:25:55:61:95,1,-85
2024-04-03T15:47:12.245000,cb:94:54:ed:5d:28,1,-92
2024-04-03T15:47:12.313000,1a:69:1c:14:f9:a0,1,-67
2024-04-03T15:47:12.318000,4f:e6:aa:44:d2:39,1,-50
2024-04-03T15:47:12.399000,54:d2:72:64:1b:f4,0,-40
2024-04-03T15:47:12.523000,1a:69:1c:14:f9:a0,1,-69
2024-04-03T15:47:12.600000,4f:e6:aa:44:d2:39,1,-48
2024-04-03T15:47:12.604000,44:d4:e2:76:77:52,1,-89
2024-04-03T15:47:12.627000,1a:69:1c:14:f9:a0,1,-63
2024-04-03T15:47:12.665000,cb:94:54:ed:5d:28,1,-96
2024-04-03T15:47:12.737000,1a:69:1c:14:f9:a0,1,-70
2024-04-03T15:47:12.793000,6f:0e:25:55:61:95,1,-85
2024-04-03T15:47:12.823000,54:d2:72:64:1b:f4,0,-47
2024-04-03T15:47:12.843000,1a:69:1c:14:f9:a0,1,-65
2024-04-03T15:47:12.889000,4f:e6:aa:44:d2:39,1,-48
2024-04-03T15:47:12.951000,1a:69:1c:14:f9:a0,1,-71
2024-04-03T15:47:13.056000,1a:69:1c:14:f9:a0,1,-63
2024-04-03T15:47:13.161000,1a:69:1c:14:f9:a0,1,-69
2024-04-03T15:47:13.168000,44:d4:e2:76:77:52,1,-93
2024-04-03T15:47:13.179000,4f:e6:aa:44:d2:39,1,-47
2024-04-03T15:47:13.249000,54:d2:72:64:1b:f4,0,-47
2024-04-03T15:47:13.261000,1a:69:1c:14:f9:a0,1,-65
2024-04-03T15:47:13.298000,e8:d2:ed:ce:49:81,1,-56
2024-04-03T15:47:13.359000,6f:0e:25:55:61:95,1,-86
2024-04-03T15:47:13.365000,1a:69:1c:14:f9:a0,1,-72
2024-04-03T15:47:13.424000,ec:ea:7d:1e:6e:2f,1,-90
2024-04-03T15:47:13.447000,44:d4:e2:76:77:52,1,-87
2024-04-03T15:47:13.463000,4f:e6:aa:44:d2:39,1,-48
2024-04-03T15:47:13.574000,1a:69:1c:14:f9:a0,1,-73
2024-04-03T15:47:13.645000,6f:0e:25:55:61:95,1,-91
2024-04-03T15:47:13.674000,1a:69:1c:14:f9:a0,1,-66
2024-04-03T15:47:13.748000,4f:e6:aa:44:d2:39,1,-47
2024-04-03T15:47:13.775000,1a:69:1c:14:f9:a0,1,-63
2024-04-03T15:47:13.927000,6f:0e:25:55:61:95,1,-86
2024-04-03T15:47:13.936000,cb:94:54:ed:5d:28,1,-79
2024-04-03T15:47:13.989000,1a:69:1c:14:f9:a0,1,-63
2024-04-03T15:47:14.005000,54:d2:72:64:1b:f4,0,-39
2024-04-03T15:47:14.023000,44:d4:e2:76:77:52,1,-88
2024-04-03T15:47:14.037000,4f:e6:aa:44:d2:39,1,-50
2024-04-03T15:47:14.097000,1a:69:1c:14:f9:a0,1,-67
2024-04-03T15:47:14.128000,77:84:9b:98:26:fb,1,-96
2024-04-03T15:47:14.138000,dc:23:4f:a9:9a:46,0,-87
2024-04-03T15:47:14.184000,ec:b7:78:df:b4:73,1,-95
2024-04-03T15:47:14.206000,1a:69:1c:14:f9:a0,1,-71
2024-04-03T15:47:14.291000,a4:c1:38:e0:67:ae,0,-67
2024-04-03T15:47:14.313000,1a:69:1c:14:f9:a0,1,-62
2024-04-03T15:47:14.325000,4f:e6:aa:44:d2:39,1,-51
2024-04-03T15:47:14.356000,cb:94:54:ed:5d:28,1,-79
2024-04-03T15:47:14.424000,54:d2:72:64:1b:f4,0,-36
2024-04-03T15:47:14.494000,6f:0e:25:55:61:95,1,-85
2024-04-03T15:47:14.599000,44:d4:e2:76:77:52,1,-88
2024-04-03T15:47:14.604000,4f:e6:aa:44:d2:39,1,-47
2024-04-03T15:47:14.631000,1a:69:1c:14:f9:a0,1,-69
2024-04-03T15:47:14.729000,1a:69:1c:14:f9:a0,1,-67
2024-04-03T15:47:14.776000,6f:0e:25:55:61:95,1,-86
2024-04-03T15:47:14.833000,1a:69:1c:14:f9:a0,1,-70
2024-04-03T15:47:14.850000,54:d2:72:64:1b:f4,0,-36
2024-04-03T15:47:14.857000,76:d3:c9:dc:fc:ad,1,-99
2024-04-03T15:47:14.885000,44:d4:e2:76:77:52,1,-88
2024-04-03T15:47:14.894000,4f:e6:aa:44:d2:39,1,-50
2024-04-03T15:47:14.933000,1a:69:1c:14:f9:a0,1,-68
2024-04-03T15:47:15.034000,1a:69:1c:14:f9:a0,1,-63
2024-04-03T15:47:15.056000,6f:0e:25:55:61:95,1,-90
2024-04-03T15:47:15.139000,1a:69:1c:14:f9:a0,1,-72
2024-04-03T15:47:15.179000,4f:e6:aa:44:d2:39,1,-47
2024-04-03T15:47:15.201000,cb:94:54:ed:5d:28,1,-78
2024-04-03T15:47:15.245000,1a:69:1c:14:f9:a0,1,-63
2024-04-03T15:47:15.269000,54:d2:72:64:1b:f4,0,-36
2024-04-03T15:47:15.339000,6f:0e:25:55:61:95,1,-85
2024-04-03T15:47:15.431000,ec:ea:7d:1e:6e:2f,1,-94
2024-04-03T15:47:15.459000,1a:69:1c:14:f9:a0,1,-62
2024-04-03T15:47:15.468000,4f:e6:aa:44:d2:39,1,-51
2024-04-03T15:47:15.494000,44:d4:e2:76:77:52,1,-87
2024-04-03T15:47:15.564000,1a:69:1c:14:f9:a0,1,-67
2024-04-03T15:47:15.624000,6f:0e:25:55:61:95,1,-88
2024-04-03T15:47:15.689000,54:d2:72:64:1b:f4,0,-37
2024-04-03T15:47:15.749000,4f:e6:aa:44:d2:39,1,-47
2024-04-03T15:47:15.774000,1a:69:1c:14:f9:a0,1,-69
2024-04-03T15:47:15.807000,e8:d2:ed:ce:49:81,1,-55
2024-04-03T15:47:15.883000,1a:69:1c:14:f9:a0,1,-76
2024-04-03T15:47:15.908000,6f:0e:25:55:61:95,1,-86
2024-04-03T15:47:16.023000,44:d4:e2:76:77:52,1,-86
2024-04-03T15:47:16.031000,54:d2:72:64:1b:f4,0,-40
2024-04-03T15:47:16.088000,1a:69:1c:14:f9:a0,1,-62
2024-04-03T15:47:16.143000,dc:23:4f:a9:9a:46,0,-85
2024-04-03T15:47:16.192000,6f:0e:25:55:61:95,1,-90
2024-04-03T15:47:16.305000,44:d4:e2:76:77:52,1,-91
2024-04-03T15:47:16.314000,1a:69:1c:14:f9:a0,1,-76
2024-04-03T15:47:16.333000,4f:e6:aa:44:d2:39,1,-51
2024-04-03T15:47:16.457000,54:d2:72:64:1b:f4,0,-46
2024-04-03T15:47:16.478000,6f:0e:25:55:61:95,1,-88
2024-04-03T15:47:16.513000,1a:69:1c:14:f9:a0,1,-70
2024-04-03T15:47:16.593000,44:d4:e2:76:77:52,1,-86
2024-04-03T15:47:16.615000,4f:e6:aa:44:d2:39,1,-48
2024-04-03T15:47:16.639000,a4:c1:38:e0:67:ae,0,-65
2024-04-03T15:47:16.723000,1a:69:1c:14:f9:a0,1,-69
2024-04-03T15:47:16.762000,6f:0e:25:55:61:95,1,-87
2024-04-03T15:47:16.881000,54:d2:72:64:1b:f4,0,-44
2024-04-03T15:47:16.888000,cb:94:54:ed:5d:28,1,-86
2024-04-03T15:47:16.900000,4f:e6:aa:44:d2:39,1,-47
2024-04-03T15:47:16.928000,1a:69:1c:14:f9:a0,1,-61
2024-04-03T15:47:17.030000,1a:69:1c:14:f9:a0,1,-65
2024-04-03T15:47:17.045000,6f:0e:25:55:61:95,1,-87
2024-04-03T15:47:17.136000,1a:69:1c:14:f9:a0,1,-62
2024-04-03T15:47:17.145000,dc:23:4f:a9:9a:46,0,-86
2024-04-03T15:47:17.163000,44:d4:e2:76:77:52,1,-87
2024-04-03T15:47:17.190000,4f:e6:aa:44:d2:39,1,-48
2024-04-03T15:47:17.245000,1a:69:1c:14:f9:a0,1,-72
2024-04-03T15:47:17.298000,54:d2:72:64:1b:f4,0,-44
2024-04-03T15:47:17.312000,cb:94:54:ed:5d:28,1,-89
2024-04-03T15:47:17.328000,6f:0e:25:55:61:95,1,-86
2024-04-03T15:47:17.348000,1a:69:1c:14:f9:a0,1,-62
2024-04-03T15:47:17.414000,77:84:9b:98:26:fb,1,-99
2024-04-03T15:47:17.435000,ec:ea:7d:1e:6e:2f,1,-95
2024-04-03T15:47:17.450000,1a:69:1c:14:f9:a0,1,-69
2024-04-03T15:47:17.474000,4f:e6:aa:44:d2:39,1,-49
2024-04-03T15:47:17.548000,1a:69:1c:14:f9:a0,1,-68
2024-04-03T15:47:17.613000,6f:0e:25:55:61:95,1,-84
2024-04-03T15:47:17.650000,1a:69:1c:14:f9:a0,1,-65
2024-04-03T15:47:17.739000,cb:94:54:ed:5d:28,1,-92
2024-04-03T15:47:17.758000,1a:69:1c:14:f9:a0,1,-69
2024-04-03T15:47:17.839000,76:d3:c9:dc:fc:ad,1,-103
2024-04-03T15:47:17.863000,1a:69:1c:14:f9:a0,1,-64
2024-04-03T15:47:17.897000,6f:0e:25:55:61:95,1,-85
2024-04-03T15:47:18.028000,44:d4:e2:76:77:52,1,-95
2024-04-03T15:47:18.043000,4f:e6:aa:44:d2:39,1,-47
2024-04-03T15:47:18.056000,54:d2:72:64:1b:f4,0,-39
2024-04-03T15:47:18.067000,1a:69:1c:14:f9:a0,1,-68
2024-04-03T15:47:18.149000,dc:23:4f:a9:9a:46,0,-83
2024-04-03T15:47:18.165000,cb:94:54:ed:5d:28,1,-80
2024-04-03T15:47:18.175000,1a:69:1c:14:f9:a0,1,-65
2024-04-03T15:47:18.273000,1a:69:1c:14:f9:a0,1,-67
2024-04-03T15:47:18.308000,e8:d2:ed:ce:49:81,1,-55
2024-04-03T15:47:18.330000,44:d4:e2:76:77:52,1,-91
2024-04-03T15:47:18.338000,4f:e6:aa:44:d2:39,1,-47
2024-04-03T15:47:18.377000,1a:69:1c:14:f9:a0,1,-65
2024-04-03T15:47:18.466000,6f:0e:25:55:61:95,1,-88
2024-04-03T15:47:18.478000,54:d2:72:64:1b:f4,0,-36
2024-04-03T15:47:18.583000,1a:69:1c:14:f9:a0,1,-64
2024-04-03T15:47:18.590000,cb:94:54:ed:5d:28,1,-81
2024-04-03T15:47:18.607000,44:d4:e2:76:77:52,1,-97
2024-04-03T15:47:18.613000,4f:e6:aa:44:d2:39,1,-47
2024-04-03T15:47:18.659000,a4:c1:38:e0:67:ae,0,-62
2024-04-03T15:47:18.691000,1a:69:1c:14:f9:a0,1,-62
2024-04-03T15:47:18.748000,6f:0e:25:55:61:95,1,-91
2024-04-03T15:47:18.896000,54:d2:72:64:1b:f4,0,-36
2024-04-03T15:47:18.911000,1a:69:1c:14:f9:a0,1,-64
2024-04-03T15:47:19.010000,1a:69:1c:14:f9:a0,1,-65
2024-04-03T15:47:19.029000,6f:0e:25:55:61:95,1,-86
2024-04-03T15:47:19.116000,1a:69:1c:14:f9:a0,1,-69
2024-04-03T15:47:19.157000,dc:23:4f:a9:9a:46,0,-85
2024-04-03T15:47:19.184000,44:d4:e2:76:77:52,1,-91
2024-04-03T15:47:19.190000,4f:e6:aa:44:d2:39,1,-48
2024-04-03T15:47:19.220000,1a:69:1c:14:f9:a0,1,-65
2024-04-03T15:47:19.313000,6f:0e:25:55:61:95,1,-88
2024-04-03T15:47:19.321000,1a:69:1c:14:f9:a0,1,-62
2024-04-03T15:47:19.421000,1a:69:1c:14:f9:a0,1,-68
2024-04-03T15:47:19.431000,cb:94:54:ed:5d:28,1,-80
2024-04-03T15:47:19.450000,ec:ea:7d:1e:6e:2f,1,-88
2024-04-03T15:47:19.469000,4f:e6:aa:44:d2:39,1,-50
2024-04-03T15:47:19.527000,1a:69:1c:14:f9:a0,1,-63
2024-04-03T15:47:19.597000,6f:0e:25:55:61:95,1,-86
2024-04-03T15:47:19.630000,1a:69:1c:14:f9:a0,1,-68
2024-04-03T15:47:19.834000,1a:69:1c:14:f9:a0,1,-68
2024-04-03T15:47:19.855000,cb:94:54:ed:5d:28,1,-88
2024-04-03T15:47:19.939000,1a:69:1c:14:f9:a0,1,-65
2024-04-03T15:47:20.033000,44:d4:e2:76:77:52,1,-97
2024-04-03T15:47:20.043000,4f:e6:aa:44:d2:39,1,-46
2024-04-03T15:47:20.049000,1a:69:1c:14:f9:a0,1,-68
2024-04-03T15:47:20.080000,54:d2:72:64:1b:f4,0,-43
2024-04-03T15:47:20.156000,dc:23:4f:a9:9a:46,0,-85
2024-04-03T15:47:20.178000,6f:0e:25:55:61:95,1,-85
2024-04-03T15:47:20.284000,cb:94:54:ed:5d:28,1,-90
2024-04-03T15:47:20.318000,44:d4:e2:76:77:52,1,-87
2024-04-03T15:47:20.367000,1a:69:1c:14:f9:a0,1,-62
2024-04-03T15:47:20.453000,6f:0e:25:55:61:95,1,-89
2024-04-03T15:47:20.506000,54:d2:72:64:1b:f4,0,-47
2024-04-03T15:47:20.576000,1a:69:1c:14:f9:a0,1,-63
2024-04-03T15:47:20.620000,4f:e6:aa:44:d2:39,1,-46
2024-04-03T15:47:20.671000,dc:d4:fd:3c:d4:ec,1,-100
2024-04-03T15:47:20.681000,1a:69:1c:14:f9:a0,1,-68
2024-04-03T15:47:20.717000,a4:c1:38:e0:67:ae,0,-63
2024-04-03T15:47:20.738000,6f:0e:25:55:61:95,1,-86
2024-04-03T15:47:20.786000,1a:69:1c:14:f9:a0,1,-63
2024-04-03T15:47:20.816000,e8:d2:ed:ce:49:81,1,-55
2024-04-03T15:47:20.883000,44:d4:e2:76:77:52,1,-87
2024-04-03T15:47:20.905000,4f:e6:aa:44:d2:39,1,-50
2024-04-03T15:47:20.923000,54:d2:72:64:1b:f4,0,-44
2024-04-03T15:47:21.001000,1a:69:1c:14:f9:a0,1,-64
2024-04-03T15:47:21.107000,1a:69:1c:14:f9:a0,1,-65
2024-04-03T15:47:21.130000,cb:94:54:ed:5d:28,1,-90
2024-04-03T15:47:21.164000,dc:23:4f:a9:9a:46,0,-85
2024-04-03T15:47:21.193000,4f:e6:aa:44:d2:39,1,-50
2024-04-03T15:47:21.206000,1a:69:1c:14:f9:a0,1,-63
2024-04-03T15:47:21.308000,1a:69:1c:14:f9:a0,1,-68
2024-04-03T15:47:21.326000,54:d2:72:64:1b:f4,0,-39
2024-04-03T15:47:21.437000,ec:ea:7d:1e:6e:2f,1,-91
2024-04-03T15:47:21.457000,44:d4:e2:76:77:52,1,-88
2024-04-03T15:47:21.473000,4f:e6:aa:44:d2:39,1,-48
2024-04-03T15:47:21.518000,1a:69:1c:14:f9:a0,1,-68
2024-04-03T15:47:21.555000,cb:94:54:ed:5d:28,1,-82
2024-04-03T15:47:21.721000,1a:69:1c:14:f9:a0,1,-63
2024-04-03T15:47:21.746000,44:d4:e2:76:77:52,1,-99
2024-04-03T15:47:21.754000,54:d2:72:64:1b:f4,0,-39
2024-04-03T15:47:21.769000,4f:e6:aa:44:d2:39,1,-48
2024-04-03T15:47:21.826000,1a:69:1c:14:f9:a0,1,-63
2024-04-03T15:47:21.873000,6f:0e:25:55:61:95,1,-87
2024-04-03T15:47:21.925000,1a:69:1c:14:f9:a0,1,-65
2024-04-03T15:47:22.027000,1a:69:1c:14:f9:a0,1,-64
2024-04-03T15:47:22.048000,44:d4:e2:76:77:52,1,-93
2024-04-03T15:47:22.057000,4f:e6:aa:44:d2:39,1,-50
2024-04-03T15:47:22.076000,77:84:9b:98:26:fb,1,-98
2024-04-03T15:47:22.131000,1a:69:1c:14:f9:a0,1,-63
2024-04-03T15:47:22.155000,6f:0e:25:55:61:95,1,-87
2024-04-03T15:47:22.166000,dc:23:4f:a9:9a:46,0,-84
2024-04-03T15:47:22.185000,54:d2:72:64:1b:f4,0,-40
2024-04-03T15:47:22.200000,ec:b7:78:df:b4:73,1,-95
2024-04-03T15:47:22.211000,73:e3:8d:b8:3a:51,1,-99
2024-04-03T15:47:22.239000,1a:69:1c:14:f9:a0,1,-73
2024-04-03T15:47:22.324000,44:d4:e2:76:77:52,1,-89
2024-04-03T15:47:22.333000,4f:e6:aa:44:d2:39,1,-48
2024-04-03T15:47:22.341000,1a:69:1c:14:f9:a0,1,-65
2024-04-03T15:47:22.406000,cb:94:54:ed:5d:28,1,-87
2024-04-03T15:47:22.435000,6f:0e:25:55:61:95,1,-90
2024-04-03T15:47:22.446000,1a:69:1c:14:f9:a0,1,-70
2024-04-03T15:47:22.551000,1a:69:1c:14:f9:a0,1,-64
2024-04-03T15:47:22.594000,54:d2:72:64:1b:f4,0,-40
2024-04-03T15:47:22.609000,44:d4:e2:76:77:52,1,-93
2024-04-03T15:47:22.623000,4f:e6:aa:44:d2:39,1,-46
2024-04-03T15:47:22.656000,1a:69:1c:14:f9:a0,1,-69
2024-04-03T15:47:22.719000,6f:0e:25:55:61:95,1,-85
2024-04-03T15:47:22.832000,cb:94:54:ed:5d:28,1,-90
2024-04-03T15:47:22.868000,1a:69:1c:14:f9:a0,1,-69
2024-04-03T15:47:22.897000,44:d4:e2:76:77:52,1,-87
2024-04-03T15:47:22.907000,4f:e6:aa:44:d2:39,1,-51
2024-04-03T15:47:23.016000,54:d2:72:64:1b:f4,0,-40
2024-04-03T15:47:23.071000,1a:69:1c:14:f9:a0,1,-66
2024-04-03T15:47:23.178000,dc:23:4f:a9:9a:46,0,-84
2024-04-03T15:47:23.190000,1a:69:1c:14:f9:a0,1,-65
2024-04-03T15:47:23.196000,4f:e6:aa:44:d2:39,1,-48
2024-04-03T15:47:23.260000,cb:94:54:ed:5d:28,1,-91
2024-04-03T15:47:23.286000,1a:69:1c:14:f9:a0,1,-68
2024-04-03T15:47:23.324000,e8:d2:ed:ce:49:81,1,-56
2024-04-03T15:47:23.352000,54:d2:72:64:1b:f4,0,-40
2024-04-03T15:47:23.391000,1a:69:1c:14:f9:a0,1,-65
2024-04-03T15:47:23.437000,ec:ea:7d:1e:6e:2f,1,-94
2024-04-03T15:47:23.470000,4f:e6:aa:44:d2:39,1,-46
2024-04-03T15:47:23.495000,1a:69:1c:14:f9:a0,1,-69
2024-04-03T15:47:23.569000,6f:0e:25:55:61:95,1,-89
2024-04-03T15:47:23.601000,1a:69:1c:14:f9:a0,1,-65
2024-04-03T15:47:23.677000,cb:94:54:ed:5d:28,1,-91
2024-04-03T15:47:23.699000,1a:69:1c:14:f9:a0,1,-64
2024-04-03T15:47:23.758000,4f:e6:aa:44:d2:39,1,-50
2024-04-03T15:47:23.773000,54:d2:72:64:1b:f4,0,-44
2024-04-03T15:47:23.810000,1a:69:1c:14:f9:a0,1,-61
2024-04-03T15:47:23.850000,6f:0e:25:55:61:95,1,-88
2024-04-03T15:47:23.916000,1a:69:1c:14:f9:a0,1,-69
2024-04-03T15:47:23.974000,71:82:5c:1a:e0:bd,1,-91
2024-04-03T15:47:24.016000,1a:69:1c:14:f9:a0,1,-62
2024-04-03T15:47:24.041000,44:d4:e2:76:77:52,1,-88
2024-04-03T15:47:24.045000,4f:e6:aa:44:d2:39,1,-48
2024-04-03T15:47:24.101000,cb:94:54:ed:5d:28,1,-90
2024-04-03T15:47:24.121000,1a:69:1c:14:f9:a0,1,-64
2024-04-03T15:47:24.135000,6f:0e:25:55:61:95,1,-88
2024-04-03T15:47:24.176000,dc:23:4f:a9:9a:46,0,-84
2024-04-03T15:47:24.224000,1a:69:1c:14:f9:a0,1,-61
2024-04-03T15:47:24.281000,77:84:9b:98:26:fb,1,-99
2024-04-03T15:47:24.326000,1a:69:1c:14:f9:a0,1,-64
2024-04-03T15:47:24.363000,71:82:5c:1a:e0:bd,1,-92
2024-04-03T15:47:24.418000,6f:0e:25:55:61:95,1,-89
2024-04-03T15:47:24.432000,1a:69:1c:14:f9:a0,1,-61
2024-04-03T15:47:24.528000,cb:94:54:ed:5d:28,1,-81
2024-04-03T15:47:24.537000,1a:69:1c:14:f9:a0,1,-64
2024-04-03T15:47:24.548000,71:82:5c:1a:e0:bd,1,-91
2024-04-03T15:47:24.613000,44:d4:e2:76:77:52,1,-90
2024-04-03T15:47:24.642000,1a:69:1c:14:f9:a0,1,-62
2024-04-03T15:47:24.699000,6f:0e:25:55:61:95,1,-85
2024-04-03T15:47:24.749000,1a:69:1c:14:f9:a0,1,-65
2024-04-03T15:47:24.861000,1a:69:1c:14:f9:a0,1,-61
2024-04-03T15:47:24.898000,44:d4:e2:76:77:52,1,-97
2024-04-03T15:47:24.947000,cb:94:54:ed:5d:28,1,-81
2024-04-03T15:47:24.959000,1a:69:1c:14:f9:a0,1,-65
2024-04-03T15:47:24.984000,6f:0e:25:55:61:95,1,-88
2024-04-03T15:47:25.033000,54:d2:72:64:1b:f4,0,-47
2024-04-03T15:47:25.063000,1a:69:1c:14:f9:a0,1,-62
2024-04-03T15:47:25.164000,1a:69:1c:14:f9:a0,1,-65
2024-04-03T15:47:25.179000,4f:e6:aa:44:d2:39,1,-47
2024-04-03T15:47:25.185000,44:d4:e2:76:77:52,1,-90
2024-04-03T15:47:25.195000,dc:23:4f:a9:9a:46,0,-85
2024-04-03T15:47:25.269000,6f:0e:25:55:61:95,1,-85
2024-04-03T15:47:25.274000,1a:69:1c:14:f9:a0,1,-62
2024-04-03T15:47:25.368000,cb:94:54:ed:5d:28,1,-81
2024-04-03T15:47:25.377000,54:d2:72:64:1b:f4,0,-39
2024-04-03T15:47:25.401000,1a:69:1c:14:f9:a0,1,-64
2024-04-03T15:47:25.446000,ec:ea:7d:1e:6e:2f,1,-93
2024-04-03T15:47:25.464000,4f:e6:aa:44:d2:39,1,-48
2024-04-03T15:47:25.474000,44:d4:e2:76:77:52,1,-89
2024-04-03T15:47:25.487000,1a:69:1c:14:f9:a0,1,-69
2024-04-03T15:47:25.580000,1a:69:1c:14:f9:a0,1,-65
2024-04-03T15:47:25.653000,71:82:5c:1a:e0:bd,1,-93
2024-04-03T15:47:25.687000,1a:69:1c:14:f9:a0,1,-70
2024-04-03T15:47:25.747000,4f:e6:aa:44:d2:39,1,-46
2024-04-03T15:47:25.786000,cb:94:54:ed:5d:28,1,-82
2024-04-03T15:47:25.795000,1a:69:1c:14:f9:a0,1,-66
2024-04-03T15:47:25.829000,e8:d2:ed:ce:49:81,1,-55
2024-04-03T15:47:25.838000,6f:0e:25:55:61:95,1,-86
2024-04-03T15:47:25.896000,1a:69:1c:14:f9:a0,1,-70
2024-04-03T15:47:26.003000,1a:69:1c:14:f9:a0,1,-67
2024-04-03T15:47:26.019000,71:82:5c:1a:e0:bd,1,-93
2024-04-03T15:47:26.034000,4f:e6:aa:44:d2:39,1,-48
2024-04-03T15:47:26.047000,44:d4:e2:76:77:52,1,-88
2024-04-03T15:47:26.108000,1a:69:1c:14:f9:a0,1,-69
2024-04-03T15:47:26.120000,6f:0e:25:55:61:95,1,-88
2024-04-03T15:47:26.188000,dc:23:4f:a9:9a:46,0,-84
2024-04-03T15:47:26.209000,cb:94:54:ed:5d:28,1,-80
2024-04-03T15:47:26.219000,1a:69:1c:14:f9:a0,1,-67
2024-04-03T15:47:26.225000,54:d2:72:64:1b:f4,0,-40
2024-04-03T15:47:26.322000,1a:69:1c:14:f9:a0,1,-69
2024-04-03T15:47:26.326000,4f:e6:aa:44:d2:39,1,-50
2024-04-03T15:47:26.331000,44:d4:e2:76:77:52,1,-90
2024-04-03T15:47:26.400000,6f:0e:25:55:61:95,1,-91
2024-04-03T15:47:26.423000,1a:69:1c:14:f9:a0,1,-67
2024-04-03T15:47:26.528000,1a:69:1c:14:f9:a0,1,-69
2024-04-03T15:47:26.615000,4f:e6:aa:44:d2:39,1,-46
2024-04-03T15:47:26.619000,44:d4:e2:76:77:52,1,-91
2024-04-03T15:47:26.629000,cb:94:54:ed:5d:28,1,-81
2024-04-03T15:47:26.649000,54:d2:72:64:1b:f4,0,-40
2024-04-03T15:47:26.686000,6f:0e:25:55:61:95,1,-87
2024-04-03T15:47:26.733000,1a:69:1c:14:f9:a0,1,-69
2024-04-03T15:47:26.839000,1a:69:1c:14:f9:a0,1,-64
2024-04-03T15:47:26.943000,1a:69:1c:14:f9:a0,1,-69
2024-04-03T15:47:27.045000,1a:69:1c:14:f9:a0,1,-64
2024-04-03T15:47:27.051000,cb:94:54:ed:5d:28,1,-82
2024-04-03T15:47:27.071000,54:d2:72:64:1b:f4,0,-40
2024-04-03T15:47:27.147000,1a:69:1c:14:f9:a0,1,-68
2024-04-03T15:47:27.184000,4f:e6:aa:44:d2:39,1,-48
2024-04-03T15:47:27.194000,dc:23:4f:a9:9a:46,0,-86
2024-04-03T15:47:27.254000,6f:0e:25:55:61:95,1,-88
2024-04-03T15:47:27.258000,1a:69:1c:14:f9:a0,1,-64
2024-04-03T15:47:27.355000,1a:69:1c:14:f9:a0,1,-68
2024-04-03T15:47:27.400000,54:d2:72:64:1b:f4,0,-40
2024-04-03T15:47:27.448000,ec:ea:7d:1e:6e:2f,1,-87
2024-04-03T15:47:27.461000,1a:69:1c:14:f9:a0,1,-70
2024-04-03T15:47:27.469000,4f:e6:aa:44:d2:39,1,-50
2024-04-03T15:47:27.565000,1a:69:1c:14:f9:a0,1,-66
2024-04-03T15:47:27.669000,1a:69:1c:14:f9:a0,1,-68
2024-04-03T15:47:27.756000,4f:e6:aa:44:d2:39,1,-46
2024-04-03T15:47:27.763000,44:d4:e2:76:77:52,1,-88
2024-04-03T15:47:27.771000,1a:69:1c:14:f9:a0,1,-68
2024-04-03T15:47:27.823000,6f:0e:25:55:61:95,1,-86
2024-04-03T15:47:27.870000,1a:69:1c:14:f9:a0,1,-66
2024-04-03T15:47:27.895000,cb:94:54:ed:5d:28,1,-87
2024-04-03T15:47:27.978000,1a:69:1c:14:f9:a0,1,-72
2024-04-03T15:47:28.028000,71:82:5c:1a:e0:bd,1,-91
2024-04-03T15:47:28.044000,4f:e6:aa:44:d2:39,1,-48
2024-04-03T15:47:28.085000,1a:69:1c:14:f9:a0,1,-72
2024-04-03T15:47:28.105000,6f:0e:25:55:61:95,1,-91
2024-04-03T15:47:28.187000,1a:69:1c:14:f9:a0,1,-71
2024-04-03T15:47:28.249000,54:d2:72:64:1b:f4,0,-47
2024-04-03T15:47:28.287000,1a:69:1c:14:f9:a0,1,-66
2024-04-03T15:47:28.322000,cb:94:54:ed:5d:28,1,-88
2024-04-03T15:47:28.338000,4f:e6:aa:44:d2:39,1,-51
2024-04-03T15:47:28.347000,e8:d2:ed:ce:49:81,1,-56
2024-04-03T15:47:28.388000,1a:69:1c:14:f9:a0,1,-74
2024-04-03T15:47:28.397000,6f:0e:25:55:61:95,1,-86
2024-04-03T15:47:28.496000,1a:69:1c:14:f9:a0,1,-66
2024-04-03T15:47:28.598000,1a:69:1c:14:f9:a0,1,-73
2024-04-03T15:47:28.617000,4f:e6:aa:44:d2:39,1,-47
2024-04-03T15:47:28.627000,44:d4:e2:76:77:52,1,-90
2024-04-03T15:47:28.668000,54:d2:72:64:1b:f4,0,-44
2024-04-03T15:47:28.684000,6f:0e:25:55:61:95,1,-92
2024-04-03T15:47:28.744000,cb:94:54:ed:5d:28,1,-90
2024-04-03T15:47:28.808000,1a:69:1c:14:f9:a0,1,-72
2024-04-03T15:47:28.904000,4f:e6:aa:44:d2:39,1,-48
2024-04-03T15:47:28.913000,1a:69:1c:14:f9:a0,1,-65
2024-04-03T15:47:28.960000,6f:0e:25:55:61:95,1,-86
2024-04-03T15:47:29.026000,1a:69:1c:14:f9:a0,1,-72
2024-04-03T15:47:29.094000,54:d2:72:64:1b:f4,0,-40
2024-04-03T15:47:29.127000,1a:69:1c:14:f9:a0,1,-65
2024-04-03T15:47:29.163000,cb:94:54:ed:5d:28,1,-90
2024-04-03T15:47:29.189000,4f:e6:aa:44:d2:39,1,-47
2024-04-03T15:47:29.195000,dc:23:4f:a9:9a:46,0,-87
2024-04-03T15:47:29.237000,1a:69:1c:14:f9:a0,1,-72
2024-04-03T15:47:29.244000,6f:0e:25:55:61:95,1,-90
2024-04-03T15:47:29.313000,71:82:5c:1a:e0:bd,1,-93
2024-04-03T15:47:29.340000,1a:69:1c:14:f9:a0,1,-66
2024-04-03T15:47:29.425000,54:d2:72:64:1b:f4,0,-39
2024-04-03T15:47:29.447000,1a:69:1c:14:f9:a0,1,-72
2024-04-03T15:47:29.478000,4f:e6:aa:44:d2:39,1,-50
2024-04-03T15:47:29.498000,71:82:5c:1a:e0:bd,1,-91
2024-04-03T15:47:29.531000,6f:0e:25:55:61:95,1,-86
2024-04-03T15:47:29.547000,1a:69:1c:14:f9:a0,1,-66
2024-04-03T15:47:29.585000,cb:94:54:ed:5d:28,1,-90
2024-04-03T15:47:29.647000,1a:69:1c:14:f9:a0,1,-71
2024-04-03T15:47:29.678000,71:82:5c:1a:e0:bd,1,-91
2024-04-03T15:47:29.752000,1a:69:1c:14:f9:a0,1,-73
2024-04-03T15:47:29.763000,4f:e6:aa:44:d2:39,1,-47
2024-04-03T15:47:29.806000,44:d4:e2:76:77:52,1,-92
2024-04-03T15:47:29.848000,54:d2:72:64:1b:f4,0,-39
2024-04-03T15:47:29.857000,1a:69:1c:14:f9:a0,1,-71
2024-04-03T15:47:29.964000,1a:69:1c:14:f9:a0,1,-65
2024-04-03T15:47:30.009000,cb:94:54:ed:5d:28,1,-89
2024-04-03T15:47:30.041000,71:82:5c:1a:e0:bd,1,-92
2024-04-03T15:47:30.076000,1a:69:1c:14:f9:a0,1,-73
2024-04-03T15:47:30.096000,6f:0e:25:55:61:95,1,-86
2024-04-03T15:47:30.184000,1a:69:1c:14:f9:a0,1,-72
2024-04-03T15:47:30.198000,dc:23:4f:a9:9a:46,0,-86
2024-04-03T15:47:30.274000,54:d2:72:64:1b:f4,0,-40
2024-04-03T15:47:30.288000,1a:69:1c:14:f9:a0,1,-71
2024-04-03T15:47:30.329000,4f:e6:aa:44:d2:39,1,-47
2024-04-03T15:47:30.339000,44:d4:e2:76:77:52,1,-89
2024-04-03T15:47:30.380000,6f:0e:25:55:61:95,1,-85
2024-04-03T15:47:30.396000,1a:69:1c:14:f9:a0,1,-68
2024-04-03T15:47:30.430000,cb:94:54:ed:5d:28,1,-89
2024-04-03T15:47:30.504000,1a:69:1c:14:f9:a0,1,-66
2024-04-03T15:47:30.590000,71:82:5c:1a:e0:bd,1,-101
2024-04-03T15:47:30.610000,1a:69:1c:14:f9:a0,1,-66
2024-04-03T15:47:30.617000,4f:e6:aa:44:d2:39,1,-49
2024-04-03T15:47:30.716000,1a:69:1c:14:f9:a0,1,-71
2024-04-03T15:47:30.819000,1a:69:1c:14:f9:a0,1,-69
2024-04-03T15:47:30.848000,e8:d2:ed:ce:49:81,1,-55
2024-04-03T15:47:30.857000,cb:94:54:ed:5d:28,1,-81
2024-04-03T15:47:30.909000,4f:e6:aa:44:d2:39,1,-46
2024-04-03T15:47:30.917000,44:d4:e2:76:77:52,1,-92
2024-04-03T15:47:30.922000,1a:69:1c:14:f9:a0,1,-67
2024-04-03T15:47:30.946000,6f:0e:25:55:61:95,1,-87
2024-04-03T15:47:31.022000,1a:69:1c:14:f9:a0,1,-67
2024-04-03T15:47:31.114000,54:d2:72:64:1b:f4,0,-40
2024-04-03T15:47:31.130000,1a:69:1c:14:f9:a0,1,-67
2024-04-03T15:47:31.203000,dc:23:4f:a9:9a:46,0,-86
2024-04-03T15:47:31.227000,6f:0e:25:55:61:95,1,-90
2024-04-03T15:47:31.240000,1a:69:1c:14:f9:a0,1,-69
2024-04-03T15:47:31.281000,cb:94:54:ed:5d:28,1,-81
2024-04-03T15:47:31.449000,1a:69:1c:14:f9:a0,1,-70
2024-04-03T15:47:31.455000,54:d2:72:64:1b:f4,0,-40
2024-04-03T15:47:31.475000,4f:e6:aa:44:d2:39,1,-46
2024-04-03T15:47:31.479000,44:d4:e2:76:77:52,1,-88
2024-04-03T15:47:31.511000,6f:0e:25:55:61:95,1,-86
2024-04-03T15:47:31.549000,1a:69:1c:14:f9:a0,1,-68
2024-04-03T15:47:31.560000,a4:c1:38:e0:67:ae,0,-60
2024-04-03T15:47:31.650000,1a:69:1c:14:f9:a0,1,-67
2024-04-03T15:47:31.685000,71:82:5c:1a:e0:bd,1,-92
2024-04-03T15:47:31.706000,cb:94:54:ed:5d:28,1,-87
2024-04-03T15:47:31.797000,6f:0e:25:55:61:95,1,-91
2024-04-03T15:47:31.865000,1a:69:1c:14:f9:a0,1,-71
2024-04-03T15:47:31.870000,54:d2:72:64:1b:f4,0,-40
2024-04-03T15:47:31.968000,1a:69:1c:14:f9:a0,1,-64
2024-04-03T15:47:32.039000,4f:e6:aa:44:d2:39,1,-48
2024-04-03T15:47:32.049000,44:d4:e2:76:77:52,1,-87
2024-04-03T15:47:32.070000,1a:69:1c:14:f9:a0,1,-68
2024-04-03T15:47:32.081000,6f:0e:25:55:61:95,1,-86
2024-04-03T15:47:32.130000,cb:94:54:ed:5d:28,1,-87
2024-04-03T15:47:32.172000,1a:69:1c:14:f9:a0,1,-70
2024-04-03T15:47:32.277000,1a:69:1c:14:f9:a0,1,-67
2024-04-03T15:47:32.293000,54:d2:72:64:1b:f4,0,-47
2024-04-03T15:47:32.330000,4f:e6:aa:44:d2:39,1,-48
2024-04-03T15:47:32.363000,6f:0e:25:55:61:95,1,-90
2024-04-03T15:47:32.381000,1a:69:1c:14:f9:a0,1,-69
2024-04-03T15:47:32.488000,1a:69:1c:14:f9:a0,1,-68
2024-04-03T15:47:32.557000,cb:94:54:ed:5d:28,1,-90
2024-04-03T15:47:32.596000,7a:a1:9a:7a:25:fe,1,-94
2024-04-03T15:47:32.606000,1a:69:1c:14:f9:a0,1,-64
2024-04-03T15:47:32.614000,4f:e6:aa:44:d2:39,1,-46
2024-04-03T15:47:32.619000,44:d4:e2:76:77:52,1,-88
2024-04-03T15:47:32.646000,6f:0e:25:55:61:95,1,-86
2024-04-03T15:47:32.702000,1a:69:1c:14:f9:a0,1,-67
2024-04-03T15:47:32.714000,54:d2:72:64:1b:f4,0,-47
2024-04-03T15:47:32.795000,71:82:5c:1a:e0:bd,1,-92
2024-04-03T15:47:32.810000,1a:69:1c:14:f9:a0,1,-64
2024-04-03T15:47:32.920000,1a:69:1c:14:f9:a0,1,-67
2024-04-03T15:47:32.980000,cb:94:54:ed:5d:28,1,-90
2024-04-03T15:47:33.124000,1a:69:1c:14:f9:a0,1,-67
2024-04-03T15:47:33.141000,54:d2:72:64:1b:f4,0,-47
2024-04-03T15:47:33.185000,4f:e6:aa:44:d2:39,1,-46
2024-04-03T15:47:33.194000,44:d4:e2:76:77:52,1,-90
2024-04-03T15:47:33.210000,6f:0e:25:55:61:95,1,-89
2024-04-03T15:47:33.218000,dc:23:4f:a9:9a:46,0,-85
2024-04-03T15:47:33.230000,1a:69:1c:14:f9:a0,1,-65
2024-04-03T15:47:33.326000,1a:69:1c:14:f9:a0,1,-68
2024-04-03T15:47:33.348000,e8:d2:ed:ce:49:81,1,-56
2024-04-03T15:47:33.401000,cb:94:54:ed:5d:28,1,-90
2024-04-03T15:47:33.429000,1a:69:1c:14:f9:a0,1,-67
2024-04-03T15:47:33.469000,4f:e6:aa:44:d2:39,1,-50
2024-04-03T15:47:33.477000,54:d2:72:64:1b:f4,0,-39
2024-04-03T15:47:33.495000,6f:0e:25:55:61:95,1,-87
2024-04-03T15:47:33.533000,1a:69:1c:14:f9:a0,1,-69
2024-04-03T15:47:33.637000,1a:69:1c:14:f9:a0,1,-67
2024-04-03T15:47:33.744000,1a:69:1c:14:f9:a0,1,-68
2024-04-03T15:47:33.755000,4f:e6:aa:44:d2:39,1,-47
2024-04-03T15:47:33.764000,44:d4:e2:76:77:52,1,-90
2024-04-03T15:47:33.777000,6f:0e:25:55:61:95,1,-89
2024-04-03T15:47:33.819000,cb:94:54:ed:5d:28,1,-90
2024-04-03T15:47:33.850000,1a:69:1c:14:f9:a0,1,-67
2024-04-03T15:47:33.897000,54:d2:72:64:1b:f4,0,-39
2024-04-03T15:47:33.916000,a4:c1:38:e0:67:ae,0,-63
2024-04-03T15:47:33.957000,1a:69:1c:14:f9:a0,1,-68
2024-04-03T15:47:34.039000,4f:e6:aa:44:d2:39,1,-48
2024-04-03T15:47:34.057000,1a:69:1c:14:f9:a0,1,-67
2024-04-03T15:47:34.221000,dc:23:4f:a9:9a:46,0,-85
2024-04-03T15:47:34.244000,cb:94:54:ed:5d:28,1,-91
2024-04-03T15:47:34.264000,1a:69:1c:14:f9:a0,1,-68
2024-04-03T15:47:34.284000,71:82:5c:1a:e0:bd,1,-91
2024-04-03T15:47:34.320000,54:d2:72:64:1b:f4,0,-36
2024-04-03T15:47:34.330000,4f:e6:aa:44:d2:39,1,-47
2024-04-03T15:47:34.336000,44:d4:e2:76:77:52,1,-90
2024-04-03T15:47:34.341000,6f:0e:25:55:61:95,1,-88
2024-04-03T15:47:34.364000,1a:69:1c:14:f9:a0,1,-64
2024-04-03T15:47:34.468000,1a:69:1c:14:f9:a0,1,-67
2024-04-03T15:47:34.569000,1a:69:1c:14:f9:a0,1,-67
2024-04-03T15:47:34.610000,4f:e6:aa:44:d2:39,1,-50
2024-04-03T15:47:32.596000,7a:a1:9a:7a:25:fe,1,-94
