2024-04-15T13:22:47.539000,fb:19:06:45:ff:a3,1,-93
2024-04-15T13:22:47.845000,64:62:ea:ed:98:55,1,-80
2024-04-15T13:22:47.854000,62:40:1b:ed:41:1d,1,-95
2024-04-15T13:22:47.861000,55:ab:8b:5f:82:1a,1,-84
2024-04-15T13:22:47.870000,51:47:af:69:f1:dc,1,-96
2024-04-15T13:22:47.879000,45:fd:d6:cf:0d:6d,1,-93
2024-04-15T13:22:47.888000,67:e2:cf:45:62:80,1,-75
2024-04-15T13:22:47.897000,62:40:1b:ed:41:1d,1,-92
2024-04-15T13:22:47.903000,f0:57:7e:12:c1:8a,1,-92
2024-04-15T13:22:47.907000,43:ea:e7:07:d6:f5,1,-56
2024-04-15T13:22:47.911000,64:62:ea:ed:98:55,1,-79
2024-04-15T13:22:47.920000,55:ab:8b:5f:82:1a,1,-80
2024-04-15T13:22:47.929000,51:47:af:69:f1:dc,1,-86
2024-04-15T13:22:47.987000,67:e2:cf:45:62:80,1,-75
2024-04-15T13:22:48.034000,43:ea:e7:07:d6:f5,1,-71
2024-04-15T13:22:48.045000,62:40:1b:ed:41:1d,1,-84
2024-04-15T13:22:48.093000,64:62:ea:ed:98:55,1,-79
2024-04-15T13:22:48.131000,55:ab:8b:5f:82:1a,1,-85
2024-04-15T13:22:48.204000,62:40:1b:ed:41:1d,1,-93
2024-04-15T13:22:48.264000,67:e2:cf:45:62:80,1,-77
2024-04-15T13:22:48.317000,43:ea:e7:07:d6:f5,1,-57
2024-04-15T13:22:48.353000,69:d2:b6:03:66:25,1,-89
2024-04-15T13:22:48.368000,64:62:ea:ed:98:55,1,-79
2024-04-15T13:22:48.412000,55:ab:8b:5f:82:1a,1,-87
2024-04-15T13:22:48.467000,45:fd:d6:cf:0d:6d,1,-87
2024-04-15T13:22:48.483000,d3:37:f5:96:82:f5,1,-80
2024-04-15T13:22:48.488000,cc:0c:c6:9e:99:a2,1,-78
2024-04-15T13:22:48.526000,62:40:1b:ed:41:1d,1,-84
2024-04-15T13:22:48.542000,67:e2:cf:45:62:80,1,-88
2024-04-15T13:22:48.625000,69:d2:b6:03:66:25,1,-89
2024-04-15T13:22:48.638000,64:62:ea:ed:98:55,1,-79
2024-04-15T13:22:48.687000,62:40:1b:ed:41:1d,1,-93
2024-04-15T13:22:48.693000,55:ab:8b:5f:82:1a,1,-81
2024-04-15T13:22:48.704000,cb:94:54:ed:5d:28,1,-73
2024-04-15T13:22:48.745000,45:fd:d6:cf:0d:6d,1,-92
2024-04-15T13:22:48.816000,67:e2:cf:45:62:80,1,-87
2024-04-15T13:22:48.850000,62:40:1b:ed:41:1d,1,-83
2024-04-15T13:22:48.891000,43:ea:e7:07:d6:f5,1,-64
2024-04-15T13:22:48.895000,69:d2:b6:03:66:25,1,-88
2024-04-15T13:22:48.961000,51:47:af:69:f1:dc,1,-98
2024-04-15T13:22:48.970000,55:ab:8b:5f:82:1a,1,-81
2024-04-15T13:22:49.010000,62:40:1b:ed:41:1d,1,-93
2024-04-15T13:22:49.016000,45:fd:d6:cf:0d:6d,1,-92
2024-04-15T13:22:49.130000,cb:94:54:ed:5d:28,1,-59
2024-04-15T13:22:49.168000,62:40:1b:ed:41:1d,1,-94
2024-04-15T13:22:49.174000,43:ea:e7:07:d6:f5,1,-71
2024-04-15T13:22:49.179000,64:62:ea:ed:98:55,1,-87
2024-04-15T13:22:49.236000,55:ab:8b:5f:82:1a,1,-80
2024-04-15T13:22:49.286000,45:fd:d6:cf:0d:6d,1,-93
2024-04-15T13:22:49.305000,55:5c:b2:8c:1a:4a,1,-86
2024-04-15T13:22:49.351000,c6:30:94:7e:5e:79,1,-96
2024-04-15T13:22:49.363000,67:e2:cf:45:62:80,1,-75
2024-04-15T13:22:49.447000,69:d2:b6:03:66:25,1,-100
2024-04-15T13:22:49.456000,64:62:ea:ed:98:55,1,-87
2024-04-15T13:22:49.465000,43:ea:e7:07:d6:f5,1,-57
2024-04-15T13:22:49.488000,62:40:1b:ed:41:1d,1,-83
2024-04-15T13:22:49.510000,51:47:af:69:f1:dc,1,-86
2024-04-15T13:22:49.558000,cb:94:54:ed:5d:28,1,-59
2024-04-15T13:22:49.567000,fb:19:06:45:ff:a3,1,-91
2024-04-15T13:22:49.572000,45:fd:d6:cf:0d:6d,1,-90
2024-04-15T13:22:49.640000,67:e2:cf:45:62:80,1,-78
2024-04-15T13:22:49.725000,64:62:ea:ed:98:55,1,-87
2024-04-15T13:22:49.739000,43:ea:e7:07:d6:f5,1,-70
2024-04-15T13:22:49.780000,55:ab:8b:5f:82:1a,1,-84
2024-04-15T13:22:49.811000,62:40:1b:ed:41:1d,1,-83
2024-04-15T13:22:49.831000,46:85:69:ab:93:15,1,-101
2024-04-15T13:22:49.838000,45:fd:d6:cf:0d:6d,1,-89
2024-04-15T13:22:49.912000,67:e2:cf:45:62:80,1,-77
2024-04-15T13:22:49.970000,62:40:1b:ed:41:1d,1,-93
2024-04-15T13:22:49.981000,cb:94:54:ed:5d:28,1,-65
2024-04-15T13:22:50.002000,64:62:ea:ed:98:55,1,-86
2024-04-15T13:22:50.029000,43:ea:e7:07:d6:f5,1,-66
2024-04-15T13:22:50.060000,55:ab:8b:5f:82:1a,1,-84
2024-04-15T13:22:50.112000,45:fd:d6:cf:0d:6d,1,-85
2024-04-15T13:22:50.131000,62:40:1b:ed:41:1d,1,-94
2024-04-15T13:22:50.180000,67:e2:cf:45:62:80,1,-77
2024-04-15T13:22:50.268000,64:62:ea:ed:98:55,1,-86
2024-04-15T13:22:50.288000,62:40:1b:ed:41:1d,1,-92
2024-04-15T13:22:50.317000,43:ea:e7:07:d6:f5,1,-71
2024-04-15T13:22:50.335000,55:ab:8b:5f:82:1a,1,-84
2024-04-15T13:22:50.343000,51:47:af:69:f1:dc,1,-92
2024-04-15T13:22:50.389000,45:fd:d6:cf:0d:6d,1,-93
2024-04-15T13:22:50.400000,cb:94:54:ed:5d:28,1,-65
2024-04-15T13:22:50.445000,62:40:1b:ed:41:1d,1,-83
2024-04-15T13:22:50.453000,67:e2:cf:45:62:80,1,-77
2024-04-15T13:22:50.486000,cc:0c:c6:9e:99:a2,1,-83
2024-04-15T13:22:50.491000,d3:37:f5:96:82:f5,1,-83
2024-04-15T13:22:50.533000,69:d2:b6:03:66:25,1,-94
2024-04-15T13:22:50.542000,64:62:ea:ed:98:55,1,-86
2024-04-15T13:22:50.599000,43:ea:e7:07:d6:f5,1,-65
2024-04-15T13:22:50.661000,45:fd:d6:cf:0d:6d,1,-96
2024-04-15T13:22:50.723000,67:e2:cf:45:62:80,1,-78
2024-04-15T13:22:50.765000,62:40:1b:ed:41:1d,1,-94
2024-04-15T13:22:50.808000,64:62:ea:ed:98:55,1,-85
2024-04-15T13:22:50.824000,cb:94:54:ed:5d:28,1,-65
2024-04-15T13:22:50.879000,55:ab:8b:5f:82:1a,1,-79
2024-04-15T13:22:50.891000,43:ea:e7:07:d6:f5,1,-56
2024-04-15T13:22:50.925000,62:40:1b:ed:41:1d,1,-84
2024-04-15T13:22:50.937000,45:fd:d6:cf:0d:6d,1,-93
2024-04-15T13:22:51.002000,67:e2:cf:45:62:80,1,-89
2024-04-15T13:22:51.080000,64:62:ea:ed:98:55,1,-82
2024-04-15T13:22:51.088000,62:40:1b:ed:41:1d,1,-94
2024-04-15T13:22:51.149000,55:ab:8b:5f:82:1a,1,-81
2024-04-15T13:22:51.161000,51:47:af:69:f1:dc,1,-87
2024-04-15T13:22:51.172000,43:ea:e7:07:d6:f5,1,-65
2024-04-15T13:22:51.211000,45:fd:d6:cf:0d:6d,1,-91
2024-04-15T13:22:51.241000,cb:94:54:ed:5d:28,1,-65
2024-04-15T13:22:51.280000,67:e2:cf:45:62:80,1,-75
2024-04-15T13:22:51.306000,55:5c:b2:8c:1a:4a,1,-94
2024-04-15T13:22:51.352000,64:62:ea:ed:98:55,1,-81
2024-04-15T13:22:51.382000,69:d2:b6:03:66:25,1,-92
2024-04-15T13:22:51.404000,62:40:1b:ed:41:1d,1,-84
2024-04-15T13:22:51.427000,55:ab:8b:5f:82:1a,1,-80
2024-04-15T13:22:51.436000,51:47:af:69:f1:dc,1,-88
2024-04-15T13:22:51.456000,43:ea:e7:07:d6:f5,1,-72
2024-04-15T13:22:51.490000,45:fd:d6:cf:0d:6d,1,-84
2024-04-15T13:22:51.551000,67:e2:cf:45:62:80,1,-74
2024-04-15T13:22:51.564000,fb:19:06:45:ff:a3,1,-88
2024-04-15T13:22:51.622000,64:62:ea:ed:98:55,1,-82
2024-04-15T13:22:51.660000,69:d2:b6:03:66:25,1,-98
2024-04-15T13:22:51.668000,cb:94:54:ed:5d:28,1,-66
2024-04-15T13:22:51.697000,55:ab:8b:5f:82:1a,1,-81
2024-04-15T13:22:51.713000,51:47:af:69:f1:dc,1,-97
2024-04-15T13:22:51.742000,43:ea:e7:07:d6:f5,1,-65
2024-04-15T13:22:51.765000,45:fd:d6:cf:0d:6d,1,-83
2024-04-15T13:22:51.827000,67:e2:cf:45:62:80,1,-75
2024-04-15T13:22:51.837000,46:85:69:ab:93:15,1,-88
2024-04-15T13:22:51.854000,f0:57:7e:12:c1:8a,1,-95
2024-04-15T13:22:51.885000,62:40:1b:ed:41:1d,1,-85
2024-04-15T13:22:51.892000,64:62:ea:ed:98:55,1,-82
2024-04-15T13:22:51.967000,55:ab:8b:5f:82:1a,1,-81
2024-04-15T13:22:52.043000,62:40:1b:ed:41:1d,1,-92
2024-04-15T13:22:52.055000,45:fd:d6:cf:0d:6d,1,-90
2024-04-15T13:22:52.090000,cb:94:54:ed:5d:28,1,-73
2024-04-15T13:22:52.167000,64:62:ea:ed:98:55,1,-80
2024-04-15T13:22:52.204000,62:40:1b:ed:41:1d,1,-93
2024-04-15T13:22:52.237000,55:ab:8b:5f:82:1a,1,-80
2024-04-15T13:22:52.273000,51:47:af:69:f1:dc,1,-87
2024-04-15T13:22:52.309000,43:ea:e7:07:d6:f5,1,-65
2024-04-15T13:22:52.320000,45:fd:d6:cf:0d:6d,1,-92
2024-04-15T13:22:52.360000,62:40:1b:ed:41:1d,1,-83
2024-04-15T13:22:52.440000,64:62:ea:ed:98:55,1,-80
2024-04-15T13:22:52.485000,cc:0c:c6:9e:99:a2,1,-82
2024-04-15T13:22:52.494000,d3:37:f5:96:82:f5,1,-85
2024-04-15T13:22:52.512000,55:ab:8b:5f:82:1a,1,-89
2024-04-15T13:22:52.528000,cb:94:54:ed:5d:28,1,-74
2024-04-15T13:22:52.547000,51:47:af:69:f1:dc,1,-86
2024-04-15T13:22:52.599000,45:fd:d6:cf:0d:6d,1,-83
2024-04-15T13:22:52.653000,67:e2:cf:45:62:80,1,-88
2024-04-15T13:22:52.713000,64:62:ea:ed:98:55,1,-80
2024-04-15T13:22:52.782000,55:ab:8b:5f:82:1a,1,-85
2024-04-15T13:22:52.821000,51:47:af:69:f1:dc,1,-96
2024-04-15T13:22:52.873000,45:fd:d6:cf:0d:6d,1,-81
2024-04-15T13:22:52.882000,43:ea:e7:07:d6:f5,1,-64
2024-04-15T13:22:52.936000,cb:94:54:ed:5d:28,1,-76
2024-04-15T13:22:52.985000,64:62:ea:ed:98:55,1,-80
2024-04-15T13:22:53.001000,62:40:1b:ed:41:1d,1,-92
2024-04-15T13:22:53.062000,55:ab:8b:5f:82:1a,1,-84
2024-04-15T13:22:53.150000,45:fd:d6:cf:0d:6d,1,-90
2024-04-15T13:22:53.203000,67:e2:cf:45:62:80,1,-75
2024-04-15T13:22:53.258000,64:62:ea:ed:98:55,1,-81
2024-04-15T13:22:53.315000,55:5c:b2:8c:1a:4a,1,-97
2024-04-15T13:22:53.340000,55:ab:8b:5f:82:1a,1,-80
2024-04-15T13:22:53.362000,cb:94:54:ed:5d:28,1,-58
2024-04-15T13:22:53.426000,45:fd:d6:cf:0d:6d,1,-90
2024-04-15T13:22:53.461000,43:ea:e7:07:d6:f5,1,-71
2024-04-15T13:22:53.473000,67:e2:cf:45:62:80,1,-74
2024-04-15T13:22:53.530000,64:62:ea:ed:98:55,1,-86
2024-04-15T13:22:53.569000,fb:19:06:45:ff:a3,1,-91
2024-04-15T13:22:53.742000,43:ea:e7:07:d6:f5,1,-56
2024-04-15T13:22:53.746000,67:e2:cf:45:62:80,1,-74
2024-04-15T13:22:53.782000,cb:94:54:ed:5d:28,1,-58
2024-04-15T13:22:53.801000,64:62:ea:ed:98:55,1,-86
2024-04-15T13:22:53.897000,55:ab:8b:5f:82:1a,1,-86
2024-04-15T13:22:53.958000,62:40:1b:ed:41:1d,1,-84
2024-04-15T13:22:53.977000,45:fd:d6:cf:0d:6d,1,-88
2024-04-15T13:22:54.022000,67:e2:cf:45:62:80,1,-77
2024-04-15T13:22:54.031000,43:ea:e7:07:d6:f5,1,-64
2024-04-15T13:22:54.074000,64:62:ea:ed:98:55,1,-86
2024-04-15T13:22:54.121000,62:40:1b:ed:41:1d,1,-96
2024-04-15T13:22:54.135000,69:d2:b6:03:66:25,1,-95
2024-04-15T13:22:54.186000,51:47:af:69:f1:dc,1,-94
2024-04-15T13:22:54.207000,cb:94:54:ed:5d:28,1,-58
2024-04-15T13:22:54.293000,67:e2:cf:45:62:80,1,-76
2024-04-15T13:22:54.311000,43:ea:e7:07:d6:f5,1,-56
2024-04-15T13:22:54.345000,64:62:ea:ed:98:55,1,-89
2024-04-15T13:22:54.405000,69:d2:b6:03:66:25,1,-92
2024-04-15T13:22:54.438000,62:40:1b:ed:41:1d,1,-85
2024-04-15T13:22:54.444000,55:ab:8b:5f:82:1a,1,-85
2024-04-15T13:22:54.465000,51:47:af:69:f1:dc,1,-86
2024-04-15T13:22:54.486000,cc:0c:c6:9e:99:a2,1,-81
2024-04-15T13:22:54.497000,d3:37:f5:96:82:f5,1,-84
2024-04-15T13:22:54.520000,45:fd:d6:cf:0d:6d,1,-81
2024-04-15T13:22:54.564000,67:e2:cf:45:62:80,1,-76
2024-04-15T13:22:54.598000,62:40:1b:ed:41:1d,1,-92
2024-04-15T13:22:54.604000,43:ea:e7:07:d6:f5,1,-69
2024-04-15T13:22:54.616000,64:62:ea:ed:98:55,1,-84
2024-04-15T13:22:54.635000,cb:94:54:ed:5d:28,1,-64
2024-04-15T13:22:54.703000,69:d2:b6:03:66:25,1,-92
2024-04-15T13:22:54.725000,55:ab:8b:5f:82:1a,1,-81
2024-04-15T13:22:54.737000,51:47:af:69:f1:dc,1,-89
2024-04-15T13:22:54.791000,45:fd:d6:cf:0d:6d,1,-82
2024-04-15T13:22:54.834000,67:e2:cf:45:62:80,1,-76
2024-04-15T13:22:54.884000,43:ea:e7:07:d6:f5,1,-57
2024-04-15T13:22:54.891000,64:62:ea:ed:98:55,1,-81
2024-04-15T13:22:54.914000,62:40:1b:ed:41:1d,1,-84
2024-04-15T13:22:54.990000,69:d2:b6:03:66:25,1,-95
2024-04-15T13:22:55.006000,55:ab:8b:5f:82:1a,1,-86
2024-04-15T13:22:55.015000,51:47:af:69:f1:dc,1,-93
2024-04-15T13:22:55.056000,cb:94:54:ed:5d:28,1,-64
2024-04-15T13:22:55.067000,45:fd:d6:cf:0d:6d,1,-82
2024-04-15T13:22:55.106000,67:e2:cf:45:62:80,1,-79
2024-04-15T13:22:55.166000,64:62:ea:ed:98:55,1,-83
2024-04-15T13:22:55.174000,43:ea:e7:07:d6:f5,1,-69
2024-04-15T13:22:55.262000,69:d2:b6:03:66:25,1,-97
2024-04-15T13:22:55.281000,55:ab:8b:5f:82:1a,1,-88
2024-04-15T13:22:55.352000,45:fd:d6:cf:0d:6d,1,-89
2024-04-15T13:22:55.378000,67:e2:cf:45:62:80,1,-76
2024-04-15T13:22:55.394000,62:40:1b:ed:41:1d,1,-84
2024-04-15T13:22:55.437000,64:62:ea:ed:98:55,1,-83
2024-04-15T13:22:55.453000,43:ea:e7:07:d6:f5,1,-56
2024-04-15T13:22:55.475000,cb:94:54:ed:5d:28,1,-63
2024-04-15T13:22:55.540000,69:d2:b6:03:66:25,1,-91
2024-04-15T13:22:55.550000,62:40:1b:ed:41:1d,1,-92
2024-04-15T13:22:55.556000,55:ab:8b:5f:82:1a,1,-80
2024-04-15T13:22:55.623000,45:fd:d6:cf:0d:6d,1,-87
2024-04-15T13:22:55.651000,67:e2:cf:45:62:80,1,-85
2024-04-15T13:22:55.707000,64:62:ea:ed:98:55,1,-82
2024-04-15T13:22:55.715000,62:40:1b:ed:41:1d,1,-89
2024-04-15T13:22:55.736000,43:ea:e7:07:d6:f5,1,-62
2024-04-15T13:22:55.826000,55:ab:8b:5f:82:1a,1,-81
2024-04-15T13:22:55.859000,f0:57:7e:12:c1:8a,1,-95
2024-04-15T13:22:55.871000,62:40:1b:ed:41:1d,1,-85
2024-04-15T13:22:55.893000,cb:94:54:ed:5d:28,1,-64
2024-04-15T13:22:55.901000,45:fd:d6:cf:0d:6d,1,-82
2024-04-15T13:22:56.022000,43:ea:e7:07:d6:f5,1,-55
2024-04-15T13:22:56.030000,62:40:1b:ed:41:1d,1,-90
2024-04-15T13:22:56.106000,55:ab:8b:5f:82:1a,1,-79
2024-04-15T13:22:56.115000,51:47:af:69:f1:dc,1,-83
2024-04-15T13:22:56.172000,45:fd:d6:cf:0d:6d,1,-80
2024-04-15T13:22:56.204000,67:e2:cf:45:62:80,1,-73
2024-04-15T13:22:56.315000,cb:94:54:ed:5d:28,1,-64
2024-04-15T13:22:56.350000,62:40:1b:ed:41:1d,1,-84
2024-04-15T13:22:56.371000,69:d2:b6:03:66:25,1,-95
2024-04-15T13:22:56.380000,55:ab:8b:5f:82:1a,1,-81
2024-04-15T13:22:56.391000,51:47:af:69:f1:dc,1,-84
2024-04-15T13:22:56.445000,45:fd:d6:cf:0d:6d,1,-89
2024-04-15T13:22:56.480000,67:e2:cf:45:62:80,1,-76
2024-04-15T13:22:56.489000,cc:0c:c6:9e:99:a2,1,-74
2024-04-15T13:22:56.505000,62:40:1b:ed:41:1d,1,-85
2024-04-15T13:22:56.523000,64:62:ea:ed:98:55,1,-88
2024-04-15T13:22:56.589000,43:ea:e7:07:d6:f5,1,-55
2024-04-15T13:22:56.651000,55:ab:8b:5f:82:1a,1,-87
2024-04-15T13:22:56.663000,51:47:af:69:f1:dc,1,-92
2024-04-15T13:22:56.715000,45:fd:d6:cf:0d:6d,1,-81
2024-04-15T13:22:56.758000,67:e2:cf:45:62:80,1,-76
2024-04-15T13:22:56.796000,64:62:ea:ed:98:55,1,-87
2024-04-15T13:22:56.876000,43:ea:e7:07:d6:f5,1,-72
2024-04-15T13:22:56.926000,69:d2:b6:03:66:25,1,-87
2024-04-15T13:22:56.936000,55:ab:8b:5f:82:1a,1,-88
2024-04-15T13:22:56.979000,62:40:1b:ed:41:1d,1,-84
2024-04-15T13:22:56.995000,45:fd:d6:cf:0d:6d,1,-87
2024-04-15T13:22:57.137000,62:40:1b:ed:41:1d,1,-84
2024-04-15T13:22:57.201000,69:d2:b6:03:66:25,1,-93
2024-04-15T13:22:57.225000,51:47:af:69:f1:dc,1,-88
2024-04-15T13:22:57.280000,45:fd:d6:cf:0d:6d,1,-81
2024-04-15T13:22:57.295000,62:40:1b:ed:41:1d,1,-89
2024-04-15T13:22:57.388000,c6:30:94:7e:5e:79,1,-91
2024-04-15T13:22:57.444000,43:ea:e7:07:d6:f5,1,-71
2024-04-15T13:22:57.483000,55:ab:8b:5f:82:1a,1,-79
2024-04-15T13:22:57.494000,51:47:af:69:f1:dc,1,-86
2024-04-15T13:22:57.551000,45:fd:d6:cf:0d:6d,1,-80
2024-04-15T13:22:57.575000,fb:19:06:45:ff:a3,1,-87
2024-04-15T13:22:57.585000,cb:94:54:ed:5d:28,1,-70
2024-04-15T13:22:57.612000,67:e2:cf:45:62:80,1,-74
2024-04-15T13:22:57.631000,62:40:1b:ed:41:1d,1,-88
2024-04-15T13:22:57.644000,64:62:ea:ed:98:55,1,-80
2024-04-15T13:22:57.754000,55:ab:8b:5f:82:1a,1,-80
2024-04-15T13:22:57.768000,62:40:1b:ed:41:1d,1,-84
2024-04-15T13:22:57.822000,45:fd:d6:cf:0d:6d,1,-80
2024-04-15T13:22:57.859000,67:e2:cf:45:62:80,1,-76
2024-04-15T13:22:57.884000,64:62:ea:ed:98:55,1,-81
2024-04-15T13:22:57.932000,62:40:1b:ed:41:1d,1,-92
2024-04-15T13:22:58.008000,cb:94:54:ed:5d:28,1,-70
2024-04-15T13:22:58.019000,43:ea:e7:07:d6:f5,1,-60
2024-04-15T13:22:58.028000,55:ab:8b:5f:82:1a,1,-81
2024-04-15T13:22:58.040000,51:47:af:69:f1:dc,1,-92
2024-04-15T13:22:58.093000,62:40:1b:ed:41:1d,1,-84
2024-04-15T13:22:58.100000,45:fd:d6:cf:0d:6d,1,-86
2024-04-15T13:22:58.134000,67:e2:cf:45:62:80,1,-75
2024-04-15T13:22:58.158000,64:62:ea:ed:98:55,1,-80
2024-04-15T13:22:58.250000,62:40:1b:ed:41:1d,1,-89
2024-04-15T13:22:58.304000,69:d2:b6:03:66:25,1,-90
2024-04-15T13:22:58.319000,51:47:af:69:f1:dc,1,-87
2024-04-15T13:22:58.376000,45:fd:d6:cf:0d:6d,1,-87
2024-04-15T13:22:58.410000,67:e2:cf:45:62:80,1,-86
2024-04-15T13:22:58.427000,cb:94:54:ed:5d:28,1,-70
2024-04-15T13:22:58.442000,64:62:ea:ed:98:55,1,-74
2024-04-15T13:22:58.485000,cc:0c:c6:9e:99:a2,1,-82
2024-04-15T13:22:58.574000,62:40:1b:ed:41:1d,1,-84
2024-04-15T13:22:58.579000,55:ab:8b:5f:82:1a,1,-89
2024-04-15T13:22:58.590000,51:47:af:69:f1:dc,1,-88
2024-04-15T13:22:58.600000,43:ea:e7:07:d6:f5,1,-60
2024-04-15T13:22:58.650000,45:fd:d6:cf:0d:6d,1,-89
2024-04-15T13:22:58.704000,64:62:ea:ed:98:55,1,-73
2024-04-15T13:22:58.731000,62:40:1b:ed:41:1d,1,-89
2024-04-15T13:22:58.848000,69:d2:b6:03:66:25,1,-90
2024-04-15T13:22:58.857000,55:ab:8b:5f:82:1a,1,-86
2024-04-15T13:22:58.886000,43:ea:e7:07:d6:f5,1,-72
2024-04-15T13:22:58.929000,45:fd:d6:cf:0d:6d,1,-81
2024-04-15T13:22:58.978000,64:62:ea:ed:98:55,1,-73
2024-04-15T13:22:59.047000,62:40:1b:ed:41:1d,1,-90
2024-04-15T13:22:59.124000,55:ab:8b:5f:82:1a,1,-85
2024-04-15T13:22:59.140000,51:47:af:69:f1:dc,1,-83
2024-04-15T13:22:59.201000,62:40:1b:ed:41:1d,1,-85
2024-04-15T13:22:59.211000,45:fd:d6:cf:0d:6d,1,-85
2024-04-15T13:22:59.238000,67:e2:cf:45:62:80,1,-75
2024-04-15T13:22:59.248000,64:62:ea:ed:98:55,1,-73
2024-04-15T13:22:59.274000,cb:94:54:ed:5d:28,1,-60
2024-04-15T13:22:59.341000,55:5c:b2:8c:1a:4a,1,-87
2024-04-15T13:22:59.362000,62:40:1b:ed:41:1d,1,-90
2024-04-15T13:22:59.388000,c6:30:94:7e:5e:79,1,-86
2024-04-15T13:22:59.396000,55:ab:8b:5f:82:1a,1,-86
2024-04-15T13:22:59.458000,43:ea:e7:07:d6:f5,1,-72
2024-04-15T13:22:59.462000,43:ea:e7:07:d6:f5,1,-60
2024-04-15T13:22:59.481000,45:fd:d6:cf:0d:6d,1,-85
2024-04-15T13:22:59.508000,67:e2:cf:45:62:80,1,-76
2024-04-15T13:22:59.519000,62:40:1b:ed:41:1d,1,-90
2024-04-15T13:22:59.525000,64:62:ea:ed:98:55,1,-85
2024-04-15T13:22:59.580000,fb:19:06:45:ff:a3,1,-87
2024-04-15T13:22:59.667000,55:ab:8b:5f:82:1a,1,-85
2024-04-15T13:22:59.681000,62:40:1b:ed:41:1d,1,-84
2024-04-15T13:22:59.697000,51:47:af:69:f1:dc,1,-92
2024-04-15T13:22:59.755000,45:fd:d6:cf:0d:6d,1,-85
2024-04-15T13:22:59.781000,67:e2:cf:45:62:80,1,-76
2024-04-15T13:22:59.790000,64:62:ea:ed:98:55,1,-84
2024-04-15T13:22:59.846000,62:40:1b:ed:41:1d,1,-90
2024-04-15T13:22:59.868000,f0:57:7e:12:c1:8a,1,-89
2024-04-15T13:22:59.946000,55:ab:8b:5f:82:1a,1,-80
2024-04-15T13:22:59.954000,69:d2:b6:03:66:25,1,-89
2024-04-15T13:22:59.974000,51:47:af:69:f1:dc,1,-88
2024-04-15T13:23:00.024000,43:ea:e7:07:d6:f5,1,-71
2024-04-15T13:23:00.033000,45:fd:d6:cf:0d:6d,1,-87
2024-04-15T13:23:00.056000,67:e2:cf:45:62:80,1,-76
2024-04-15T13:23:00.065000,64:62:ea:ed:98:55,1,-85
2024-04-15T13:23:00.121000,cb:94:54:ed:5d:28,1,-66
2024-04-15T13:23:00.167000,62:40:1b:ed:41:1d,1,-84
2024-04-15T13:23:00.222000,55:ab:8b:5f:82:1a,1,-88
2024-04-15T13:23:00.232000,69:d2:b6:03:66:25,1,-95
2024-04-15T13:23:00.250000,51:47:af:69:f1:dc,1,-84
2024-04-15T13:23:00.311000,43:ea:e7:07:d6:f5,1,-55
2024-04-15T13:23:00.325000,62:40:1b:ed:41:1d,1,-90
2024-04-15T13:23:00.331000,64:62:ea:ed:98:55,1,-84
2024-04-15T13:23:00.488000,62:40:1b:ed:41:1d,1,-90
2024-04-15T13:23:00.494000,55:ab:8b:5f:82:1a,1,-88
2024-04-15T13:23:00.508000,69:d2:b6:03:66:25,1,-94
2024-04-15T13:23:00.517000,d3:37:f5:96:82:f5,1,-81
2024-04-15T13:23:00.523000,51:47:af:69:f1:dc,1,-84
2024-04-15T13:23:00.543000,cb:94:54:ed:5d:28,1,-65
2024-04-15T13:23:00.586000,45:fd:d6:cf:0d:6d,1,-83
2024-04-15T13:23:00.596000,43:ea:e7:07:d6:f5,1,-72
2024-04-15T13:23:00.603000,64:62:ea:ed:98:55,1,-83
2024-04-15T13:23:00.612000,67:e2:cf:45:62:80,1,-87
2024-04-15T13:23:00.642000,62:40:1b:ed:41:1d,1,-84
2024-04-15T13:23:00.765000,55:ab:8b:5f:82:1a,1,-86
2024-04-15T13:23:00.793000,51:47:af:69:f1:dc,1,-85
2024-04-15T13:23:00.801000,62:40:1b:ed:41:1d,1,-85
2024-04-15T13:23:00.856000,45:fd:d6:cf:0d:6d,1,-80
2024-04-15T13:23:00.877000,64:62:ea:ed:98:55,1,-86
2024-04-15T13:23:00.888000,43:ea:e7:07:d6:f5,1,-54
2024-04-15T13:23:00.960000,62:40:1b:ed:41:1d,1,-91
2024-04-15T13:23:00.966000,cb:94:54:ed:5d:28,1,-65
2024-04-15T13:23:01.045000,55:ab:8b:5f:82:1a,1,-86
2024-04-15T13:23:01.063000,51:47:af:69:f1:dc,1,-85
2024-04-15T13:23:01.117000,62:40:1b:ed:41:1d,1,-92
2024-04-15T13:23:01.142000,45:fd:d6:cf:0d:6d,1,-88
2024-04-15T13:23:01.151000,64:62:ea:ed:98:55,1,-79
2024-04-15T13:23:01.160000,67:e2:cf:45:62:80,1,-75
2024-04-15T13:23:01.170000,43:ea:e7:07:d6:f5,1,-74
2024-04-15T13:23:01.275000,62:40:1b:ed:41:1d,1,-85
2024-04-15T13:23:01.318000,55:ab:8b:5f:82:1a,1,-87
2024-04-15T13:23:01.337000,51:47:af:69:f1:dc,1,-84
2024-04-15T13:23:01.345000,55:5c:b2:8c:1a:4a,1,-99
2024-04-15T13:23:01.390000,cb:94:54:ed:5d:28,1,-73
2024-04-15T13:23:01.457000,64:62:ea:ed:98:55,1,-80
2024-04-15T13:23:01.467000,67:e2:cf:45:62:80,1,-73
2024-04-15T13:23:01.476000,43:ea:e7:07:d6:f5,1,-55
2024-04-15T13:23:01.594000,62:40:1b:ed:41:1d,1,-93
2024-04-15T13:23:01.601000,55:ab:8b:5f:82:1a,1,-81
2024-04-15T13:23:01.612000,51:47:af:69:f1:dc,1,-94
2024-04-15T13:23:01.622000,69:d2:b6:03:66:25,1,-93
2024-04-15T13:23:01.687000,45:fd:d6:cf:0d:6d,1,-91
2024-04-15T13:23:01.697000,64:62:ea:ed:98:55,1,-83
2024-04-15T13:23:01.715000,67:e2:cf:45:62:80,1,-74
2024-04-15T13:23:01.741000,43:ea:e7:07:d6:f5,1,-59
2024-04-15T13:23:01.753000,62:40:1b:ed:41:1d,1,-85
2024-04-15T13:23:01.856000,46:85:69:ab:93:15,1,-93
2024-04-15T13:23:01.872000,f0:57:7e:12:c1:8a,1,-89
2024-04-15T13:23:01.893000,51:47:af:69:f1:dc,1,-87
2024-04-15T13:23:01.904000,69:d2:b6:03:66:25,1,-90
2024-04-15T13:23:01.960000,64:62:ea:ed:98:55,1,-81
2024-04-15T13:23:01.969000,45:fd:d6:cf:0d:6d,1,-80
2024-04-15T13:23:01.990000,67:e2:cf:45:62:80,1,-88
2024-04-15T13:23:02.019000,43:ea:e7:07:d6:f5,1,-55
2024-04-15T13:23:02.071000,62:40:1b:ed:41:1d,1,-90
2024-04-15T13:23:02.144000,55:ab:8b:5f:82:1a,1,-86
2024-04-15T13:23:02.172000,51:47:af:69:f1:dc,1,-84
2024-04-15T13:23:02.230000,64:62:ea:ed:98:55,1,-81
2024-04-15T13:23:02.239000,62:40:1b:ed:41:1d,1,-86
2024-04-15T13:23:02.246000,cb:94:54:ed:5d:28,1,-73
2024-04-15T13:23:02.256000,45:fd:d6:cf:0d:6d,1,-86
2024-04-15T13:23:02.311000,43:ea:e7:07:d6:f5,1,-60
2024-04-15T13:23:02.388000,62:40:1b:ed:41:1d,1,-83
2024-04-15T13:23:02.425000,55:ab:8b:5f:82:1a,1,-87
2024-04-15T13:23:02.444000,51:47:af:69:f1:dc,1,-86
2024-04-15T13:23:02.492000,cc:0c:c6:9e:99:a2,1,-85
2024-04-15T13:23:02.504000,64:62:ea:ed:98:55,1,-80
2024-04-15T13:23:02.518000,45:fd:d6:cf:0d:6d,1,-86
2024-04-15T13:23:02.536000,67:e2:cf:45:62:80,1,-75
2024-04-15T13:23:02.593000,43:ea:e7:07:d6:f5,1,-55
2024-04-15T13:23:02.655000,cb:94:54:ed:5d:28,1,-73
2024-04-15T13:23:02.702000,55:ab:8b:5f:82:1a,1,-83
2024-04-15T13:23:02.717000,62:40:1b:ed:41:1d,1,-93
2024-04-15T13:23:02.774000,64:62:ea:ed:98:55,1,-79
2024-04-15T13:23:02.791000,45:fd:d6:cf:0d:6d,1,-92
2024-04-15T13:23:02.817000,67:e2:cf:45:62:80,1,-76
2024-04-15T13:23:02.862000,62:40:1b:ed:41:1d,1,-85
2024-04-15T13:23:02.881000,43:ea:e7:07:d6:f5,1,-59
2024-04-15T13:23:02.973000,55:ab:8b:5f:82:1a,1,-82
2024-04-15T13:23:03.044000,64:62:ea:ed:98:55,1,-79
2024-04-15T13:23:03.071000,45:fd:d6:cf:0d:6d,1,-82
2024-04-15T13:23:03.081000,cb:94:54:ed:5d:28,1,-73
2024-04-15T13:23:03.096000,67:e2:cf:45:62:80,1,-86
2024-04-15T13:23:03.159000,43:ea:e7:07:d6:f5,1,-55
2024-04-15T13:23:03.245000,55:ab:8b:5f:82:1a,1,-82
2024-04-15T13:23:03.276000,51:47:af:69:f1:dc,1,-87
2024-04-15T13:23:03.315000,64:62:ea:ed:98:55,1,-80
2024-04-15T13:23:03.340000,62:40:1b:ed:41:1d,1,-83
2024-04-15T13:23:03.375000,67:e2:cf:45:62:80,1,-74
2024-04-15T13:23:03.395000,c6:30:94:7e:5e:79,1,-87
2024-04-15T13:23:03.444000,43:ea:e7:07:d6:f5,1,-75
2024-04-15T13:23:03.495000,62:40:1b:ed:41:1d,1,-84
2024-04-15T13:23:03.501000,cb:94:54:ed:5d:28,1,-60
2024-04-15T13:23:03.524000,55:ab:8b:5f:82:1a,1,-85
2024-04-15T13:23:03.552000,51:47:af:69:f1:dc,1,-83
2024-04-15T13:23:03.595000,fb:19:06:45:ff:a3,1,-88
2024-04-15T13:23:03.618000,45:fd:d6:cf:0d:6d,1,-82
2024-04-15T13:23:03.652000,62:40:1b:ed:41:1d,1,-90
2024-04-15T13:23:03.658000,67:e2:cf:45:62:80,1,-77
2024-04-15T13:23:03.728000,43:ea:e7:07:d6:f5,1,-59
2024-04-15T13:23:03.795000,55:ab:8b:5f:82:1a,1,-89
2024-04-15T13:23:03.816000,62:40:1b:ed:41:1d,1,-91
2024-04-15T13:23:03.827000,51:47:af:69:f1:dc,1,-86
2024-04-15T13:23:03.900000,45:fd:d6:cf:0d:6d,1,-89
2024-04-15T13:23:03.917000,cb:94:54:ed:5d:28,1,-73
2024-04-15T13:23:03.928000,67:e2:cf:45:62:80,1,-76
2024-04-15T13:23:03.971000,62:40:1b:ed:41:1d,1,-84
2024-04-15T13:23:04.011000,43:ea:e7:07:d6:f5,1,-73
2024-04-15T13:23:04.120000,69:d2:b6:03:66:25,1,-91
2024-04-15T13:23:04.138000,64:62:ea:ed:98:55,1,-75
2024-04-15T13:23:04.176000,45:fd:d6:cf:0d:6d,1,-90
2024-04-15T13:23:04.293000,62:40:1b:ed:41:1d,1,-91
2024-04-15T13:23:04.344000,cb:94:54:ed:5d:28,1,-60
2024-04-15T13:23:04.353000,55:ab:8b:5f:82:1a,1,-80
2024-04-15T13:23:04.380000,51:47:af:69:f1:dc,1,-89
2024-04-15T13:23:04.400000,64:62:ea:ed:98:55,1,-76
2024-04-15T13:23:04.451000,45:fd:d6:cf:0d:6d,1,-83
2024-04-15T13:23:04.460000,62:40:1b:ed:41:1d,1,-84
2024-04-15T13:23:04.492000,cc:0c:c6:9e:99:a2,1,-74
2024-04-15T13:23:04.514000,d3:37:f5:96:82:f5,1,-87
2024-04-15T13:23:04.584000,43:ea:e7:07:d6:f5,1,-75
2024-04-15T13:23:04.612000,62:40:1b:ed:41:1d,1,-91
2024-04-15T13:23:04.627000,55:ab:8b:5f:82:1a,1,-82
2024-04-15T13:23:04.654000,51:47:af:69:f1:dc,1,-91
2024-04-15T13:23:04.672000,69:d2:b6:03:66:25,1,-92
2024-04-15T13:23:04.727000,45:fd:d6:cf:0d:6d,1,-84
2024-04-15T13:23:04.752000,67:e2:cf:45:62:80,1,-75
2024-04-15T13:23:04.764000,cb:94:54:ed:5d:28,1,-60
2024-04-15T13:23:04.873000,43:ea:e7:07:d6:f5,1,-56
2024-04-15T13:23:04.903000,55:ab:8b:5f:82:1a,1,-86
2024-04-15T13:23:04.926000,51:47:af:69:f1:dc,1,-95
2024-04-15T13:23:04.935000,62:40:1b:ed:41:1d,1,-84
2024-04-15T13:23:04.945000,64:62:ea:ed:98:55,1,-76
2024-04-15T13:23:04.954000,69:d2:b6:03:66:25,1,-91
2024-04-15T13:23:05.003000,45:fd:d6:cf:0d:6d,1,-86
2024-04-15T13:23:05.031000,67:e2:cf:45:62:80,1,-77
2024-04-15T13:23:05.093000,62:40:1b:ed:41:1d,1,-91
2024-04-15T13:23:05.157000,43:ea:e7:07:d6:f5,1,-75
2024-04-15T13:23:05.182000,55:ab:8b:5f:82:1a,1,-89
2024-04-15T13:23:05.194000,cb:94:54:ed:5d:28,1,-59
2024-04-15T13:23:05.203000,51:47:af:69:f1:dc,1,-84
2024-04-15T13:23:05.215000,64:62:ea:ed:98:55,1,-75
2024-04-15T13:23:05.254000,62:40:1b:ed:41:1d,1,-92
2024-04-15T13:23:05.277000,45:fd:d6:cf:0d:6d,1,-86
2024-04-15T13:23:05.308000,67:e2:cf:45:62:80,1,-77
2024-04-15T13:23:05.353000,55:5c:b2:8c:1a:4a,1,-86
2024-04-15T13:23:05.400000,c6:30:94:7e:5e:79,1,-91
2024-04-15T13:23:05.411000,62:40:1b:ed:41:1d,1,-85
2024-04-15T13:23:05.447000,43:ea:e7:07:d6:f5,1,-55
2024-04-15T13:23:05.460000,55:ab:8b:5f:82:1a,1,-81
2024-04-15T13:23:05.486000,64:62:ea:ed:98:55,1,-75
2024-04-15T13:23:05.556000,45:fd:d6:cf:0d:6d,1,-90
2024-04-15T13:23:05.566000,62:40:1b:ed:41:1d,1,-83
2024-04-15T13:23:05.579000,67:e2:cf:45:62:80,1,-76
2024-04-15T13:23:05.594000,fb:19:06:45:ff:a3,1,-86
2024-04-15T13:23:05.608000,cb:94:54:ed:5d:28,1,-60
2024-04-15T13:23:05.728000,62:40:1b:ed:41:1d,1,-92
2024-04-15T13:23:05.734000,43:ea:e7:07:d6:f5,1,-58
2024-04-15T13:23:05.738000,55:ab:8b:5f:82:1a,1,-81
2024-04-15T13:23:05.757000,64:62:ea:ed:98:55,1,-76
2024-04-15T13:23:05.830000,45:fd:d6:cf:0d:6d,1,-87
2024-04-15T13:23:05.855000,67:e2:cf:45:62:80,1,-84
2024-04-15T13:23:05.872000,46:85:69:ab:93:15,1,-95
2024-04-15T13:23:06.014000,43:ea:e7:07:d6:f5,1,-54
2024-04-15T13:23:06.027000,cb:94:54:ed:5d:28,1,-59
2024-04-15T13:23:06.038000,64:62:ea:ed:98:55,1,-84
2024-04-15T13:23:06.104000,45:fd:d6:cf:0d:6d,1,-83
2024-04-15T13:23:06.131000,67:e2:cf:45:62:80,1,-72
2024-04-15T13:23:06.211000,62:40:1b:ed:41:1d,1,-102
2024-04-15T13:23:06.282000,55:ab:8b:5f:82:1a,1,-84
2024-04-15T13:23:06.301000,43:ea:e7:07:d6:f5,1,-59
2024-04-15T13:23:06.305000,64:62:ea:ed:98:55,1,-84
2024-04-15T13:23:06.316000,69:d2:b6:03:66:25,1,-95
2024-04-15T13:23:06.367000,62:40:1b:ed:41:1d,1,-101
2024-04-15T13:23:06.375000,45:fd:d6:cf:0d:6d,1,-83
2024-04-15T13:23:06.406000,67:e2:cf:45:62:80,1,-74
2024-04-15T13:23:06.446000,cb:94:54:ed:5d:28,1,-59
2024-04-15T13:23:06.494000,cc:0c:c6:9e:99:a2,1,-79
2024-04-15T13:23:06.515000,d3:37:f5:96:82:f5,1,-85
2024-04-15T13:23:06.523000,62:40:1b:ed:41:1d,1,-84
2024-04-15T13:23:06.563000,55:ab:8b:5f:82:1a,1,-89
2024-04-15T13:23:06.577000,64:62:ea:ed:98:55,1,-85
2024-04-15T13:23:06.587000,69:d2:b6:03:66:25,1,-88
2024-04-15T13:23:06.655000,45:fd:d6:cf:0d:6d,1,-87
2024-04-15T13:23:06.675000,67:e2:cf:45:62:80,1,-74
2024-04-15T13:23:06.686000,62:40:1b:ed:41:1d,1,-91
2024-04-15T13:23:06.840000,55:ab:8b:5f:82:1a,1,-85
2024-04-15T13:23:06.850000,64:62:ea:ed:98:55,1,-84
2024-04-15T13:23:06.860000,69:d2:b6:03:66:25,1,-95
2024-04-15T13:23:06.873000,cb:94:54:ed:5d:28,1,-65
2024-04-15T13:23:06.883000,43:ea:e7:07:d6:f5,1,-58
2024-04-15T13:23:06.932000,45:fd:d6:cf:0d:6d,1,-90
2024-04-15T13:23:06.957000,67:e2:cf:45:62:80,1,-77
2024-04-15T13:23:07.000000,62:40:1b:ed:41:1d,1,-83
2024-04-15T13:23:07.117000,55:ab:8b:5f:82:1a,1,-88
2024-04-15T13:23:07.126000,64:62:ea:ed:98:55,1,-84
2024-04-15T13:23:07.136000,51:47:af:69:f1:dc,1,-87
2024-04-15T13:23:07.156000,62:40:1b:ed:41:1d,1,-82
2024-04-15T13:23:07.163000,43:ea:e7:07:d6:f5,1,-67
2024-04-15T13:23:07.234000,67:e2:cf:45:62:80,1,-85
2024-04-15T13:23:07.317000,62:40:1b:ed:41:1d,1,-92
2024-04-15T13:23:07.355000,55:5c:b2:8c:1a:4a,1,-95
2024-04-15T13:23:07.395000,64:62:ea:ed:98:55,1,-84
2024-04-15T13:23:07.404000,55:ab:8b:5f:82:1a,1,-87
2024-04-15T13:23:07.413000,51:47:af:69:f1:dc,1,-92
2024-04-15T13:23:07.423000,c6:30:94:7e:5e:79,1,-91
2024-04-15T13:23:07.453000,43:ea:e7:07:d6:f5,1,-52
2024-04-15T13:23:07.475000,62:40:1b:ed:41:1d,1,-91
2024-04-15T13:23:07.482000,45:fd:d6:cf:0d:6d,1,-82
2024-04-15T13:23:07.507000,67:e2:cf:45:62:80,1,-89
2024-04-15T13:23:07.601000,fb:19:06:45:ff:a3,1,-84
2024-04-15T13:23:07.632000,62:40:1b:ed:41:1d,1,-84
2024-04-15T13:23:07.666000,64:62:ea:ed:98:55,1,-86
2024-04-15T13:23:07.683000,55:ab:8b:5f:82:1a,1,-85
2024-04-15T13:23:07.746000,43:ea:e7:07:d6:f5,1,-58
2024-04-15T13:23:07.768000,45:fd:d6:cf:0d:6d,1,-89
2024-04-15T13:23:07.794000,62:40:1b:ed:41:1d,1,-91
2024-04-15T13:23:07.871000,46:85:69:ab:93:15,1,-90
2024-04-15T13:23:07.903000,f0:57:7e:12:c1:8a,1,-89
2024-04-15T13:23:07.939000,64:62:ea:ed:98:55,1,-83
2024-04-15T13:23:07.954000,62:40:1b:ed:41:1d,1,-90
2024-04-15T13:23:07.965000,55:ab:8b:5f:82:1a,1,-83
2024-04-15T13:23:08.034000,43:ea:e7:07:d6:f5,1,-67
2024-04-15T13:23:08.048000,45:fd:d6:cf:0d:6d,1,-88
2024-04-15T13:23:08.062000,67:e2:cf:45:62:80,1,-74
2024-04-15T13:23:08.114000,62:40:1b:ed:41:1d,1,-84
2024-04-15T13:23:08.140000,cb:94:54:ed:5d:28,1,-70
2024-04-15T13:23:08.209000,64:62:ea:ed:98:55,1,-84
2024-04-15T13:23:08.232000,51:47:af:69:f1:dc,1,-85
2024-04-15T13:23:08.246000,55:ab:8b:5f:82:1a,1,-85
2024-04-15T13:23:08.274000,62:40:1b:ed:41:1d,1,-91
2024-04-15T13:23:08.318000,43:ea:e7:07:d6:f5,1,-56
2024-04-15T13:23:08.335000,67:e2:cf:45:62:80,1,-78
2024-04-15T13:23:08.434000,62:40:1b:ed:41:1d,1,-91
2024-04-15T13:23:08.479000,64:62:ea:ed:98:55,1,-85
2024-04-15T13:23:08.503000,cc:0c:c6:9e:99:a2,1,-82
2024-04-15T13:23:08.513000,51:47:af:69:f1:dc,1,-87
2024-04-15T13:23:08.532000,69:d2:b6:03:66:25,1,-91
2024-04-15T13:23:08.553000,55:ab:8b:5f:82:1a,1,-86
2024-04-15T13:23:08.571000,d3:37:f5:96:82:f5,1,-84
2024-04-15T13:23:08.576000,cb:94:54:ed:5d:28,1,-68
2024-04-15T13:23:08.591000,45:fd:d6:cf:0d:6d,1,-81
2024-04-15T13:23:08.612000,62:40:1b:ed:41:1d,1,-83
2024-04-15T13:23:08.629000,43:ea:e7:07:d6:f5,1,-65
2024-04-15T13:23:08.749000,64:62:ea:ed:98:55,1,-85
2024-04-15T13:23:08.777000,51:47:af:69:f1:dc,1,-85
2024-04-15T13:23:08.788000,55:ab:8b:5f:82:1a,1,-86
2024-04-15T13:23:08.868000,45:fd:d6:cf:0d:6d,1,-81
2024-04-15T13:23:08.893000,67:e2:cf:45:62:80,1,-75
2024-04-15T13:23:08.910000,62:40:1b:ed:41:1d,1,-89
2024-04-15T13:23:08.984000,cb:94:54:ed:5d:28,1,-69
2024-04-15T13:23:09.022000,64:62:ea:ed:98:55,1,-77
2024-04-15T13:23:09.054000,51:47:af:69:f1:dc,1,-96
2024-04-15T13:23:09.064000,55:ab:8b:5f:82:1a,1,-81
2024-04-15T13:23:09.173000,67:e2:cf:45:62:80,1,-77
2024-04-15T13:23:09.182000,43:ea:e7:07:d6:f5,1,-71
2024-04-15T13:23:09.230000,62:40:1b:ed:41:1d,1,-91
2024-04-15T13:23:09.292000,64:62:ea:ed:98:55,1,-76
2024-04-15T13:23:09.331000,51:47:af:69:f1:dc,1,-93
2024-04-15T13:23:09.341000,55:ab:8b:5f:82:1a,1,-87
2024-04-15T13:23:09.392000,62:40:1b:ed:41:1d,1,-92
2024-04-15T13:23:09.406000,c6:30:94:7e:5e:79,1,-85
2024-04-15T13:23:09.411000,cb:94:54:ed:5d:28,1,-59
2024-04-15T13:23:09.427000,45:fd:d6:cf:0d:6d,1,-87
2024-04-15T13:23:09.450000,67:e2:cf:45:62:80,1,-85
2024-04-15T13:23:09.461000,43:ea:e7:07:d6:f5,1,-52
2024-04-15T13:23:09.552000,62:40:1b:ed:41:1d,1,-84
2024-04-15T13:23:09.564000,64:62:ea:ed:98:55,1,-76
2024-04-15T13:23:09.602000,51:47:af:69:f1:dc,1,-90
2024-04-15T13:23:09.611000,69:d2:b6:03:66:25,1,-90
2024-04-15T13:23:09.695000,45:fd:d6:cf:0d:6d,1,-87
2024-04-15T13:23:09.711000,62:40:1b:ed:41:1d,1,-91
2024-04-15T13:23:09.726000,67:e2:cf:45:62:80,1,-87
2024-04-15T13:23:09.748000,43:ea:e7:07:d6:f5,1,-68
2024-04-15T13:23:09.834000,cb:94:54:ed:5d:28,1,-59
2024-04-15T13:23:09.876000,51:47:af:69:f1:dc,1,-91
2024-04-15T13:23:09.897000,55:ab:8b:5f:82:1a,1,-84
2024-04-15T13:23:09.965000,45:fd:d6:cf:0d:6d,1,-88
2024-04-15T13:23:10.025000,62:40:1b:ed:41:1d,1,-91
2024-04-15T13:23:10.105000,64:62:ea:ed:98:55,1,-75
2024-04-15T13:23:10.174000,55:ab:8b:5f:82:1a,1,-84
2024-04-15T13:23:10.183000,62:40:1b:ed:41:1d,1,-83
2024-04-15T13:23:10.244000,45:fd:d6:cf:0d:6d,1,-80
2024-04-15T13:23:10.258000,cb:94:54:ed:5d:28,1,-59
2024-04-15T13:23:10.279000,67:e2:cf:45:62:80,1,-76
2024-04-15T13:23:10.313000,43:ea:e7:07:d6:f5,1,-66
2024-04-15T13:23:10.345000,62:40:1b:ed:41:1d,1,-91
2024-04-15T13:23:10.376000,64:62:ea:ed:98:55,1,-76
2024-04-15T13:23:10.422000,51:47:af:69:f1:dc,1,-84
2024-04-15T13:23:10.450000,55:ab:8b:5f:82:1a,1,-90
2024-04-15T13:23:10.498000,cc:0c:c6:9e:99:a2,1,-76
2024-04-15T13:23:10.507000,62:40:1b:ed:41:1d,1,-91
2024-04-15T13:23:10.521000,d3:37:f5:96:82:f5,1,-84
2024-04-15T13:23:10.552000,67:e2:cf:45:62:80,1,-77
2024-04-15T13:23:10.663000,62:40:1b:ed:41:1d,1,-84
2024-04-15T13:23:10.683000,cb:94:54:ed:5d:28,1,-65
2024-04-15T13:23:10.725000,55:ab:8b:5f:82:1a,1,-88
2024-04-15T13:23:10.794000,45:fd:d6:cf:0d:6d,1,-87
2024-04-15T13:23:10.826000,67:e2:cf:45:62:80,1,-78
2024-04-15T13:23:10.883000,43:ea:e7:07:d6:f5,1,-66
2024-04-15T13:23:10.980000,51:47:af:69:f1:dc,1,-92
2024-04-15T13:23:10.989000,62:40:1b:ed:41:1d,1,-90
2024-04-15T13:23:10.995000,69:d2:b6:03:66:25,1,-87
2024-04-15T13:23:11.006000,55:ab:8b:5f:82:1a,1,-84
2024-04-15T13:23:11.068000,45:fd:d6:cf:0d:6d,1,-87
2024-04-15T13:23:11.103000,cb:94:54:ed:5d:28,1,-65
2024-04-15T13:23:11.113000,67:e2:cf:45:62:80,1,-89
2024-04-15T13:23:11.144000,62:40:1b:ed:41:1d,1,-85
2024-04-15T13:23:11.192000,64:62:ea:ed:98:55,1,-80
2024-04-15T13:23:11.267000,69:d2:b6:03:66:25,1,-88
2024-04-15T13:23:11.287000,55:ab:8b:5f:82:1a,1,-84
2024-04-15T13:23:11.306000,62:40:1b:ed:41:1d,1,-91
2024-04-15T13:23:11.349000,45:fd:d6:cf:0d:6d,1,-89
2024-04-15T13:23:11.358000,55:5c:b2:8c:1a:4a,1,-84
2024-04-15T13:23:11.383000,67:e2:cf:45:62:80,1,-74
2024-04-15T13:23:11.407000,c6:30:94:7e:5e:79,1,-92
2024-04-15T13:23:11.461000,43:ea:e7:07:d6:f5,1,-58
2024-04-15T13:23:11.524000,cb:94:54:ed:5d:28,1,-64
2024-04-15T13:23:11.534000,51:47:af:69:f1:dc,1,-82
2024-04-15T13:23:11.564000,55:ab:8b:5f:82:1a,1,-87
2024-04-15T13:23:11.608000,fb:19:06:45:ff:a3,1,-86
2024-04-15T13:23:11.622000,45:fd:d6:cf:0d:6d,1,-81
2024-04-15T13:23:11.639000,62:40:1b:ed:41:1d,1,-83
2024-04-15T13:23:11.656000,67:e2:cf:45:62:80,1,-75
2024-04-15T13:23:11.732000,64:62:ea:ed:98:55,1,-81
2024-04-15T13:23:11.746000,43:ea:e7:07:d6:f5,1,-54
2024-04-15T13:23:11.788000,62:40:1b:ed:41:1d,1,-91
2024-04-15T13:23:11.806000,51:47:af:69:f1:dc,1,-83
2024-04-15T13:23:11.836000,55:ab:8b:5f:82:1a,1,-89
2024-04-15T13:23:11.895000,45:fd:d6:cf:0d:6d,1,-81
2024-04-15T13:23:11.928000,67:e2:cf:45:62:80,1,-77
2024-04-15T13:23:11.944000,cb:94:54:ed:5d:28,1,-65
2024-04-15T13:23:12.002000,64:62:ea:ed:98:55,1,-82
2024-04-15T13:23:12.037000,43:ea:e7:07:d6:f5,1,-58
2024-04-15T13:23:12.087000,51:47:af:69:f1:dc,1,-94
2024-04-15T13:23:12.106000,62:40:1b:ed:41:1d,1,-83
2024-04-15T13:23:12.112000,55:ab:8b:5f:82:1a,1,-88
2024-04-15T13:23:12.168000,45:fd:d6:cf:0d:6d,1,-81
2024-04-15T13:23:12.206000,67:e2:cf:45:62:80,1,-76
2024-04-15T13:23:12.265000,62:40:1b:ed:41:1d,1,-90
2024-04-15T13:23:12.275000,64:62:ea:ed:98:55,1,-82
2024-04-15T13:23:12.326000,43:ea:e7:07:d6:f5,1,-72
2024-04-15T13:23:12.392000,55:ab:8b:5f:82:1a,1,-79
2024-04-15T13:23:12.427000,62:40:1b:ed:41:1d,1,-88
2024-04-15T13:23:12.448000,45:fd:d6:cf:0d:6d,1,-85
2024-04-15T13:23:12.482000,67:e2:cf:45:62:80,1,-87
2024-04-15T13:23:12.503000,cc:0c:c6:9e:99:a2,1,-77
2024-04-15T13:23:12.527000,d3:37:f5:96:82:f5,1,-89
2024-04-15T13:23:12.585000,62:40:1b:ed:41:1d,1,-84
2024-04-15T13:23:12.615000,43:ea:e7:07:d6:f5,1,-55
2024-04-15T13:23:12.636000,51:47:af:69:f1:dc,1,-90
2024-04-15T13:23:12.665000,69:d2:b6:03:66:25,1,-91
2024-04-15T13:23:12.744000,62:40:1b:ed:41:1d,1,-91
2024-04-15T13:23:12.755000,67:e2:cf:45:62:80,1,-89
2024-04-15T13:23:12.785000,cb:94:54:ed:5d:28,1,-65
2024-04-15T13:23:12.901000,43:ea:e7:07:d6:f5,1,-57
2024-04-15T13:23:12.906000,62:40:1b:ed:41:1d,1,-89
2024-04-15T13:23:12.940000,69:d2:b6:03:66:25,1,-89
2024-04-15T13:23:12.949000,55:ab:8b:5f:82:1a,1,-89
2024-04-15T13:23:13.064000,62:40:1b:ed:41:1d,1,-84
2024-04-15T13:23:13.181000,43:ea:e7:07:d6:f5,1,-54
2024-04-15T13:23:13.208000,cb:94:54:ed:5d:28,1,-65
2024-04-15T13:23:13.218000,69:d2:b6:03:66:25,1,-87
2024-04-15T13:23:13.232000,62:40:1b:ed:41:1d,1,-83
2024-04-15T13:23:13.272000,45:fd:d6:cf:0d:6d,1,-81
2024-04-15T13:23:13.307000,67:e2:cf:45:62:80,1,-75
2024-04-15T13:23:13.364000,55:5c:b2:8c:1a:4a,1,-84
2024-04-15T13:23:13.382000,46:85:69:ab:93:15,1,-96
2024-04-15T13:23:13.392000,f0:57:7e:12:c1:8a,1,-89
2024-04-15T13:23:13.416000,c6:30:94:7e:5e:79,1,-92
2024-04-15T13:23:13.468000,43:ea:e7:07:d6:f5,1,-73
2024-04-15T13:23:13.487000,55:ab:8b:5f:82:1a,1,-88
2024-04-15T13:23:13.552000,45:fd:d6:cf:0d:6d,1,-86
2024-04-15T13:23:13.579000,67:e2:cf:45:62:80,1,-75
2024-04-15T13:23:13.612000,fb:19:06:45:ff:a3,1,-86
2024-04-15T13:23:13.632000,64:62:ea:ed:98:55,1,-87
2024-04-15T13:23:13.666000,69:d2:b6:03:66:25,1,-93
2024-04-15T13:23:13.697000,62:40:1b:ed:41:1d,1,-83
2024-04-15T13:23:13.755000,43:ea:e7:07:d6:f5,1,-55
2024-04-15T13:23:13.830000,45:fd:d6:cf:0d:6d,1,-89
2024-04-15T13:23:13.855000,62:40:1b:ed:41:1d,1,-91
2024-04-15T13:23:13.903000,64:62:ea:ed:98:55,1,-85
2024-04-15T13:23:13.998000,51:47:af:69:f1:dc,1,-85
2024-04-15T13:23:14.015000,62:40:1b:ed:41:1d,1,-89
2024-04-15T13:23:14.040000,55:ab:8b:5f:82:1a,1,-79
2024-04-15T13:23:14.065000,43:ea:e7:07:d6:f5,1,-57
2024-04-15T13:23:14.108000,45:fd:d6:cf:0d:6d,1,-91
2024-04-15T13:23:14.173000,64:62:ea:ed:98:55,1,-83
2024-04-15T13:23:14.203000,69:d2:b6:03:66:25,1,-90
2024-04-15T13:23:14.270000,51:47:af:69:f1:dc,1,-93
2024-04-15T13:23:14.314000,55:ab:8b:5f:82:1a,1,-81
2024-04-15T13:23:14.324000,62:40:1b:ed:41:1d,1,-82
2024-04-15T13:23:14.336000,43:ea:e7:07:d6:f5,1,-79
2024-04-15T13:23:14.405000,67:e2:cf:45:62:80,1,-88
2024-04-15T13:23:14.446000,64:62:ea:ed:98:55,1,-82
2024-04-15T13:23:14.473000,cb:94:54:ed:5d:28,1,-70
2024-04-15T13:23:14.502000,cc:0c:c6:9e:99:a2,1,-82
2024-04-15T13:23:14.533000,d3:37:f5:96:82:f5,1,-83
2024-04-15T13:23:14.543000,51:47:af:69:f1:dc,1,-90
2024-04-15T13:23:14.622000,43:ea:e7:07:d6:f5,1,-54
2024-04-15T13:23:14.652000,45:fd:d6:cf:0d:6d,1,-83
2024-04-15T13:23:14.677000,67:e2:cf:45:62:80,1,-92
2024-04-15T13:23:14.720000,64:62:ea:ed:98:55,1,-80
2024-04-15T13:23:14.861000,55:ab:8b:5f:82:1a,1,-93
2024-04-15T13:23:14.893000,cb:94:54:ed:5d:28,1,-67
2024-04-15T13:23:14.915000,43:ea:e7:07:d6:f5,1,-62
2024-04-15T13:23:14.931000,45:fd:d6:cf:0d:6d,1,-86
2024-04-15T13:23:14.955000,67:e2:cf:45:62:80,1,-75
2024-04-15T13:23:14.995000,64:62:ea:ed:98:55,1,-77
2024-04-15T13:23:15.064000,69:d2:b6:03:66:25,1,-95
2024-04-15T13:23:15.097000,51:47:af:69:f1:dc,1,-90
2024-04-15T13:23:15.142000,55:ab:8b:5f:82:1a,1,-84
2024-04-15T13:23:15.205000,43:ea:e7:07:d6:f5,1,-74
2024-04-15T13:23:15.209000,45:fd:d6:cf:0d:6d,1,-89
2024-04-15T13:23:15.227000,67:e2:cf:45:62:80,1,-77
2024-04-15T13:23:15.271000,64:62:ea:ed:98:55,1,-80
2024-04-15T13:23:15.311000,cb:94:54:ed:5d:28,1,-67
2024-04-15T13:23:15.372000,51:47:af:69:f1:dc,1,-84
2024-04-15T13:23:15.403000,46:85:69:ab:93:15,1,-92
2024-04-15T13:23:15.420000,55:ab:8b:5f:82:1a,1,-78
2024-04-15T13:23:15.487000,45:fd:d6:cf:0d:6d,1,-90
2024-04-15T13:23:15.504000,67:e2:cf:45:62:80,1,-77
2024-04-15T13:23:15.543000,64:62:ea:ed:98:55,1,-80
2024-04-15T13:23:15.615000,69:d2:b6:03:66:25,1,-96
2024-04-15T13:23:15.633000,fb:19:06:45:ff:a3,1,-84
2024-04-15T13:23:15.642000,51:47:af:69:f1:dc,1,-84
2024-04-15T13:23:15.733000,cb:94:54:ed:5d:28,1,-68
2024-04-15T13:23:15.762000,45:fd:d6:cf:0d:6d,1,-83
2024-04-15T13:23:15.783000,43:ea:e7:07:d6:f5,1,-59
2024-04-15T13:23:15.816000,64:62:ea:ed:98:55,1,-80
2024-04-15T13:23:15.922000,51:47:af:69:f1:dc,1,-92
2024-04-15T13:23:16.040000,45:fd:d6:cf:0d:6d,1,-89
2024-04-15T13:23:16.053000,67:e2:cf:45:62:80,1,-92
2024-04-15T13:23:16.063000,43:ea:e7:07:d6:f5,1,-55
2024-04-15T13:23:16.088000,64:62:ea:ed:98:55,1,-79
2024-04-15T13:23:16.153000,cb:94:54:ed:5d:28,1,-67
2024-04-15T13:23:16.203000,51:47:af:69:f1:dc,1,-89
2024-04-15T13:23:16.248000,55:ab:8b:5f:82:1a,1,-87
2024-04-15T13:23:16.318000,45:fd:d6:cf:0d:6d,1,-87
2024-04-15T13:23:16.326000,67:e2:cf:45:62:80,1,-91
2024-04-15T13:23:16.351000,43:ea:e7:07:d6:f5,1,-61
2024-04-15T13:23:16.362000,64:62:ea:ed:98:55,1,-87
2024-04-15T13:23:16.442000,69:d2:b6:03:66:25,1,-88
2024-04-15T13:23:16.503000,cc:0c:c6:9e:99:a2,1,-77
2024-04-15T13:23:16.527000,55:ab:8b:5f:82:1a,1,-88
2024-04-15T13:23:16.579000,cb:94:54:ed:5d:28,1,-66
2024-04-15T13:23:16.588000,45:fd:d6:cf:0d:6d,1,-89
2024-04-15T13:23:16.597000,67:e2:cf:45:62:80,1,-83
2024-04-15T13:23:16.632000,64:62:ea:ed:98:55,1,-82
2024-04-15T13:23:16.642000,43:ea:e7:07:d6:f5,1,-54
2024-04-15T13:23:16.713000,69:d2:b6:03:66:25,1,-87
2024-04-15T13:23:16.754000,51:47:af:69:f1:dc,1,-84
2024-04-15T13:23:16.803000,55:ab:8b:5f:82:1a,1,-77
2024-04-15T13:23:16.862000,45:fd:d6:cf:0d:6d,1,-87
2024-04-15T13:23:16.905000,64:62:ea:ed:98:55,1,-81
2024-04-15T13:23:16.928000,43:ea:e7:07:d6:f5,1,-57
2024-04-15T13:23:16.988000,69:d2:b6:03:66:25,1,-88
2024-04-15T13:23:16.999000,cb:94:54:ed:5d:28,1,-66
2024-04-15T13:23:17.073000,55:ab:8b:5f:82:1a,1,-78
2024-04-15T13:23:17.148000,67:e2:cf:45:62:80,1,-77
2024-04-15T13:23:17.175000,64:62:ea:ed:98:55,1,-81
2024-04-15T13:23:17.208000,43:ea:e7:07:d6:f5,1,-55
2024-04-15T13:23:17.263000,69:d2:b6:03:66:25,1,-89
2024-04-15T13:23:17.308000,51:47:af:69:f1:dc,1,-95
2024-04-15T13:23:17.343000,55:ab:8b:5f:82:1a,1,-77
2024-04-15T13:23:17.411000,f0:57:7e:12:c1:8a,1,-89
2024-04-15T13:23:17.417000,cb:94:54:ed:5d:28,1,-67
2024-04-15T13:23:17.427000,67:e2:cf:45:62:80,1,-78
2024-04-15T13:23:17.451000,64:62:ea:ed:98:55,1,-81
2024-04-15T13:23:17.498000,43:ea:e7:07:d6:f5,1,-56
2024-04-15T13:23:17.534000,69:d2:b6:03:66:25,1,-90
2024-04-15T13:23:17.582000,51:47:af:69:f1:dc,1,-94
2024-04-15T13:23:17.620000,fb:19:06:45:ff:a3,1,-83
2024-04-15T13:23:17.691000,45:fd:d6:cf:0d:6d,1,-84
2024-04-15T13:23:17.702000,67:e2:cf:45:62:80,1,-77
2024-04-15T13:23:17.716000,64:62:ea:ed:98:55,1,-80
2024-04-15T13:23:17.782000,43:ea:e7:07:d6:f5,1,-64
2024-04-15T13:23:17.812000,69:d2:b6:03:66:25,1,-87
2024-04-15T13:23:17.845000,cb:94:54:ed:5d:28,1,-59
2024-04-15T13:23:17.897000,55:ab:8b:5f:82:1a,1,-86
2024-04-15T13:23:17.971000,45:fd:d6:cf:0d:6d,1,-95
2024-04-15T13:23:17.981000,67:e2:cf:45:62:80,1,-83
2024-04-15T13:23:17.990000,64:62:ea:ed:98:55,1,-80
2024-04-15T13:23:18.073000,43:ea:e7:07:d6:f5,1,-54
2024-04-15T13:23:18.103000,69:d2:b6:03:66:25,1,-89
2024-04-15T13:23:18.133000,51:47:af:69:f1:dc,1,-83
2024-04-15T13:23:18.244000,45:fd:d6:cf:0d:6d,1,-92
2024-04-15T13:23:18.254000,67:e2:cf:45:62:80,1,-85
2024-04-15T13:23:18.271000,64:62:ea:ed:98:55,1,-80
2024-04-15T13:23:18.280000,cb:94:54:ed:5d:28,1,-59
2024-04-15T13:23:18.357000,43:ea:e7:07:d6:f5,1,-76
2024-04-15T13:23:18.441000,55:ab:8b:5f:82:1a,1,-92
2024-04-15T13:23:18.505000,cc:0c:c6:9e:99:a2,1,-75
2024-04-15T13:23:18.515000,45:fd:d6:cf:0d:6d,1,-90
2024-04-15T13:23:18.524000,67:e2:cf:45:62:80,1,-77
2024-04-15T13:23:18.544000,64:62:ea:ed:98:55,1,-81
2024-04-15T13:23:18.553000,d3:37:f5:96:82:f5,1,-79
2024-04-15T13:23:18.641000,43:ea:e7:07:d6:f5,1,-56
2024-04-15T13:23:18.662000,69:d2:b6:03:66:25,1,-86
2024-04-15T13:23:18.684000,51:47:af:69:f1:dc,1,-94
2024-04-15T13:23:18.704000,cb:94:54:ed:5d:28,1,-59
2024-04-15T13:23:18.722000,55:ab:8b:5f:82:1a,1,-79
2024-04-15T13:23:18.790000,45:fd:d6:cf:0d:6d,1,-82
2024-04-15T13:23:18.798000,67:e2:cf:45:62:80,1,-75
2024-04-15T13:23:18.808000,64:62:ea:ed:98:55,1,-77
2024-04-15T13:23:18.933000,43:ea:e7:07:d6:f5,1,-57
2024-04-15T13:23:18.937000,69:d2:b6:03:66:25,1,-85
2024-04-15T13:23:18.962000,51:47:af:69:f1:dc,1,-92
2024-04-15T13:23:18.997000,55:ab:8b:5f:82:1a,1,-79
2024-04-15T13:23:19.063000,45:fd:d6:cf:0d:6d,1,-84
2024-04-15T13:23:19.075000,67:e2:cf:45:62:80,1,-79
2024-04-15T13:23:19.086000,64:62:ea:ed:98:55,1,-77
2024-04-15T13:23:19.114000,cb:94:54:ed:5d:28,1,-65
2024-04-15T13:23:19.212000,43:ea:e7:07:d6:f5,1,-55
2024-04-15T13:23:19.268000,55:ab:8b:5f:82:1a,1,-78
2024-04-15T13:23:19.335000,45:fd:d6:cf:0d:6d,1,-84
2024-04-15T13:23:19.345000,67:e2:cf:45:62:80,1,-78
2024-04-15T13:23:19.354000,64:62:ea:ed:98:55,1,-76
2024-04-15T13:23:19.376000,55:5c:b2:8c:1a:4a,1,-94
2024-04-15T13:23:19.413000,46:85:69:ab:93:15,1,-90
2024-04-15T13:23:19.420000,f0:57:7e:12:c1:8a,1,-89
2024-04-15T13:23:19.442000,c6:30:94:7e:5e:79,1,-88
2024-04-15T13:23:19.489000,69:d2:b6:03:66:25,1,-88
2024-04-15T13:23:19.501000,43:ea:e7:07:d6:f5,1,-57
2024-04-15T13:23:19.518000,51:47:af:69:f1:dc,1,-85
2024-04-15T13:23:19.532000,cb:94:54:ed:5d:28,1,-65
2024-04-15T13:23:19.615000,45:fd:d6:cf:0d:6d,1,-86
2024-04-15T13:23:19.624000,67:e2:cf:45:62:80,1,-79
2024-04-15T13:23:19.767000,69:d2:b6:03:66:25,1,-87
2024-04-15T13:23:19.787000,43:ea:e7:07:d6:f5,1,-56
2024-04-15T13:23:19.812000,55:ab:8b:5f:82:1a,1,-83
2024-04-15T13:23:19.885000,64:62:ea:ed:98:55,1,-76
2024-04-15T13:23:19.894000,67:e2:cf:45:62:80,1,-82
2024-04-15T13:23:19.950000,cb:94:54:ed:5d:28,1,-65
2024-04-15T13:23:20.043000,69:d2:b6:03:66:25,1,-88
2024-04-15T13:23:20.071000,43:ea:e7:07:d6:f5,1,-57
2024-04-15T13:23:20.075000,51:47:af:69:f1:dc,1,-90
2024-04-15T13:23:20.093000,55:ab:8b:5f:82:1a,1,-91
2024-04-15T13:23:20.155000,64:62:ea:ed:98:55,1,-77
2024-04-15T13:23:20.165000,45:fd:d6:cf:0d:6d,1,-94
2024-04-15T13:23:20.180000,67:e2:cf:45:62:80,1,-84
2024-04-15T13:23:20.314000,69:d2:b6:03:66:25,1,-88
2024-04-15T13:23:20.348000,51:47:af:69:f1:dc,1,-90
2024-04-15T13:23:20.356000,43:ea:e7:07:d6:f5,1,-55
2024-04-15T13:23:20.372000,55:ab:8b:5f:82:1a,1,-78
2024-04-15T13:23:20.382000,cb:94:54:ed:5d:28,1,-65
2024-04-15T13:23:20.431000,64:62:ea:ed:98:55,1,-78
2024-04-15T13:23:20.441000,45:fd:d6:cf:0d:6d,1,-83
2024-04-15T13:23:20.451000,67:e2:cf:45:62:80,1,-76
2024-04-15T13:23:20.551000,d3:37:f5:96:82:f5,1,-78
2024-04-15T13:23:20.593000,69:d2:b6:03:66:25,1,-87
2024-04-15T13:23:20.617000,51:47:af:69:f1:dc,1,-87
2024-04-15T13:23:20.638000,43:ea:e7:07:d6:f5,1,-72
2024-04-15T13:23:20.651000,55:ab:8b:5f:82:1a,1,-85
2024-04-15T13:23:20.704000,64:62:ea:ed:98:55,1,-79
2024-04-15T13:23:20.722000,45:fd:d6:cf:0d:6d,1,-86
2024-04-15T13:23:20.731000,67:e2:cf:45:62:80,1,-81
2024-04-15T13:23:20.799000,cb:94:54:ed:5d:28,1,-65
2024-04-15T13:23:20.864000,69:d2:b6:03:66:25,1,-89
2024-04-15T13:23:20.921000,55:ab:8b:5f:82:1a,1,-84
2024-04-15T13:23:20.930000,43:ea:e7:07:d6:f5,1,-54
2024-04-15T13:23:20.975000,64:62:ea:ed:98:55,1,-79
2024-04-15T13:23:21.002000,67:e2:cf:45:62:80,1,-83
2024-04-15T13:23:21.142000,69:d2:b6:03:66:25,1,-86
2024-04-15T13:23:21.196000,55:ab:8b:5f:82:1a,1,-84
2024-04-15T13:23:21.211000,43:ea:e7:07:d6:f5,1,-57
2024-04-15T13:23:21.229000,cb:94:54:ed:5d:28,1,-67
2024-04-15T13:23:21.246000,64:62:ea:ed:98:55,1,-79
2024-04-15T13:23:21.276000,67:e2:cf:45:62:80,1,-83
2024-04-15T13:23:21.419000,46:85:69:ab:93:15,1,-86
2024-04-15T13:23:21.426000,69:d2:b6:03:66:25,1,-89
2024-04-15T13:23:21.436000,f0:57:7e:12:c1:8a,1,-89
2024-04-15T13:23:21.441000,51:47:af:69:f1:dc,1,-85
2024-04-15T13:23:21.451000,c6:30:94:7e:5e:79,1,-85
2024-04-15T13:23:21.469000,55:ab:8b:5f:82:1a,1,-85
2024-04-15T13:23:21.516000,64:62:ea:ed:98:55,1,-79
2024-04-15T13:23:21.658000,cb:94:54:ed:5d:28,1,-59
2024-04-15T13:23:21.703000,69:d2:b6:03:66:25,1,-89
2024-04-15T13:23:21.747000,55:ab:8b:5f:82:1a,1,-92
2024-04-15T13:23:21.778000,43:ea:e7:07:d6:f5,1,-74
2024-04-15T13:23:22.020000,55:ab:8b:5f:82:1a,1,-78
2024-04-15T13:23:22.062000,64:62:ea:ed:98:55,1,-79
2024-04-15T13:23:22.077000,cb:94:54:ed:5d:28,1,-58
2024-04-15T13:23:22.265000,69:d2:b6:03:66:25,1,-89
2024-04-15T13:23:22.294000,55:ab:8b:5f:82:1a,1,-79
2024-04-15T13:23:22.335000,64:62:ea:ed:98:55,1,-81
2024-04-15T13:23:22.352000,43:ea:e7:07:d6:f5,1,-58
2024-04-15T13:23:22.372000,45:fd:d6:cf:0d:6d,1,-88
2024-04-15T13:23:22.385000,67:e2:cf:45:62:80,1,-79
2024-04-15T13:23:22.501000,cb:94:54:ed:5d:28,1,-66
2024-04-15T13:23:22.537000,69:d2:b6:03:66:25,1,-89
2024-04-15T13:23:22.546000,51:47:af:69:f1:dc,1,-85
2024-04-15T13:23:22.565000,55:ab:8b:5f:82:1a,1,-79
2024-04-15T13:23:22.608000,64:62:ea:ed:98:55,1,-79
2024-04-15T13:23:22.646000,45:fd:d6:cf:0d:6d,1,-86
2024-04-15T13:23:22.655000,67:e2:cf:45:62:80,1,-83
2024-04-15T13:23:22.814000,51:47:af:69:f1:dc,1,-85
2024-04-15T13:23:22.823000,69:d2:b6:03:66:25,1,-88
2024-04-15T13:23:22.832000,69:d2:b6:03:66:25,1,-86
2024-04-15T13:23:22.841000,55:ab:8b:5f:82:1a,1,-79
2024-04-15T13:23:22.923000,cb:94:54:ed:5d:28,1,-65
2024-04-15T13:23:22.932000,43:ea:e7:07:d6:f5,1,-57
2024-04-15T13:23:22.937000,67:e2:cf:45:62:80,1,-83
2024-04-15T13:23:23.097000,69:d2:b6:03:66:25,1,-87
2024-04-15T13:23:23.110000,55:ab:8b:5f:82:1a,1,-85
2024-04-15T13:23:23.196000,67:e2:cf:45:62:80,1,-83
2024-04-15T13:23:23.208000,43:ea:e7:07:d6:f5,1,-55
2024-04-15T13:23:23.343000,cb:94:54:ed:5d:28,1,-66
2024-04-15T13:23:23.367000,51:47:af:69:f1:dc,1,-96
2024-04-15T13:23:23.378000,69:d2:b6:03:66:25,1,-88
2024-04-15T13:23:23.388000,55:ab:8b:5f:82:1a,1,-85
2024-04-15T13:23:23.397000,55:5c:b2:8c:1a:4a,1,-83
2024-04-15T13:23:23.423000,64:62:ea:ed:98:55,1,-77
2024-04-15T13:23:23.431000,f0:57:7e:12:c1:8a,1,-88
2024-04-15T13:23:23.468000,45:fd:d6:cf:0d:6d,1,-92
2024-04-15T13:23:23.637000,fb:19:06:45:ff:a3,1,-87
2024-04-15T13:23:23.651000,69:d2:b6:03:66:25,1,-90
2024-04-15T13:23:23.661000,55:ab:8b:5f:82:1a,1,-87
2024-04-15T13:23:23.693000,64:62:ea:ed:98:55,1,-74
2024-04-15T13:23:23.736000,45:fd:d6:cf:0d:6d,1,-93
2024-04-15T13:23:23.766000,cb:94:54:ed:5d:28,1,-65
2024-04-15T13:23:23.782000,43:ea:e7:07:d6:f5,1,-72
2024-04-15T13:23:23.915000,51:47:af:69:f1:dc,1,-89
2024-04-15T13:23:23.931000,55:ab:8b:5f:82:1a,1,-85
2024-04-15T13:23:23.957000,69:d2:b6:03:66:25,1,-90
2024-04-15T13:23:23.972000,64:62:ea:ed:98:55,1,-75
2024-04-15T13:23:24.007000,45:fd:d6:cf:0d:6d,1,-91
2024-04-15T13:23:24.186000,cb:94:54:ed:5d:28,1,-65
2024-04-15T13:23:24.205000,55:ab:8b:5f:82:1a,1,-85
2024-04-15T13:23:24.223000,69:d2:b6:03:66:25,1,-87
2024-04-15T13:23:24.241000,64:62:ea:ed:98:55,1,-74
2024-04-15T13:23:24.284000,67:e2:cf:45:62:80,1,-75
2024-04-15T13:23:24.352000,43:ea:e7:07:d6:f5,1,-69
2024-04-15T13:23:24.463000,51:47:af:69:f1:dc,1,-85
2024-04-15T13:23:24.475000,55:ab:8b:5f:82:1a,1,-89
2024-04-15T13:23:24.493000,69:d2:b6:03:66:25,1,-88
2024-04-15T13:23:24.506000,64:62:ea:ed:98:55,1,-75
2024-04-15T13:23:24.516000,cc:0c:c6:9e:99:a2,1,-78
2024-04-15T13:23:24.554000,67:e2:cf:45:62:80,1,-77
2024-04-15T13:23:24.563000,d3:37:f5:96:82:f5,1,-86
2024-04-15T13:23:24.567000,45:fd:d6:cf:0d:6d,1,-86
2024-04-15T13:23:24.741000,51:47:af:69:f1:dc,1,-95
2024-04-15T13:23:24.750000,55:ab:8b:5f:82:1a,1,-90
2024-04-15T13:23:24.764000,69:d2:b6:03:66:25,1,-89
2024-04-15T13:23:24.832000,67:e2:cf:45:62:80,1,-85
2024-04-15T13:23:24.925000,43:ea:e7:07:d6:f5,1,-62
2024-04-15T13:23:25.011000,51:47:af:69:f1:dc,1,-100
2024-04-15T13:23:25.026000,55:ab:8b:5f:82:1a,1,-79
2024-04-15T13:23:25.055000,64:62:ea:ed:98:55,1,-77
2024-04-15T13:23:25.113000,67:e2:cf:45:62:80,1,-87
2024-04-15T13:23:25.123000,45:fd:d6:cf:0d:6d,1,-84
2024-04-15T13:23:25.213000,43:ea:e7:07:d6:f5,1,-56
2024-04-15T13:23:25.295000,51:47:af:69:f1:dc,1,-88
2024-04-15T13:23:25.304000,55:ab:8b:5f:82:1a,1,-83
2024-04-15T13:23:25.321000,69:d2:b6:03:66:25,1,-95
2024-04-15T13:23:25.330000,64:62:ea:ed:98:55,1,-81
2024-04-15T13:23:25.389000,67:e2:cf:45:62:80,1,-88
2024-04-15T13:23:25.398000,45:fd:d6:cf:0d:6d,1,-84
2024-04-15T13:23:25.408000,55:5c:b2:8c:1a:4a,1,-83
2024-04-15T13:23:25.429000,46:85:69:ab:93:15,1,-93
2024-04-15T13:23:25.435000,f0:57:7e:12:c1:8a,1,-97
2024-04-15T13:23:25.464000,c6:30:94:7e:5e:79,1,-94
2024-04-15T13:23:25.503000,43:ea:e7:07:d6:f5,1,-63
2024-04-15T13:23:25.582000,55:ab:8b:5f:82:1a,1,-84
2024-04-15T13:23:25.591000,69:d2:b6:03:66:25,1,-88
2024-04-15T13:23:25.603000,64:62:ea:ed:98:55,1,-82
2024-04-15T13:23:25.644000,fb:19:06:45:ff:a3,1,-84
2024-04-15T13:23:25.665000,45:fd:d6:cf:0d:6d,1,-84
2024-04-15T13:23:25.674000,67:e2:cf:45:62:80,1,-77
2024-04-15T13:23:25.783000,43:ea:e7:07:d6:f5,1,-58
2024-04-15T13:23:25.854000,55:ab:8b:5f:82:1a,1,-89
2024-04-15T13:23:25.943000,45:fd:d6:cf:0d:6d,1,-84
2024-04-15T13:23:25.951000,67:e2:cf:45:62:80,1,-79
2024-04-15T13:23:26.072000,43:ea:e7:07:d6:f5,1,-62
2024-04-15T13:23:26.111000,51:47:af:69:f1:dc,1,-90
2024-04-15T13:23:26.125000,55:ab:8b:5f:82:1a,1,-92
2024-04-15T13:23:26.136000,69:d2:b6:03:66:25,1,-94
2024-04-15T13:23:26.223000,67:e2:cf:45:62:80,1,-85
2024-04-15T13:23:26.240000,45:fd:d6:cf:0d:6d,1,-86
2024-04-15T13:23:26.361000,43:ea:e7:07:d6:f5,1,-68
2024-04-15T13:23:26.386000,51:47:af:69:f1:dc,1,-88
2024-04-15T13:23:26.405000,55:ab:8b:5f:82:1a,1,-82
2024-04-15T13:23:26.495000,45:fd:d6:cf:0d:6d,1,-86
2024-04-15T13:23:26.515000,cc:0c:c6:9e:99:a2,1,-76
2024-04-15T13:23:26.568000,d3:37:f5:96:82:f5,1,-81
2024-04-15T13:23:26.647000,43:ea:e7:07:d6:f5,1,-66
2024-04-15T13:23:26.665000,51:47:af:69:f1:dc,1,-90
2024-04-15T13:23:26.679000,55:ab:8b:5f:82:1a,1,-80
2024-04-15T13:23:26.766000,67:e2:cf:45:62:80,1,-88
2024-04-15T13:23:26.776000,45:fd:d6:cf:0d:6d,1,-87
2024-04-15T13:23:26.926000,43:ea:e7:07:d6:f5,1,-57
2024-04-15T13:23:26.932000,43:ea:e7:07:d6:f5,1,-69
2024-04-15T13:23:26.941000,51:47:af:69:f1:dc,1,-87
2024-04-15T13:23:26.952000,64:62:ea:ed:98:55,1,-81
2024-04-15T13:23:26.997000,cb:94:54:ed:5d:28,1,-59
2024-04-15T13:23:27.044000,67:e2:cf:45:62:80,1,-79
2024-04-15T13:23:27.053000,45:fd:d6:cf:0d:6d,1,-83
2024-04-15T13:23:27.211000,43:ea:e7:07:d6:f5,1,-72
2024-04-15T13:23:27.216000,51:47:af:69:f1:dc,1,-86
2024-04-15T13:23:27.226000,64:62:ea:ed:98:55,1,-86
2024-04-15T13:23:27.322000,67:e2:cf:45:62:80,1,-73
2024-04-15T13:23:27.407000,55:5c:b2:8c:1a:4a,1,-89
2024-04-15T13:23:27.466000,c6:30:94:7e:5e:79,1,-90
2024-04-15T13:23:27.486000,51:47:af:69:f1:dc,1,-86
2024-04-15T13:23:27.496000,43:ea:e7:07:d6:f5,1,-56
2024-04-15T13:23:27.500000,64:62:ea:ed:98:55,1,-76
2024-04-15T13:23:27.510000,69:d2:b6:03:66:25,1,-83
2024-04-15T13:23:27.596000,67:e2:cf:45:62:80,1,-78
2024-04-15T13:23:27.653000,fb:19:06:45:ff:a3,1,-87
2024-04-15T13:23:27.764000,55:ab:8b:5f:82:1a,1,-79
2024-04-15T13:23:27.780000,64:62:ea:ed:98:55,1,-75
2024-04-15T13:23:27.797000,69:d2:b6:03:66:25,1,-84
2024-04-15T13:23:27.807000,43:ea:e7:07:d6:f5,1,-71
2024-04-15T13:23:27.840000,cb:94:54:ed:5d:28,1,-59
2024-04-15T13:23:27.866000,67:e2:cf:45:62:80,1,-74
2024-04-15T13:23:27.878000,45:fd:d6:cf:0d:6d,1,-89
2024-04-15T13:23:28.036000,64:62:ea:ed:98:55,1,-77
2024-04-15T13:23:28.055000,55:ab:8b:5f:82:1a,1,-77
2024-04-15T13:23:28.064000,43:ea:e7:07:d6:f5,1,-56
2024-04-15T13:23:28.146000,67:e2:cf:45:62:80,1,-92
2024-04-15T13:23:28.261000,cb:94:54:ed:5d:28,1,-66
2024-04-15T13:23:28.311000,64:62:ea:ed:98:55,1,-83
2024-04-15T13:23:28.322000,55:ab:8b:5f:82:1a,1,-92
2024-04-15T13:23:28.346000,43:ea:e7:07:d6:f5,1,-61
2024-04-15T13:23:28.416000,67:e2:cf:45:62:80,1,-93
2024-04-15T13:23:28.515000,cc:0c:c6:9e:99:a2,1,-77
2024-04-15T13:23:28.571000,d3:37:f5:96:82:f5,1,-80
2024-04-15T13:23:28.586000,64:62:ea:ed:98:55,1,-85
2024-04-15T13:23:28.597000,51:47:af:69:f1:dc,1,-86
2024-04-15T13:23:28.607000,55:ab:8b:5f:82:1a,1,-77
2024-04-15T13:23:28.631000,43:ea:e7:07:d6:f5,1,-57
2024-04-15T13:23:28.681000,cb:94:54:ed:5d:28,1,-66
2024-04-15T13:23:28.696000,45:fd:d6:cf:0d:6d,1,-84
2024-04-15T13:23:28.856000,64:62:ea:ed:98:55,1,-83
2024-04-15T13:23:28.865000,55:ab:8b:5f:82:1a,1,-79
2024-04-15T13:23:28.876000,51:47:af:69:f1:dc,1,-82
2024-04-15T13:23:28.916000,43:ea:e7:07:d6:f5,1,-60
2024-04-15T13:23:28.976000,45:fd:d6:cf:0d:6d,1,-86
2024-04-15T13:23:29.106000,cb:94:54:ed:5d:28,1,-65
2024-04-15T13:23:29.129000,64:62:ea:ed:98:55,1,-82
2024-04-15T13:23:29.150000,55:ab:8b:5f:82:1a,1,-78
2024-04-15T13:23:29.160000,51:47:af:69:f1:dc,1,-85
2024-04-15T13:23:29.190000,69:d2:b6:03:66:25,1,-85
2024-04-15T13:23:29.235000,67:e2:cf:45:62:80,1,-81
2024-04-15T13:23:29.254000,45:fd:d6:cf:0d:6d,1,-94
2024-04-15T13:23:29.399000,64:62:ea:ed:98:55,1,-85
2024-04-15T13:23:29.421000,55:ab:8b:5f:82:1a,1,-79
2024-04-15T13:23:29.454000,55:5c:b2:8c:1a:4a,1,-88
2024-04-15T13:23:29.470000,51:47:af:69:f1:dc,1,-81
2024-04-15T13:23:29.492000,c6:30:94:7e:5e:79,1,-82
2024-04-15T13:23:29.498000,43:ea:e7:07:d6:f5,1,-61
2024-04-15T13:23:29.506000,67:e2:cf:45:62:80,1,-81
2024-04-15T13:23:29.663000,fb:19:06:45:ff:a3,1,-87
2024-04-15T13:23:29.672000,64:62:ea:ed:98:55,1,-79
2024-04-15T13:23:29.687000,55:ab:8b:5f:82:1a,1,-79
2024-04-15T13:23:29.707000,51:47:af:69:f1:dc,1,-82
2024-04-15T13:23:29.777000,43:ea:e7:07:d6:f5,1,-56
2024-04-15T13:23:29.782000,67:e2:cf:45:62:80,1,-79
2024-04-15T13:23:29.811000,45:fd:d6:cf:0d:6d,1,-88
2024-04-15T13:23:29.942000,64:62:ea:ed:98:55,1,-79
2024-04-15T13:23:29.953000,cb:94:54:ed:5d:28,1,-69
2024-04-15T13:23:29.982000,51:47:af:69:f1:dc,1,-90
2024-04-15T13:23:30.057000,67:e2:cf:45:62:80,1,-80
2024-04-15T13:23:30.092000,45:fd:d6:cf:0d:6d,1,-101
2024-04-15T13:23:30.212000,64:62:ea:ed:98:55,1,-80
2024-04-15T13:23:30.241000,55:ab:8b:5f:82:1a,1,-77
2024-04-15T13:23:30.252000,51:47:af:69:f1:dc,1,-88
2024-04-15T13:23:30.295000,69:d2:b6:03:66:25,1,-84
2024-04-15T13:23:30.337000,67:e2:cf:45:62:80,1,-92
2024-04-15T13:23:30.351000,43:ea:e7:07:d6:f5,1,-61
2024-04-15T13:23:30.373000,cb:94:54:ed:5d:28,1,-69
2024-04-15T13:23:30.486000,64:62:ea:ed:98:55,1,-80
2024-04-15T13:23:30.525000,51:47:af:69:f1:dc,1,-89
2024-04-15T13:23:30.567000,69:d2:b6:03:66:25,1,-84
2024-04-15T13:23:30.614000,67:e2:cf:45:62:80,1,-81
2024-04-15T13:23:30.638000,43:ea:e7:07:d6:f5,1,-71
2024-04-15T13:23:30.642000,45:fd:d6:cf:0d:6d,1,-84
2024-04-15T13:23:30.756000,64:62:ea:ed:98:55,1,-81
2024-04-15T13:23:30.797000,cb:94:54:ed:5d:28,1,-69
2024-04-15T13:23:30.806000,51:47:af:69:f1:dc,1,-90
2024-04-15T13:23:30.884000,67:e2:cf:45:62:80,1,-83
2024-04-15T13:23:30.917000,45:fd:d6:cf:0d:6d,1,-86
2024-04-15T13:23:30.927000,43:ea:e7:07:d6:f5,1,-61
2024-04-15T13:23:31.026000,64:62:ea:ed:98:55,1,-80
2024-04-15T13:23:31.071000,51:47:af:69:f1:dc,1,-86
2024-04-15T13:23:31.079000,55:ab:8b:5f:82:1a,1,-86
2024-04-15T13:23:31.154000,67:e2:cf:45:62:80,1,-82
2024-04-15T13:23:31.216000,cb:94:54:ed:5d:28,1,-70
2024-04-15T13:23:31.350000,51:47:af:69:f1:dc,1,-88
2024-04-15T13:23:31.358000,55:ab:8b:5f:82:1a,1,-79
2024-04-15T13:23:31.421000,55:5c:b2:8c:1a:4a,1,-91
2024-04-15T13:23:31.429000,67:e2:cf:45:62:80,1,-80
2024-04-15T13:23:31.439000,f0:57:7e:12:c1:8a,1,-85
2024-04-15T13:23:31.468000,45:fd:d6:cf:0d:6d,1,-84
2024-04-15T13:23:31.497000,43:ea:e7:07:d6:f5,1,-61
2024-04-15T13:23:31.567000,64:62:ea:ed:98:55,1,-81
2024-04-15T13:23:31.621000,51:47:af:69:f1:dc,1,-83
2024-04-15T13:23:31.644000,cb:94:54:ed:5d:28,1,-59
2024-04-15T13:23:31.672000,fb:19:06:45:ff:a3,1,-85
2024-04-15T13:23:31.706000,67:e2:cf:45:62:80,1,-80
2024-04-15T13:23:31.738000,45:fd:d6:cf:0d:6d,1,-86
2024-04-15T13:23:31.837000,64:62:ea:ed:98:55,1,-80
2024-04-15T13:23:31.891000,51:47:af:69:f1:dc,1,-82
2024-04-15T13:23:31.908000,55:ab:8b:5f:82:1a,1,-80
2024-04-15T13:23:32.021000,45:fd:d6:cf:0d:6d,1,-84
2024-04-15T13:23:32.067000,43:ea:e7:07:d6:f5,1,-61
2024-04-15T13:23:32.072000,cb:94:54:ed:5d:28,1,-66
2024-04-15T13:23:32.107000,64:62:ea:ed:98:55,1,-80
2024-04-15T13:23:32.163000,51:47:af:69:f1:dc,1,-83
2024-04-15T13:23:32.187000,55:ab:8b:5f:82:1a,1,-85
2024-04-15T13:23:32.213000,69:d2:b6:03:66:25,1,-85
2024-04-15T13:23:32.259000,67:e2:cf:45:62:80,1,-85
2024-04-15T13:23:32.352000,43:ea:e7:07:d6:f5,1,-57
2024-04-15T13:23:32.377000,64:62:ea:ed:98:55,1,-80
2024-04-15T13:23:32.433000,51:47:af:69:f1:dc,1,-82
2024-04-15T13:23:32.458000,55:ab:8b:5f:82:1a,1,-86
2024-04-15T13:23:32.493000,cb:94:54:ed:5d:28,1,-66
2024-04-15T13:23:32.529000,67:e2:cf:45:62:80,1,-87
2024-04-15T13:23:32.572000,45:fd:d6:cf:0d:6d,1,-86
2024-04-15T13:23:32.582000,d3:37:f5:96:82:f5,1,-79
2024-04-15T13:23:32.642000,43:ea:e7:07:d6:f5,1,-72
2024-04-15T13:23:32.647000,64:62:ea:ed:98:55,1,-80
2024-04-15T13:23:32.702000,51:47:af:69:f1:dc,1,-83
2024-04-15T13:23:32.734000,55:ab:8b:5f:82:1a,1,-79
2024-04-15T13:23:32.802000,67:e2:cf:45:62:80,1,-81
2024-04-15T13:23:32.913000,cb:94:54:ed:5d:28,1,-66
2024-04-15T13:23:32.922000,64:62:ea:ed:98:55,1,-80
2024-04-15T13:23:32.942000,43:ea:e7:07:d6:f5,1,-57
2024-04-15T13:23:32.996000,51:47:af:69:f1:dc,1,-91
2024-04-15T13:23:33.053000,69:d2:b6:03:66:25,1,-85
2024-04-15T13:23:33.079000,67:e2:cf:45:62:80,1,-79
2024-04-15T13:23:33.125000,45:fd:d6:cf:0d:6d,1,-97
2024-04-15T13:23:33.193000,64:62:ea:ed:98:55,1,-75
2024-04-15T13:23:33.208000,43:ea:e7:07:d6:f5,1,-61
2024-04-15T13:23:33.268000,51:47:af:69:f1:dc,1,-91
2024-04-15T13:23:33.294000,55:ab:8b:5f:82:1a,1,-85
2024-04-15T13:23:33.337000,cb:94:54:ed:5d:28,1,-65
2024-04-15T13:23:33.352000,67:e2:cf:45:62:80,1,-82
2024-04-15T13:23:33.425000,55:5c:b2:8c:1a:4a,1,-83
2024-04-15T13:23:33.445000,f0:57:7e:12:c1:8a,1,-85
2024-04-15T13:23:33.463000,64:62:ea:ed:98:55,1,-75
2024-04-15T13:23:33.548000,51:47:af:69:f1:dc,1,-83
2024-04-15T13:23:33.572000,55:ab:8b:5f:82:1a,1,-78
2024-04-15T13:23:33.632000,67:e2:cf:45:62:80,1,-89
2024-04-15T13:23:33.672000,fb:19:06:45:ff:a3,1,-84
2024-04-15T13:23:33.736000,64:62:ea:ed:98:55,1,-76
2024-04-15T13:23:33.755000,cb:94:54:ed:5d:28,1,-66
2024-04-15T13:23:33.776000,43:ea:e7:07:d6:f5,1,-61
2024-04-15T13:23:33.824000,51:47:af:69:f1:dc,1,-90
2024-04-15T13:23:33.845000,55:ab:8b:5f:82:1a,1,-79
2024-04-15T13:23:33.881000,69:d2:b6:03:66:25,1,-96
2024-04-15T13:23:33.951000,45:fd:d6:cf:0d:6d,1,-88
2024-04-15T13:23:34.009000,64:62:ea:ed:98:55,1,-78
2024-04-15T13:23:34.061000,43:ea:e7:07:d6:f5,1,-57
2024-04-15T13:23:34.098000,51:47:af:69:f1:dc,1,-90
2024-04-15T13:23:34.116000,55:ab:8b:5f:82:1a,1,-78
2024-04-15T13:23:34.156000,69:d2:b6:03:66:25,1,-95
2024-04-15T13:23:34.176000,cb:94:54:ed:5d:28,1,-65
2024-04-15T13:23:34.185000,67:e2:cf:45:62:80,1,-80
2024-04-15T13:23:34.225000,45:fd:d6:cf:0d:6d,1,-85
2024-04-15T13:23:34.279000,64:62:ea:ed:98:55,1,-77
2024-04-15T13:23:34.345000,43:ea:e7:07:d6:f5,1,-61
2024-04-15T13:23:34.378000,51:47:af:69:f1:dc,1,-91
2024-04-15T13:23:34.394000,55:ab:8b:5f:82:1a,1,-78
2024-04-15T13:23:34.461000,67:e2:cf:45:62:80,1,-80
2024-04-15T13:23:34.497000,45:fd:d6:cf:0d:6d,1,-87
2024-04-15T13:23:34.520000,cc:0c:c6:9e:99:a2,1,-76
2024-04-15T13:23:34.554000,64:62:ea:ed:98:55,1,-81
2024-04-15T13:23:34.588000,d3:37:f5:96:82:f5,1,-86
2024-04-15T13:23:34.597000,cb:94:54:ed:5d:28,1,-65
2024-04-15T13:23:34.632000,43:ea:e7:07:d6:f5,1,-57
2024-04-15T13:23:34.659000,51:47:af:69:f1:dc,1,-84
2024-04-15T13:23:34.668000,55:ab:8b:5f:82:1a,1,-79
2024-04-15T13:23:34.703000,69:d2:b6:03:66:25,1,-85
2024-04-15T13:23:34.738000,67:e2:cf:45:62:80,1,-82
2024-04-15T13:23:34.825000,64:62:ea:ed:98:55,1,-83
2024-04-15T13:23:34.922000,43:ea:e7:07:d6:f5,1,-72
2024-04-15T13:23:34.948000,55:ab:8b:5f:82:1a,1,-88
2024-04-15T13:23:35.009000,67:e2:cf:45:62:80,1,-81
2024-04-15T13:23:35.054000,45:fd:d6:cf:0d:6d,1,-86
2024-04-15T13:23:35.096000,64:62:ea:ed:98:55,1,-82
2024-04-15T13:23:35.202000,43:ea:e7:07:d6:f5,1,-57
2024-04-15T13:23:35.206000,51:47:af:69:f1:dc,1,-89
2024-04-15T13:23:35.224000,55:ab:8b:5f:82:1a,1,-78
2024-04-15T13:23:35.256000,69:d2:b6:03:66:25,1,-96
2024-04-15T13:23:35.279000,67:e2:cf:45:62:80,1,-79
2024-04-15T13:23:35.332000,45:fd:d6:cf:0d:6d,1,-86
2024-04-15T13:23:35.431000,55:5c:b2:8c:1a:4a,1,-82
2024-04-15T13:23:35.443000,cb:94:54:ed:5d:28,1,-69
2024-04-15T13:23:35.451000,f0:57:7e:12:c1:8a,1,-87
2024-04-15T13:23:35.475000,c6:30:94:7e:5e:79,1,-88
2024-04-15T13:23:35.480000,51:47:af:69:f1:dc,1,-90
2024-04-15T13:23:35.492000,43:ea:e7:07:d6:f5,1,-71
2024-04-15T13:23:35.496000,55:ab:8b:5f:82:1a,1,-78
2024-04-15T13:23:35.553000,67:e2:cf:45:62:80,1,-96
2024-04-15T13:23:35.605000,45:fd:d6:cf:0d:6d,1,-87
2024-04-15T13:23:35.645000,64:62:ea:ed:98:55,1,-81
2024-04-15T13:23:35.749000,51:47:af:69:f1:dc,1,-90
2024-04-15T13:23:35.766000,55:ab:8b:5f:82:1a,1,-79
2024-04-15T13:23:35.781000,43:ea:e7:07:d6:f5,1,-61
2024-04-15T13:23:35.814000,69:d2:b6:03:66:25,1,-86
2024-04-15T13:23:35.826000,67:e2:cf:45:62:80,1,-98
2024-04-15T13:23:35.869000,cb:94:54:ed:5d:28,1,-70
2024-04-15T13:23:36.024000,51:47:af:69:f1:dc,1,-90
2024-04-15T13:23:36.066000,43:ea:e7:07:d6:f5,1,-72
2024-04-15T13:23:36.292000,cb:94:54:ed:5d:28,1,-59
2024-04-15T13:23:36.301000,51:47:af:69:f1:dc,1,-88
2024-04-15T13:23:36.312000,55:ab:8b:5f:82:1a,1,-81
2024-04-15T13:23:36.343000,43:ea:e7:07:d6:f5,1,-57
2024-04-15T13:23:36.375000,67:e2:cf:45:62:80,1,-84
2024-04-15T13:23:36.575000,51:47:af:69:f1:dc,1,-82
2024-04-15T13:23:36.585000,55:ab:8b:5f:82:1a,1,-80
2024-04-15T13:23:36.597000,d3:37:f5:96:82:f5,1,-86
2024-04-15T13:23:36.627000,43:ea:e7:07:d6:f5,1,-61
2024-04-15T13:23:36.647000,67:e2:cf:45:62:80,1,-82
2024-04-15T13:23:36.706000,45:fd:d6:cf:0d:6d,1,-87
2024-04-15T13:23:36.717000,cb:94:54:ed:5d:28,1,-70
2024-04-15T13:23:36.732000,64:62:ea:ed:98:55,1,-76
2024-04-15T13:23:36.852000,55:ab:8b:5f:82:1a,1,-80
2024-04-15T13:23:36.912000,43:ea:e7:07:d6:f5,1,-56
2024-04-15T13:23:36.924000,69:d2:b6:03:66:25,1,-87
2024-04-15T13:23:36.934000,67:e2:cf:45:62:80,1,-80
2024-04-15T13:23:36.986000,45:fd:d6:cf:0d:6d,1,-84
2024-04-15T13:23:37.002000,64:62:ea:ed:98:55,1,-77
2024-04-15T13:23:37.133000,cb:94:54:ed:5d:28,1,-59
2024-04-15T13:23:37.202000,69:d2:b6:03:66:25,1,-98
2024-04-15T13:23:37.211000,67:e2:cf:45:62:80,1,-89
2024-04-15T13:23:37.263000,45:fd:d6:cf:0d:6d,1,-95
2024-04-15T13:23:37.277000,64:62:ea:ed:98:55,1,-77
2024-04-15T13:23:37.404000,55:ab:8b:5f:82:1a,1,-87
2024-04-15T13:23:37.413000,51:47:af:69:f1:dc,1,-90
2024-04-15T13:23:37.432000,55:5c:b2:8c:1a:4a,1,-90
2024-04-15T13:23:37.474000,46:85:69:ab:93:15,1,-96
2024-04-15T13:23:37.482000,c6:30:94:7e:5e:79,1,-92
2024-04-15T13:23:37.486000,43:ea:e7:07:d6:f5,1,-56
2024-04-15T13:23:37.547000,64:62:ea:ed:98:55,1,-78
2024-04-15T13:23:37.555000,cb:94:54:ed:5d:28,1,-58
2024-04-15T13:23:37.674000,55:ab:8b:5f:82:1a,1,-85
2024-04-15T13:23:37.691000,51:47:af:69:f1:dc,1,-89
2024-04-15T13:23:37.763000,67:e2:cf:45:62:80,1,-81
2024-04-15T13:23:37.777000,43:ea:e7:07:d6:f5,1,-71
2024-04-15T13:23:37.817000,64:62:ea:ed:98:55,1,-76
2024-04-15T13:23:37.948000,51:47:af:69:f1:dc,1,-88
2024-04-15T13:23:37.958000,55:ab:8b:5f:82:1a,1,-79
2024-04-15T13:23:37.975000,cb:94:54:ed:5d:28,1,-59
2024-04-15T13:23:38.033000,67:e2:cf:45:62:80,1,-81
2024-04-15T13:23:38.061000,43:ea:e7:07:d6:f5,1,-61
2024-04-15T13:23:38.089000,64:62:ea:ed:98:55,1,-77
2024-04-15T13:23:38.099000,45:fd:d6:cf:0d:6d,1,-86
2024-04-15T13:23:38.306000,67:e2:cf:45:62:80,1,-80
2024-04-15T13:23:38.359000,64:62:ea:ed:98:55,1,-79
2024-04-15T13:23:38.368000,45:fd:d6:cf:0d:6d,1,-86
2024-04-15T13:23:38.394000,cb:94:54:ed:5d:28,1,-59
2024-04-15T13:23:38.497000,55:ab:8b:5f:82:1a,1,-78
2024-04-15T13:23:38.522000,cc:0c:c6:9e:99:a2,1,-81
2024-04-15T13:23:38.583000,67:e2:cf:45:62:80,1,-87
2024-04-15T13:23:38.607000,d3:37:f5:96:82:f5,1,-88
2024-04-15T13:23:38.634000,64:62:ea:ed:98:55,1,-80
2024-04-15T13:23:38.643000,43:ea:e7:07:d6:f5,1,-70
2024-04-15T13:23:38.769000,55:ab:8b:5f:82:1a,1,-80
2024-04-15T13:23:38.815000,cb:94:54:ed:5d:28,1,-59
2024-04-15T13:23:38.851000,69:d2:b6:03:66:25,1,-95
2024-04-15T13:23:38.860000,67:e2:cf:45:62:80,1,-92
2024-04-15T13:23:38.905000,64:62:ea:ed:98:55,1,-79
2024-04-15T13:23:38.928000,43:ea:e7:07:d6:f5,1,-56
2024-04-15T13:23:39.041000,55:ab:8b:5f:82:1a,1,-80
2024-04-15T13:23:39.176000,64:62:ea:ed:98:55,1,-80
2024-04-15T13:23:39.239000,cb:94:54:ed:5d:28,1,-59
2024-04-15T13:23:39.317000,51:47:af:69:f1:dc,1,-87
2024-04-15T13:23:39.325000,55:ab:8b:5f:82:1a,1,-87
2024-04-15T13:23:39.432000,55:5c:b2:8c:1a:4a,1,-90
2024-04-15T13:23:39.449000,64:62:ea:ed:98:55,1,-81
2024-04-15T13:23:39.482000,c6:30:94:7e:5e:79,1,-83
2024-04-15T13:23:39.507000,43:ea:e7:07:d6:f5,1,-61
2024-04-15T13:23:39.589000,51:47:af:69:f1:dc,1,-89
2024-04-15T13:23:39.603000,55:ab:8b:5f:82:1a,1,-79
2024-04-15T13:23:39.662000,cb:94:54:ed:5d:28,1,-65
2024-04-15T13:23:39.686000,67:e2:cf:45:62:80,1,-81
2024-04-15T13:23:39.719000,64:62:ea:ed:98:55,1,-82
2024-04-15T13:23:39.742000,45:fd:d6:cf:0d:6d,1,-86
2024-04-15T13:23:39.793000,43:ea:e7:07:d6:f5,1,-57
2024-04-15T13:23:39.868000,51:47:af:69:f1:dc,1,-90
2024-04-15T13:23:39.877000,55:ab:8b:5f:82:1a,1,-79
2024-04-15T13:23:39.953000,69:d2:b6:03:66:25,1,-86
2024-04-15T13:23:39.967000,67:e2:cf:45:62:80,1,-94
2024-04-15T13:23:39.989000,64:62:ea:ed:98:55,1,-82
2024-04-15T13:23:40.081000,43:ea:e7:07:d6:f5,1,-72
2024-04-15T13:23:40.088000,cb:94:54:ed:5d:28,1,-65
2024-04-15T13:23:40.145000,51:47:af:69:f1:dc,1,-82
2024-04-15T13:23:40.233000,69:d2:b6:03:66:25,1,-97
2024-04-15T13:23:40.259000,64:62:ea:ed:98:55,1,-85
2024-04-15T13:23:40.296000,45:fd:d6:cf:0d:6d,1,-98
2024-04-15T13:23:40.362000,43:ea:e7:07:d6:f5,1,-57
2024-04-15T13:23:40.418000,51:47:af:69:f1:dc,1,-83
2024-04-15T13:23:40.509000,cb:94:54:ed:5d:28,1,-65
2024-04-15T13:23:40.517000,67:e2:cf:45:62:80,1,-84
2024-04-15T13:23:40.527000,cc:0c:c6:9e:99:a2,1,-87
2024-04-15T13:23:40.615000,d3:37:f5:96:82:f5,1,-87
2024-04-15T13:23:40.653000,43:ea:e7:07:d6:f5,1,-70
2024-04-15T13:23:40.701000,55:ab:8b:5f:82:1a,1,-85
2024-04-15T13:23:40.783000,67:e2:cf:45:62:80,1,-82
2024-04-15T13:23:40.802000,64:62:ea:ed:98:55,1,-83
2024-04-15T13:23:40.932000,cb:94:54:ed:5d:28,1,-70
2024-04-15T13:23:40.941000,43:ea:e7:07:d6:f5,1,-57
2024-04-15T13:23:40.974000,55:ab:8b:5f:82:1a,1,-86
2024-04-15T13:23:40.982000,51:47:af:69:f1:dc,1,-88
2024-04-15T13:23:41.064000,67:e2:cf:45:62:80,1,-81
2024-04-15T13:23:41.073000,69:d2:b6:03:66:25,1,-88
2024-04-15T13:23:41.092000,64:62:ea:ed:98:55,1,-83
2024-04-15T13:23:41.226000,43:ea:e7:07:d6:f5,1,-71
2024-04-15T13:23:41.248000,55:ab:8b:5f:82:1a,1,-87
2024-04-15T13:23:41.256000,51:47:af:69:f1:dc,1,-83
2024-04-15T13:23:41.335000,67:e2:cf:45:62:80,1,-82
2024-04-15T13:23:41.345000,64:62:ea:ed:98:55,1,-82
2024-04-15T13:23:41.367000,cb:94:54:ed:5d:28,1,-68
2024-04-15T13:23:41.388000,45:fd:d6:cf:0d:6d,1,-83
2024-04-15T13:23:41.435000,55:5c:b2:8c:1a:4a,1,-83
2024-04-15T13:23:41.482000,c6:30:94:7e:5e:79,1,-88
2024-04-15T13:23:41.486000,46:85:69:ab:93:15,1,-87
2024-04-15T13:23:41.513000,43:ea:e7:07:d6:f5,1,-61
2024-04-15T13:23:41.526000,51:47:af:69:f1:dc,1,-82
2024-04-15T13:23:41.612000,64:62:ea:ed:98:55,1,-84
2024-04-15T13:23:41.672000,45:fd:d6:cf:0d:6d,1,-98
2024-04-15T13:23:41.699000,fb:19:06:45:ff:a3,1,-86
2024-04-15T13:23:41.782000,cb:94:54:ed:5d:28,1,-59
2024-04-15T13:23:41.791000,55:ab:8b:5f:82:1a,1,-79
2024-04-15T13:23:41.803000,43:ea:e7:07:d6:f5,1,-70
2024-04-15T13:23:41.808000,51:47:af:69:f1:dc,1,-90
2024-04-15T13:23:41.882000,64:62:ea:ed:98:55,1,-82
2024-04-15T13:23:41.893000,67:e2:cf:45:62:80,1,-82
2024-04-15T13:23:41.946000,45:fd:d6:cf:0d:6d,1,-100
2024-04-15T13:23:42.067000,55:ab:8b:5f:82:1a,1,-79
2024-04-15T13:23:42.080000,43:ea:e7:07:d6:f5,1,-57
2024-04-15T13:23:42.083000,43:ea:e7:07:d6:f5,1,-61
2024-04-15T13:23:42.088000,51:47:af:69:f1:dc,1,-88
2024-04-15T13:23:42.154000,64:62:ea:ed:98:55,1,-82
2024-04-15T13:23:42.172000,67:e2:cf:45:62:80,1,-80
2024-04-15T13:23:42.208000,cb:94:54:ed:5d:28,1,-59
2024-04-15T13:23:42.346000,55:ab:8b:5f:82:1a,1,-80
2024-04-15T13:23:42.355000,51:47:af:69:f1:dc,1,-88
2024-04-15T13:23:42.426000,64:62:ea:ed:98:55,1,-83
2024-04-15T13:23:42.442000,67:e2:cf:45:62:80,1,-83
2024-04-15T13:23:42.452000,69:d2:b6:03:66:25,1,-87
2024-04-15T13:23:42.529000,cc:0c:c6:9e:99:a2,1,-76
2024-04-15T13:23:42.619000,d3:37:f5:96:82:f5,1,-80
2024-04-15T13:23:42.624000,55:ab:8b:5f:82:1a,1,-88
2024-04-15T13:23:42.634000,cb:94:54:ed:5d:28,1,-59
2024-04-15T13:23:42.644000,51:47:af:69:f1:dc,1,-90
2024-04-15T13:23:42.658000,43:ea:e7:07:d6:f5,1,-61
2024-04-15T13:23:42.698000,64:62:ea:ed:98:55,1,-82
2024-04-15T13:23:42.721000,67:e2:cf:45:62:80,1,-95
2024-04-15T13:23:42.762000,45:fd:d6:cf:0d:6d,1,-83
2024-04-15T13:23:42.903000,55:ab:8b:5f:82:1a,1,-79
2024-04-15T13:23:42.917000,51:47:af:69:f1:dc,1,-90
2024-04-15T13:23:42.948000,43:ea:e7:07:d6:f5,1,-56
2024-04-15T13:23:42.972000,64:62:ea:ed:98:55,1,-74
2024-04-15T13:23:43.176000,55:ab:8b:5f:82:1a,1,-79
2024-04-15T13:23:43.207000,51:47:af:69:f1:dc,1,-82
2024-04-15T13:23:43.236000,43:ea:e7:07:d6:f5,1,-71
2024-04-15T13:23:43.245000,64:62:ea:ed:98:55,1,-75
2024-04-15T13:23:43.273000,67:e2:cf:45:62:80,1,-85
2024-04-15T13:23:43.309000,45:fd:d6:cf:0d:6d,1,-82
2024-04-15T13:23:43.435000,55:5c:b2:8c:1a:4a,1,-89
2024-04-15T13:23:43.449000,55:ab:8b:5f:82:1a,1,-78
2024-04-15T13:23:43.473000,cb:94:54:ed:5d:28,1,-65
2024-04-15T13:23:43.484000,c6:30:94:7e:5e:79,1,-89
2024-04-15T13:23:43.515000,43:ea:e7:07:d6:f5,1,-56
2024-04-15T13:23:43.518000,64:62:ea:ed:98:55,1,-77
2024-04-15T13:23:43.553000,67:e2:cf:45:62:80,1,-80
2024-04-15T13:23:43.562000,69:d2:b6:03:66:25,1,-87
2024-04-15T13:23:43.698000,fb:19:06:45:ff:a3,1,-84
2024-04-15T13:23:43.762000,51:47:af:69:f1:dc,1,-89
2024-04-15T13:23:43.791000,64:62:ea:ed:98:55,1,-85
2024-04-15T13:23:43.808000,43:ea:e7:07:d6:f5,1,-70
2024-04-15T13:23:43.827000,67:e2:cf:45:62:80,1,-81
2024-04-15T13:23:43.876000,45:fd:d6:cf:0d:6d,1,-86
2024-04-15T13:23:43.896000,cb:94:54:ed:5d:28,1,-66
2024-04-15T13:23:43.997000,55:ab:8b:5f:82:1a,1,-79
2024-04-15T13:23:44.035000,51:47:af:69:f1:dc,1,-89
2024-04-15T13:23:44.063000,64:62:ea:ed:98:55,1,-84
2024-04-15T13:23:44.088000,43:ea:e7:07:d6:f5,1,-57
2024-04-15T13:23:44.104000,67:e2:cf:45:62:80,1,-93
2024-04-15T13:23:44.155000,45:fd:d6:cf:0d:6d,1,-86
2024-04-15T13:23:44.269000,55:ab:8b:5f:82:1a,1,-81
2024-04-15T13:23:44.334000,64:62:ea:ed:98:55,1,-81
2024-04-15T13:23:44.380000,43:ea:e7:07:d6:f5,1,-70
2024-04-15T13:23:44.429000,45:fd:d6:cf:0d:6d,1,-88
2024-04-15T13:23:44.550000,55:ab:8b:5f:82:1a,1,-88
2024-04-15T13:23:44.603000,64:62:ea:ed:98:55,1,-82
2024-04-15T13:23:44.660000,43:ea:e7:07:d6:f5,1,-57
2024-04-15T13:23:44.664000,43:ea:e7:07:d6:f5,1,-61
2024-04-15T13:23:44.667000,67:e2:cf:45:62:80,1,-79
2024-04-15T13:23:44.829000,55:ab:8b:5f:82:1a,1,-79
2024-04-15T13:23:44.860000,51:47:af:69:f1:dc,1,-82
2024-04-15T13:23:44.879000,64:62:ea:ed:98:55,1,-81
2024-04-15T13:23:44.938000,67:e2:cf:45:62:80,1,-80
2024-04-15T13:23:44.953000,43:ea:e7:07:d6:f5,1,-57
2024-04-15T13:23:44.982000,45:fd:d6:cf:0d:6d,1,-81
2024-04-15T13:23:45.099000,55:ab:8b:5f:82:1a,1,-78
2024-04-15T13:23:45.138000,51:47:af:69:f1:dc,1,-88
2024-04-15T13:23:45.147000,64:62:ea:ed:98:55,1,-81
2024-04-15T13:23:45.168000,cb:94:54:ed:5d:28,1,-70
2024-04-15T13:23:45.205000,69:d2:b6:03:66:25,1,-88
2024-04-15T13:23:45.216000,67:e2:cf:45:62:80,1,-93
2024-04-15T13:23:45.242000,43:ea:e7:07:d6:f5,1,-70
2024-04-15T13:23:45.259000,45:fd:d6:cf:0d:6d,1,-80
2024-04-15T13:23:45.413000,51:47:af:69:f1:dc,1,-89
2024-04-15T13:23:45.440000,64:62:ea:ed:98:55,1,-81
2024-04-15T13:23:45.449000,55:5c:b2:8c:1a:4a,1,-88
2024-04-15T13:23:45.486000,c6:30:94:7e:5e:79,1,-82
2024-04-15T13:23:45.522000,43:ea:e7:07:d6:f5,1,-57
2024-04-15T13:23:45.532000,45:fd:d6:cf:0d:6d,1,-84
2024-04-15T13:23:45.587000,cb:94:54:ed:5d:28,1,-69
2024-04-15T13:23:45.646000,55:ab:8b:5f:82:1a,1,-80
2024-04-15T13:23:45.690000,51:47:af:69:f1:dc,1,-89
2024-04-15T13:23:45.699000,64:62:ea:ed:98:55,1,-84
2024-04-15T13:23:45.711000,fb:19:06:45:ff:a3,1,-85
2024-04-15T13:23:45.755000,69:d2:b6:03:66:25,1,-100
2024-04-15T13:23:45.763000,67:e2:cf:45:62:80,1,-82
2024-04-15T13:23:45.802000,45:fd:d6:cf:0d:6d,1,-85
2024-04-15T13:23:45.810000,43:ea:e7:07:d6:f5,1,-61
2024-04-15T13:23:45.919000,55:ab:8b:5f:82:1a,1,-81
2024-04-15T13:23:46.008000,cb:94:54:ed:5d:28,1,-70
2024-04-15T13:23:46.090000,43:ea:e7:07:d6:f5,1,-71
2024-04-15T13:23:46.190000,55:ab:8b:5f:82:1a,1,-80
2024-04-15T13:23:46.305000,67:e2:cf:45:62:80,1,-82
2024-04-15T13:23:46.352000,45:fd:d6:cf:0d:6d,1,-91
2024-04-15T13:23:46.378000,43:ea:e7:07:d6:f5,1,-61
2024-04-15T13:23:46.428000,cb:94:54:ed:5d:28,1,-68
2024-04-15T13:23:46.509000,64:62:ea:ed:98:55,1,-82
2024-04-15T13:23:46.518000,51:47:af:69:f1:dc,1,-90
2024-04-15T13:23:46.534000,cc:0c:c6:9e:99:a2,1,-81
2024-04-15T13:23:46.586000,67:e2:cf:45:62:80,1,-81
2024-04-15T13:23:46.628000,d3:37:f5:96:82:f5,1,-78
2024-04-15T13:23:46.662000,43:ea:e7:07:d6:f5,1,-58
2024-04-15T13:23:46.750000,55:ab:8b:5f:82:1a,1,-78
2024-04-15T13:23:46.779000,64:62:ea:ed:98:55,1,-82
2024-04-15T13:23:44.550000,55:ab:8b:5f:82:1a,1,-88
