2024-04-30T15:18:16.617000,e0:e5:cf:15:17:48,0,-54
2024-04-30T15:18:17.028000,e0:e5:cf:15:17:48,0,-54
2024-04-30T15:18:17.038000,e0:e5:cf:15:17:48,0,-54
2024-04-30T15:18:17.047000,e0:e5:cf:15:17:48,0,-56
2024-04-30T15:18:17.057000,65:5d:18:d5:0a:ee,1,-56
2024-04-30T15:18:17.061000,e0:e5:cf:15:17:48,0,-59
2024-04-30T15:18:17.070000,e0:e5:cf:15:17:48,0,-59
2024-04-30T15:18:17.079000,e0:e5:cf:15:17:48,0,-59
2024-04-30T15:18:17.088000,e0:e5:cf:15:17:48,0,-54
2024-04-30T15:18:17.098000,e0:e5:cf:15:17:48,0,-56
2024-04-30T15:18:17.225000,e0:e5:cf:15:17:48,0,-59
2024-04-30T15:18:17.282000,e0:e5:cf:15:17:48,0,-58
2024-04-30T15:18:17.338000,e0:e5:cf:15:17:48,0,-54
2024-04-30T15:18:17.361000,65:5d:18:d5:0a:ee,1,-54
2024-04-30T15:18:17.398000,e0:e5:cf:15:17:48,0,-54
2024-04-30T15:18:17.447000,e0:e5:cf:15:17:48,0,-55
2024-04-30T15:18:17.506000,e0:e5:cf:15:17:48,0,-55
2024-04-30T15:18:17.617000,e0:e5:cf:15:17:48,0,-57
2024-04-30T15:18:17.673000,e0:e5:cf:15:17:48,0,-58
2024-04-30T15:18:17.733000,e0:e5:cf:15:17:48,0,-59
2024-04-30T15:18:17.784000,e0:e5:cf:15:17:48,0,-54
2024-04-30T15:18:17.844000,e0:e5:cf:15:17:48,0,-54
2024-04-30T15:18:17.897000,e0:e5:cf:15:17:48,0,-55
2024-04-30T15:18:17.938000,65:5d:18:d5:0a:ee,1,-54
2024-04-30T15:18:17.949000,e0:e5:cf:15:17:48,0,-56
2024-04-30T15:18:18.007000,e0:e5:cf:15:17:48,0,-58
2024-04-30T15:18:18.057000,e0:e5:cf:15:17:48,0,-55
2024-04-30T15:18:18.115000,e0:e5:cf:15:17:48,0,-54
2024-04-30T15:18:18.167000,e0:e5:cf:15:17:48,0,-54
2024-04-30T15:18:18.222000,e0:e5:cf:15:17:48,0,-55
2024-04-30T15:18:18.279000,e0:e5:cf:15:17:48,0,-57
2024-04-30T15:18:18.328000,e0:e5:cf:15:17:48,0,-52
2024-04-30T15:18:18.379000,e0:e5:cf:15:17:48,0,-57
2024-04-30T15:18:18.432000,e0:e5:cf:15:17:48,0,-54
2024-04-30T15:18:18.488000,e0:e5:cf:15:17:48,0,-56
2024-04-30T15:18:18.511000,65:5d:18:d5:0a:ee,1,-56
2024-04-30T15:18:18.539000,e0:e5:cf:15:17:48,0,-54
2024-04-30T15:18:18.591000,e0:e5:cf:15:17:48,0,-52
2024-04-30T15:18:18.647000,e0:e5:cf:15:17:48,0,-54
2024-04-30T15:18:18.704000,e0:e5:cf:15:17:48,0,-56
2024-04-30T15:18:18.801000,65:5d:18:d5:0a:ee,1,-54
2024-04-30T15:18:18.817000,e0:e5:cf:15:17:48,0,-59
2024-04-30T15:18:18.874000,e0:e5:cf:15:17:48,0,-58
2024-04-30T15:18:18.934000,e0:e5:cf:15:17:48,0,-58
2024-04-30T15:18:18.992000,e0:e5:cf:15:17:48,0,-59
2024-04-30T15:18:19.042000,e0:e5:cf:15:17:48,0,-54
2024-04-30T15:18:19.088000,65:5d:18:d5:0a:ee,1,-56
2024-04-30T15:18:19.094000,e0:e5:cf:15:17:48,0,-55
2024-04-30T15:18:19.205000,e0:e5:cf:15:17:48,0,-59
2024-04-30T15:18:19.257000,e0:e5:cf:15:17:48,0,-55
2024-04-30T15:18:19.307000,e0:e5:cf:15:17:48,0,-54
2024-04-30T15:18:19.364000,e0:e5:cf:15:17:48,0,-55
2024-04-30T15:18:19.377000,65:5d:18:d5:0a:ee,1,-55
2024-04-30T15:18:19.519000,e0:e5:cf:15:17:48,0,-56
2024-04-30T15:18:19.579000,e0:e5:cf:15:17:48,0,-55
2024-04-30T15:18:19.631000,e0:e5:cf:15:17:48,0,-55
2024-04-30T15:18:19.661000,65:5d:18:d5:0a:ee,1,-65
2024-04-30T15:18:19.684000,e0:e5:cf:15:17:48,0,-58
2024-04-30T15:18:19.744000,e0:e5:cf:15:17:48,0,-59
2024-04-30T15:18:19.794000,e0:e5:cf:15:17:48,0,-54
2024-04-30T15:18:19.854000,e0:e5:cf:15:17:48,0,-54
2024-04-30T15:18:19.904000,e0:e5:cf:15:17:48,0,-55
2024-04-30T15:18:19.952000,65:5d:18:d5:0a:ee,1,-55
2024-04-30T15:18:19.959000,e0:e5:cf:15:17:48,0,-57
2024-04-30T15:18:20.014000,e0:e5:cf:15:17:48,0,-58
2024-04-30T15:18:20.066000,e0:e5:cf:15:17:48,0,-54
2024-04-30T15:18:20.122000,e0:e5:cf:15:17:48,0,-54
2024-04-30T15:18:20.171000,e0:e5:cf:15:17:48,0,-56
2024-04-30T15:18:20.234000,65:5d:18:d5:0a:ee,1,-66
2024-04-30T15:18:20.283000,e0:e5:cf:15:17:48,0,-59
2024-04-30T15:18:20.339000,e0:e5:cf:15:17:48,0,-54
2024-04-30T15:18:20.393000,e0:e5:cf:15:17:48,0,-54
2024-04-30T15:18:20.443000,e0:e5:cf:15:17:48,0,-55
2024-04-30T15:18:20.496000,e0:e5:cf:15:17:48,0,-58
2024-04-30T15:18:20.526000,65:5d:18:d5:0a:ee,1,-55
2024-04-30T15:18:20.553000,e0:e5:cf:15:17:48,0,-58
2024-04-30T15:18:20.613000,e0:e5:cf:15:17:48,0,-58
2024-04-30T15:18:20.663000,e0:e5:cf:15:17:48,0,-54
2024-04-30T15:18:20.716000,e0:e5:cf:15:17:48,0,-54
2024-04-30T15:18:20.771000,e0:e5:cf:15:17:48,0,-54
2024-04-30T15:18:20.806000,65:5d:18:d5:0a:ee,1,-65
2024-04-30T15:18:20.827000,e0:e5:cf:15:17:48,0,-56
2024-04-30T15:18:20.883000,e0:e5:cf:15:17:48,0,-58
2024-04-30T15:18:20.937000,e0:e5:cf:15:17:48,0,-54
2024-04-30T15:18:20.989000,e0:e5:cf:15:17:48,0,-54
2024-04-30T15:18:21.046000,e0:e5:cf:15:17:48,0,-54
2024-04-30T15:18:21.098000,e0:e5:cf:15:17:48,0,-56
2024-04-30T15:18:21.157000,e0:e5:cf:15:17:48,0,-57
2024-04-30T15:18:21.207000,e0:e5:cf:15:17:48,0,-52
2024-04-30T15:18:21.261000,e0:e5:cf:15:17:48,0,-53
2024-04-30T15:18:21.314000,e0:e5:cf:15:17:48,0,-56
2024-04-30T15:18:21.367000,e0:e5:cf:15:17:48,0,-56
2024-04-30T15:18:21.387000,65:5d:18:d5:0a:ee,1,-54
2024-04-30T15:18:21.469000,e0:e5:cf:15:17:48,0,-53
2024-04-30T15:18:21.524000,e0:e5:cf:15:17:48,0,-55
2024-04-30T15:18:21.581000,e0:e5:cf:15:17:48,0,-55
2024-04-30T15:18:21.632000,e0:e5:cf:15:17:48,0,-59
2024-04-30T15:18:21.682000,e0:e5:cf:15:17:48,0,-54
2024-04-30T15:18:21.732000,e0:e5:cf:15:17:48,0,-56
2024-04-30T15:18:21.844000,e0:e5:cf:15:17:48,0,-58
2024-04-30T15:18:21.956000,e0:e5:cf:15:17:48,0,-54
2024-04-30T15:18:22.015000,e0:e5:cf:15:17:48,0,-54
2024-04-30T15:18:22.065000,e0:e5:cf:15:17:48,0,-56
2024-04-30T15:18:22.118000,e0:e5:cf:15:17:48,0,-56
2024-04-30T15:18:22.172000,e0:e5:cf:15:17:48,0,-58
2024-04-30T15:18:22.223000,e0:e5:cf:15:17:48,0,-54
2024-04-30T15:18:22.247000,65:5d:18:d5:0a:ee,1,-65
2024-04-30T15:18:22.281000,e0:e5:cf:15:17:48,0,-54
2024-04-30T15:18:22.331000,e0:e5:cf:15:17:48,0,-53
2024-04-30T15:18:22.391000,e0:e5:cf:15:17:48,0,-55
2024-04-30T15:18:22.448000,e0:e5:cf:15:17:48,0,-55
2024-04-30T15:18:22.507000,e0:e5:cf:15:17:48,0,-55
2024-04-30T15:18:22.565000,e0:e5:cf:15:17:48,0,-58
2024-04-30T15:18:22.617000,e0:e5:cf:15:17:48,0,-54
2024-04-30T15:18:22.671000,e0:e5:cf:15:17:48,0,-52
2024-04-30T15:18:22.725000,e0:e5:cf:15:17:48,0,-54
2024-04-30T15:18:22.776000,e0:e5:cf:15:17:48,0,-57
2024-04-30T15:18:22.823000,65:5d:18:d5:0a:ee,1,-55
2024-04-30T15:18:22.835000,e0:e5:cf:15:17:48,0,-57
2024-04-30T15:18:22.889000,e0:e5:cf:15:17:48,0,-52
2024-04-30T15:18:22.945000,e0:e5:cf:15:17:48,0,-54
2024-04-30T15:18:23.003000,e0:e5:cf:15:17:48,0,-54
2024-04-30T15:18:23.063000,e0:e5:cf:15:17:48,0,-54
2024-04-30T15:18:23.123000,e0:e5:cf:15:17:48,0,-54
2024-04-30T15:18:23.181000,e0:e5:cf:15:17:48,0,-54
2024-04-30T15:18:23.238000,e0:e5:cf:15:17:48,0,-55
2024-04-30T15:18:23.298000,e0:e5:cf:15:17:48,0,-56
2024-04-30T15:18:23.455000,e0:e5:cf:15:17:48,0,-54
2024-04-30T15:18:23.506000,e0:e5:cf:15:17:48,0,-55
2024-04-30T15:18:23.692000,65:5d:18:d5:0a:ee,1,-54
2024-04-30T15:18:23.738000,e0:e5:cf:15:17:48,0,-57
2024-04-30T15:18:23.796000,e0:e5:cf:15:17:48,0,-58
2024-04-30T15:18:23.851000,e0:e5:cf:15:17:48,0,-58
2024-04-30T15:18:23.911000,e0:e5:cf:15:17:48,0,-58
2024-04-30T15:18:23.971000,e0:e5:cf:15:17:48,0,-59
2024-04-30T15:18:23.987000,65:5d:18:d5:0a:ee,1,-65
2024-04-30T15:18:24.026000,e0:e5:cf:15:17:48,0,-54
2024-04-30T15:18:24.085000,e0:e5:cf:15:17:48,0,-54
2024-04-30T15:18:24.140000,e0:e5:cf:15:17:48,0,-56
2024-04-30T15:18:24.196000,e0:e5:cf:15:17:48,0,-54
2024-04-30T15:18:24.251000,e0:e5:cf:15:17:48,0,-56
2024-04-30T15:18:24.267000,65:5d:18:d5:0a:ee,1,-55
2024-04-30T15:18:24.303000,e0:e5:cf:15:17:48,0,-58
2024-04-30T15:18:24.358000,e0:e5:cf:15:17:48,0,-54
2024-04-30T15:18:24.417000,e0:e5:cf:15:17:48,0,-54
2024-04-30T15:18:24.474000,e0:e5:cf:15:17:48,0,-54
2024-04-30T15:18:24.524000,e0:e5:cf:15:17:48,0,-54
2024-04-30T15:18:24.582000,e0:e5:cf:15:17:48,0,-55
2024-04-30T15:18:24.698000,e0:e5:cf:15:17:48,0,-57
2024-04-30T15:18:24.748000,e0:e5:cf:15:17:48,0,-52
2024-04-30T15:18:24.807000,e0:e5:cf:15:17:48,0,-54
2024-04-30T15:18:24.837000,65:5d:18:d5:0a:ee,1,-54
2024-04-30T15:18:24.864000,e0:e5:cf:15:17:48,0,-54
2024-04-30T15:18:24.919000,e0:e5:cf:15:17:48,0,-57
2024-04-30T15:18:24.971000,e0:e5:cf:15:17:48,0,-54
2024-04-30T15:18:25.029000,e0:e5:cf:15:17:48,0,-56
2024-04-30T15:18:25.083000,e0:e5:cf:15:17:48,0,-58
2024-04-30T15:18:25.126000,65:5d:18:d5:0a:ee,1,-65
2024-04-30T15:18:25.141000,e0:e5:cf:15:17:48,0,-58
2024-04-30T15:18:25.255000,e0:e5:cf:15:17:48,0,-54
2024-04-30T15:18:25.307000,e0:e5:cf:15:17:48,0,-54
2024-04-30T15:18:25.366000,e0:e5:cf:15:17:48,0,-53
2024-04-30T15:18:25.414000,65:5d:18:d5:0a:ee,1,-56
2024-04-30T15:18:25.420000,e0:e5:cf:15:17:48,0,-57
2024-04-30T15:18:25.471000,e0:e5:cf:15:17:48,0,-58
2024-04-30T15:18:25.525000,e0:e5:cf:15:17:48,0,-54
2024-04-30T15:18:25.585000,e0:e5:cf:15:17:48,0,-54
2024-04-30T15:18:25.638000,e0:e5:cf:15:17:48,0,-56
2024-04-30T15:18:25.697000,e0:e5:cf:15:17:48,0,-55
2024-04-30T15:18:25.749000,e0:e5:cf:15:17:48,0,-56
2024-04-30T15:18:25.802000,e0:e5:cf:15:17:48,0,-58
2024-04-30T15:18:25.859000,e0:e5:cf:15:17:48,0,-54
2024-04-30T15:18:25.912000,e0:e5:cf:15:17:48,0,-54
2024-04-30T15:18:25.964000,e0:e5:cf:15:17:48,0,-55
2024-04-30T15:18:25.983000,65:5d:18:d5:0a:ee,1,-57
2024-04-30T15:18:26.072000,e0:e5:cf:15:17:48,0,-59
2024-04-30T15:18:26.123000,e0:e5:cf:15:17:48,0,-54
2024-04-30T15:18:26.175000,e0:e5:cf:15:17:48,0,-56
2024-04-30T15:18:26.262000,65:5d:18:d5:0a:ee,1,-65
2024-04-30T15:18:26.401000,e0:e5:cf:15:17:48,0,-58
2024-04-30T15:18:26.453000,e0:e5:cf:15:17:48,0,-54
2024-04-30T15:18:26.511000,e0:e5:cf:15:17:48,0,-53
2024-04-30T15:18:26.549000,65:5d:18:d5:0a:ee,1,-54
2024-04-30T15:18:26.562000,65:5d:18:d5:0a:ee,1,-55
2024-04-30T15:18:26.566000,e0:e5:cf:15:17:48,0,-54
2024-04-30T15:18:26.621000,e0:e5:cf:15:17:48,0,-54
2024-04-30T15:18:26.799000,e0:e5:cf:15:17:48,0,-57
2024-04-30T15:18:26.834000,65:5d:18:d5:0a:ee,1,-65
2024-04-30T15:18:26.849000,e0:e5:cf:15:17:48,0,-52
2024-04-30T15:18:26.906000,e0:e5:cf:15:17:48,0,-53
2024-04-30T15:18:26.965000,e0:e5:cf:15:17:48,0,-53
2024-04-30T15:18:27.016000,e0:e5:cf:15:17:48,0,-57
2024-04-30T15:18:27.076000,e0:e5:cf:15:17:48,0,-55
2024-04-30T15:18:27.119000,65:5d:18:d5:0a:ee,1,-55
2024-04-30T15:18:27.123000,65:5d:18:d5:0a:ee,1,-56
2024-04-30T15:18:27.188000,e0:e5:cf:15:17:48,0,-55
2024-04-30T15:18:27.242000,e0:e5:cf:15:17:48,0,-58
2024-04-30T15:18:27.297000,e0:e5:cf:15:17:48,0,-54
2024-04-30T15:18:27.350000,e0:e5:cf:15:17:48,0,-53
2024-04-30T15:18:27.402000,65:5d:18:d5:0a:ee,1,-65
2024-04-30T15:18:27.406000,e0:e5:cf:15:17:48,0,-54
2024-04-30T15:18:27.457000,e0:e5:cf:15:17:48,0,-56
2024-04-30T15:18:27.513000,e0:e5:cf:15:17:48,0,-58
2024-04-30T15:18:27.570000,e0:e5:cf:15:17:48,0,-52
2024-04-30T15:18:27.628000,e0:e5:cf:15:17:48,0,-51
2024-04-30T15:18:27.682000,e0:e5:cf:15:17:48,0,-53
2024-04-30T15:18:27.692000,65:5d:18:d5:0a:ee,1,-54
2024-04-30T15:18:27.736000,e0:e5:cf:15:17:48,0,-56
2024-04-30T15:18:27.793000,e0:e5:cf:15:17:48,0,-54
2024-04-30T15:18:27.851000,e0:e5:cf:15:17:48,0,-56
2024-04-30T15:18:27.908000,e0:e5:cf:15:17:48,0,-55
2024-04-30T15:18:27.963000,e0:e5:cf:15:17:48,0,-59
2024-04-30T15:18:27.972000,65:5d:18:d5:0a:ee,1,-56
2024-04-30T15:18:28.022000,e0:e5:cf:15:17:48,0,-58
2024-04-30T15:18:28.078000,e0:e5:cf:15:17:48,0,-54
2024-04-30T15:18:28.137000,e0:e5:cf:15:17:48,0,-54
2024-04-30T15:18:28.192000,e0:e5:cf:15:17:48,0,-54
2024-04-30T15:18:28.251000,e0:e5:cf:15:17:48,0,-53
2024-04-30T15:18:28.260000,65:5d:18:d5:0a:ee,1,-54
2024-04-30T15:18:28.303000,e0:e5:cf:15:17:48,0,-55
2024-04-30T15:18:28.356000,e0:e5:cf:15:17:48,0,-56
2024-04-30T15:18:28.413000,e0:e5:cf:15:17:48,0,-58
2024-04-30T15:18:28.464000,e0:e5:cf:15:17:48,0,-53
2024-04-30T15:18:28.521000,e0:e5:cf:15:17:48,0,-54
2024-04-30T15:18:28.574000,e0:e5:cf:15:17:48,0,-56
2024-04-30T15:18:28.628000,e0:e5:cf:15:17:48,0,-55
2024-04-30T15:18:28.683000,e0:e5:cf:15:17:48,0,-59
2024-04-30T15:18:28.734000,e0:e5:cf:15:17:48,0,-54
2024-04-30T15:18:28.787000,e0:e5:cf:15:17:48,0,-55
2024-04-30T15:18:28.827000,65:5d:18:d5:0a:ee,1,-54
2024-04-30T15:18:28.845000,e0:e5:cf:15:17:48,0,-54
2024-04-30T15:18:28.955000,e0:e5:cf:15:17:48,0,-58
2024-04-30T15:18:29.012000,e0:e5:cf:15:17:48,0,-58
2024-04-30T15:18:29.070000,e0:e5:cf:15:17:48,0,-52
2024-04-30T15:18:29.110000,65:5d:18:d5:0a:ee,1,-65
2024-04-30T15:18:29.129000,e0:e5:cf:15:17:48,0,-52
2024-04-30T15:18:29.181000,e0:e5:cf:15:17:48,0,-53
2024-04-30T15:18:29.238000,e0:e5:cf:15:17:48,0,-57
2024-04-30T15:18:29.294000,e0:e5:cf:15:17:48,0,-55
2024-04-30T15:18:29.352000,e0:e5:cf:15:17:48,0,-54
2024-04-30T15:18:29.399000,65:5d:18:d5:0a:ee,1,-54
2024-04-30T15:18:29.404000,65:5d:18:d5:0a:ee,1,-57
2024-04-30T15:18:29.411000,e0:e5:cf:15:17:48,0,-55
2024-04-30T15:18:29.466000,e0:e5:cf:15:17:48,0,-55
2024-04-30T15:18:29.516000,e0:e5:cf:15:17:48,0,-53
2024-04-30T15:18:29.574000,e0:e5:cf:15:17:48,0,-54
2024-04-30T15:18:29.630000,e0:e5:cf:15:17:48,0,-55
2024-04-30T15:18:29.683000,65:5d:18:d5:0a:ee,1,-65
2024-04-30T15:18:29.687000,e0:e5:cf:15:17:48,0,-53
2024-04-30T15:18:29.746000,e0:e5:cf:15:17:48,0,-54
2024-04-30T15:18:29.798000,e0:e5:cf:15:17:48,0,-56
2024-04-30T15:18:29.858000,e0:e5:cf:15:17:48,0,-57
2024-04-30T15:18:29.908000,e0:e5:cf:15:17:48,0,-52
2024-04-30T15:18:29.964000,e0:e5:cf:15:17:48,0,-53
2024-04-30T15:18:29.974000,65:5d:18:d5:0a:ee,1,-54
2024-04-30T15:18:30.021000,e0:e5:cf:15:17:48,0,-53
2024-04-30T15:18:30.071000,e0:e5:cf:15:17:48,0,-56
2024-04-30T15:18:30.129000,e0:e5:cf:15:17:48,0,-55
2024-04-30T15:18:30.183000,e0:e5:cf:15:17:48,0,-59
2024-04-30T15:18:30.233000,e0:e5:cf:15:17:48,0,-54
2024-04-30T15:18:30.285000,e0:e5:cf:15:17:48,0,-55
2024-04-30T15:18:30.398000,e0:e5:cf:15:17:48,0,-58
2024-04-30T15:18:30.456000,e0:e5:cf:15:17:48,0,-56
2024-04-30T15:18:30.508000,e0:e5:cf:15:17:48,0,-52
2024-04-30T15:18:30.543000,65:5d:18:d5:0a:ee,1,-56
2024-04-30T15:18:30.559000,e0:e5:cf:15:17:48,0,-55
2024-04-30T15:18:30.668000,e0:e5:cf:15:17:48,0,-55
2024-04-30T15:18:30.721000,e0:e5:cf:15:17:48,0,-59
2024-04-30T15:18:30.778000,e0:e5:cf:15:17:48,0,-54
2024-04-30T15:18:30.829000,65:5d:18:d5:0a:ee,1,-67
2024-04-30T15:18:30.835000,65:5d:18:d5:0a:ee,1,-54
2024-04-30T15:18:30.842000,e0:e5:cf:15:17:48,0,-54
2024-04-30T15:18:30.889000,e0:e5:cf:15:17:48,0,-54
2024-04-30T15:18:30.949000,e0:e5:cf:15:17:48,0,-53
2024-04-30T15:18:31.008000,e0:e5:cf:15:17:48,0,-54
2024-04-30T15:18:31.067000,e0:e5:cf:15:17:48,0,-53
2024-04-30T15:18:31.118000,65:5d:18:d5:0a:ee,1,-56
2024-04-30T15:18:31.125000,e0:e5:cf:15:17:48,0,-56
2024-04-30T15:18:31.176000,e0:e5:cf:15:17:48,0,-57
2024-04-30T15:18:31.230000,e0:e5:cf:15:17:48,0,-53
2024-04-30T15:18:31.287000,e0:e5:cf:15:17:48,0,-52
2024-04-30T15:18:31.337000,e0:e5:cf:15:17:48,0,-57
2024-04-30T15:18:31.390000,e0:e5:cf:15:17:48,0,-58
2024-04-30T15:18:31.405000,65:5d:18:d5:0a:ee,1,-55
2024-04-30T15:18:31.442000,e0:e5:cf:15:17:48,0,-59
2024-04-30T15:18:31.496000,e0:e5:cf:15:17:48,0,-53
2024-04-30T15:18:31.554000,e0:e5:cf:15:17:48,0,-54
2024-04-30T15:18:31.609000,e0:e5:cf:15:17:48,0,-54
2024-04-30T15:18:31.663000,e0:e5:cf:15:17:48,0,-56
2024-04-30T15:18:31.688000,65:5d:18:d5:0a:ee,1,-57
2024-04-30T15:18:31.723000,e0:e5:cf:15:17:48,0,-55
2024-04-30T15:18:31.778000,e0:e5:cf:15:17:48,0,-58
2024-04-30T15:18:31.828000,e0:e5:cf:15:17:48,0,-52
2024-04-30T15:18:31.888000,e0:e5:cf:15:17:48,0,-52
2024-04-30T15:18:31.943000,e0:e5:cf:15:17:48,0,-53
2024-04-30T15:18:31.973000,65:5d:18:d5:0a:ee,1,-55
2024-04-30T15:18:32.000000,e0:e5:cf:15:17:48,0,-54
2024-04-30T15:18:32.102000,e0:e5:cf:15:17:48,0,-58
2024-04-30T15:18:32.156000,e0:e5:cf:15:17:48,0,-53
2024-04-30T15:18:32.213000,e0:e5:cf:15:17:48,0,-54
2024-04-30T15:18:32.273000,e0:e5:cf:15:17:48,0,-54
2024-04-30T15:18:32.322000,e0:e5:cf:15:17:48,0,-54
2024-04-30T15:18:32.381000,e0:e5:cf:15:17:48,0,-55
2024-04-30T15:18:32.491000,e0:e5:cf:15:17:48,0,-58
2024-04-30T15:18:32.593000,e0:e5:cf:15:17:48,0,-55
2024-04-30T15:18:32.760000,e0:e5:cf:15:17:48,0,-54
2024-04-30T15:18:32.817000,e0:e5:cf:15:17:48,0,-54
2024-04-30T15:18:32.831000,65:5d:18:d5:0a:ee,1,-56
2024-04-30T15:18:32.867000,e0:e5:cf:15:17:48,0,-53
2024-04-30T15:18:32.974000,e0:e5:cf:15:17:48,0,-58
2024-04-30T15:18:33.032000,e0:e5:cf:15:17:48,0,-59
2024-04-30T15:18:33.084000,e0:e5:cf:15:17:48,0,-53
2024-04-30T15:18:33.109000,65:5d:18:d5:0a:ee,1,-66
2024-04-30T15:18:33.137000,e0:e5:cf:15:17:48,0,-57
2024-04-30T15:18:33.190000,e0:e5:cf:15:17:48,0,-58
2024-04-30T15:18:33.248000,e0:e5:cf:15:17:48,0,-56
2024-04-30T15:18:33.303000,e0:e5:cf:15:17:48,0,-58
2024-04-30T15:18:33.358000,e0:e5:cf:15:17:48,0,-54
2024-04-30T15:18:33.414000,e0:e5:cf:15:17:48,0,-54
2024-04-30T15:18:33.472000,e0:e5:cf:15:17:48,0,-54
2024-04-30T15:18:33.530000,e0:e5:cf:15:17:48,0,-55
2024-04-30T15:18:33.588000,e0:e5:cf:15:17:48,0,-53
2024-04-30T15:18:33.644000,e0:e5:cf:15:17:48,0,-55
2024-04-30T15:18:33.692000,65:5d:18:d5:0a:ee,1,-57
2024-04-30T15:18:33.699000,e0:e5:cf:15:17:48,0,-58
2024-04-30T15:18:33.757000,e0:e5:cf:15:17:48,0,-57
2024-04-30T15:18:33.811000,e0:e5:cf:15:17:48,0,-58
2024-04-30T15:18:33.865000,e0:e5:cf:15:17:48,0,-52
2024-04-30T15:18:33.915000,e0:e5:cf:15:17:48,0,-55
2024-04-30T15:18:33.973000,e0:e5:cf:15:17:48,0,-56
2024-04-30T15:18:33.982000,65:5d:18:d5:0a:ee,1,-66
2024-04-30T15:18:34.025000,e0:e5:cf:15:17:48,0,-56
2024-04-30T15:18:34.085000,e0:e5:cf:15:17:48,0,-56
2024-04-30T15:18:34.138000,e0:e5:cf:15:17:48,0,-54
2024-04-30T15:18:34.198000,e0:e5:cf:15:17:48,0,-54
2024-04-30T15:18:34.253000,e0:e5:cf:15:17:48,0,-54
2024-04-30T15:18:34.262000,65:5d:18:d5:0a:ee,1,-56
2024-04-30T15:18:34.306000,e0:e5:cf:15:17:48,0,-55
2024-04-30T15:18:34.358000,e0:e5:cf:15:17:48,0,-58
2024-04-30T15:18:34.417000,e0:e5:cf:15:17:48,0,-58
2024-04-30T15:18:34.466000,e0:e5:cf:15:17:48,0,-52
2024-04-30T15:18:34.523000,e0:e5:cf:15:17:48,0,-53
2024-04-30T15:18:34.549000,65:5d:18:d5:0a:ee,1,-67
2024-04-30T15:18:34.582000,e0:e5:cf:15:17:48,0,-53
2024-04-30T15:18:34.644000,e0:e5:cf:15:17:48,0,-57
2024-04-30T15:18:34.746000,e0:e5:cf:15:17:48,0,-56
2024-04-30T15:18:34.802000,e0:e5:cf:15:17:48,0,-58
2024-04-30T15:18:34.838000,65:5d:18:d5:0a:ee,1,-56
2024-04-30T15:18:34.856000,e0:e5:cf:15:17:48,0,-54
2024-04-30T15:18:34.907000,e0:e5:cf:15:17:48,0,-54
2024-04-30T15:18:34.964000,e0:e5:cf:15:17:48,0,-53
2024-04-30T15:18:35.023000,e0:e5:cf:15:17:48,0,-55
2024-04-30T15:18:35.076000,e0:e5:cf:15:17:48,0,-57
2024-04-30T15:18:35.124000,65:5d:18:d5:0a:ee,1,-54
2024-04-30T15:18:35.134000,e0:e5:cf:15:17:48,0,-57
2024-04-30T15:18:35.184000,e0:e5:cf:15:17:48,0,-52
2024-04-30T15:18:35.243000,e0:e5:cf:15:17:48,0,-53
2024-04-30T15:18:35.302000,e0:e5:cf:15:17:48,0,-53
2024-04-30T15:18:35.357000,e0:e5:cf:15:17:48,0,-56
2024-04-30T15:18:35.409000,e0:e5:cf:15:17:48,0,-58
2024-04-30T15:18:35.459000,e0:e5:cf:15:17:48,0,-54
2024-04-30T15:18:35.514000,e0:e5:cf:15:17:48,0,-54
2024-04-30T15:18:35.568000,e0:e5:cf:15:17:48,0,-55
2024-04-30T15:18:35.620000,e0:e5:cf:15:17:48,0,-58
2024-04-30T15:18:35.672000,e0:e5:cf:15:17:48,0,-59
2024-04-30T15:18:35.702000,65:5d:18:d5:0a:ee,1,-56
2024-04-30T15:18:35.729000,e0:e5:cf:15:17:48,0,-53
2024-04-30T15:18:35.788000,e0:e5:cf:15:17:48,0,-53
2024-04-30T15:18:35.842000,e0:e5:cf:15:17:48,0,-53
2024-04-30T15:18:35.893000,e0:e5:cf:15:17:48,0,-56
2024-04-30T15:18:35.983000,65:5d:18:d5:0a:ee,1,-66
2024-04-30T15:18:36.128000,e0:e5:cf:15:17:48,0,-59
2024-04-30T15:18:36.178000,e0:e5:cf:15:17:48,0,-54
2024-04-30T15:18:36.232000,e0:e5:cf:15:17:48,0,-54
2024-04-30T15:18:36.269000,65:5d:18:d5:0a:ee,1,-55
2024-04-30T15:18:36.289000,e0:e5:cf:15:17:48,0,-55
2024-04-30T15:18:36.346000,e0:e5:cf:15:17:48,0,-53
2024-04-30T15:18:36.402000,e0:e5:cf:15:17:48,0,-55
2024-04-30T15:18:36.511000,e0:e5:cf:15:17:48,0,-59
2024-04-30T15:18:36.553000,65:5d:18:d5:0a:ee,1,-66
2024-04-30T15:18:36.562000,e0:e5:cf:15:17:48,0,-53
2024-04-30T15:18:36.622000,e0:e5:cf:15:17:48,0,-53
2024-04-30T15:18:36.678000,e0:e5:cf:15:17:48,0,-55
2024-04-30T15:18:36.730000,e0:e5:cf:15:17:48,0,-59
2024-04-30T15:18:36.788000,e0:e5:cf:15:17:48,0,-58
2024-04-30T15:18:36.836000,65:5d:18:d5:0a:ee,1,-54
2024-04-30T15:18:36.843000,e0:e5:cf:15:17:48,0,-56
2024-04-30T15:18:36.893000,e0:e5:cf:15:17:48,0,-54
2024-04-30T15:18:36.943000,e0:e5:cf:15:17:48,0,-54
2024-04-30T15:18:37.001000,e0:e5:cf:15:17:48,0,-54
2024-04-30T15:18:37.055000,e0:e5:cf:15:17:48,0,-57
2024-04-30T15:18:37.114000,e0:e5:cf:15:17:48,0,-56
2024-04-30T15:18:37.122000,65:5d:18:d5:0a:ee,1,-56
2024-04-30T15:18:37.169000,e0:e5:cf:15:17:48,0,-54
2024-04-30T15:18:37.223000,e0:e5:cf:15:17:48,0,-52
2024-04-30T15:18:37.277000,e0:e5:cf:15:17:48,0,-56
2024-04-30T15:18:37.388000,e0:e5:cf:15:17:48,0,-58
2024-04-30T15:18:37.407000,65:5d:18:d5:0a:ee,1,-54
2024-04-30T15:18:37.443000,e0:e5:cf:15:17:48,0,-55
2024-04-30T15:18:37.498000,e0:e5:cf:15:17:48,0,-54
2024-04-30T15:18:37.553000,e0:e5:cf:15:17:48,0,-54
2024-04-30T15:18:37.613000,e0:e5:cf:15:17:48,0,-54
2024-04-30T15:18:37.663000,e0:e5:cf:15:17:48,0,-54
2024-04-30T15:18:37.722000,e0:e5:cf:15:17:48,0,-56
2024-04-30T15:18:37.777000,e0:e5:cf:15:17:48,0,-58
2024-04-30T15:18:37.834000,e0:e5:cf:15:17:48,0,-56
2024-04-30T15:18:37.891000,e0:e5:cf:15:17:48,0,-58
2024-04-30T15:18:37.944000,e0:e5:cf:15:17:48,0,-52
2024-04-30T15:18:37.979000,65:5d:18:d5:0a:ee,1,-54
2024-04-30T15:18:37.995000,e0:e5:cf:15:17:48,0,-55
2024-04-30T15:18:38.050000,e0:e5:cf:15:17:48,0,-58
2024-04-30T15:18:38.102000,e0:e5:cf:15:17:48,0,-58
2024-04-30T15:18:38.162000,e0:e5:cf:15:17:48,0,-58
2024-04-30T15:18:38.215000,e0:e5:cf:15:17:48,0,-54
2024-04-30T15:18:38.274000,e0:e5:cf:15:17:48,0,-53
2024-04-30T15:18:38.327000,e0:e5:cf:15:17:48,0,-54
2024-04-30T15:18:38.434000,e0:e5:cf:15:17:48,0,-57
2024-04-30T15:18:38.491000,e0:e5:cf:15:17:48,0,-58
2024-04-30T15:18:38.546000,e0:e5:cf:15:17:48,0,-52
2024-04-30T15:18:38.563000,65:5d:18:d5:0a:ee,1,-56
2024-04-30T15:18:38.602000,e0:e5:cf:15:17:48,0,-53
2024-04-30T15:18:38.662000,e0:e5:cf:15:17:48,0,-54
2024-04-30T15:18:38.721000,e0:e5:cf:15:17:48,0,-53
2024-04-30T15:18:38.774000,e0:e5:cf:15:17:48,0,-57
2024-04-30T15:18:38.830000,e0:e5:cf:15:17:48,0,-58
2024-04-30T15:18:38.882000,e0:e5:cf:15:17:48,0,-59
2024-04-30T15:18:38.942000,e0:e5:cf:15:17:48,0,-57
2024-04-30T15:18:38.999000,e0:e5:cf:15:17:48,0,-54
2024-04-30T15:18:39.049000,e0:e5:cf:15:17:48,0,-55
2024-04-30T15:18:39.108000,e0:e5:cf:15:17:48,0,-54
2024-04-30T15:18:39.167000,e0:e5:cf:15:17:48,0,-55
2024-04-30T15:18:39.223000,e0:e5:cf:15:17:48,0,-53
2024-04-30T15:18:39.279000,e0:e5:cf:15:17:48,0,-58
2024-04-30T15:18:39.332000,e0:e5:cf:15:17:48,0,-58
2024-04-30T15:18:39.392000,e0:e5:cf:15:17:48,0,-58
2024-04-30T15:18:39.413000,65:5d:18:d5:0a:ee,1,-54
2024-04-30T15:18:39.445000,e0:e5:cf:15:17:48,0,-52
2024-04-30T15:18:39.495000,e0:e5:cf:15:17:48,0,-56
2024-04-30T15:18:39.552000,e0:e5:cf:15:17:48,0,-55
2024-04-30T15:18:39.609000,e0:e5:cf:15:17:48,0,-59
2024-04-30T15:18:39.660000,e0:e5:cf:15:17:48,0,-53
2024-04-30T15:18:39.720000,e0:e5:cf:15:17:48,0,-54
2024-04-30T15:18:39.779000,e0:e5:cf:15:17:48,0,-53
2024-04-30T15:18:39.835000,e0:e5:cf:15:17:48,0,-54
2024-04-30T15:18:39.890000,e0:e5:cf:15:17:48,0,-54
2024-04-30T15:18:39.986000,65:5d:18:d5:0a:ee,1,-54
2024-04-30T15:18:39.996000,e0:e5:cf:15:17:48,0,-57
2024-04-30T15:18:40.054000,e0:e5:cf:15:17:48,0,-58
2024-04-30T15:18:40.107000,e0:e5:cf:15:17:48,0,-53
2024-04-30T15:18:40.157000,e0:e5:cf:15:17:48,0,-56
2024-04-30T15:18:40.216000,e0:e5:cf:15:17:48,0,-55
2024-04-30T15:18:40.267000,e0:e5:cf:15:17:48,0,-59
2024-04-30T15:18:40.324000,e0:e5:cf:15:17:48,0,-55
2024-04-30T15:18:40.375000,e0:e5:cf:15:17:48,0,-54
2024-04-30T15:18:40.429000,e0:e5:cf:15:17:48,0,-55
2024-04-30T15:18:40.484000,e0:e5:cf:15:17:48,0,-55
2024-04-30T15:18:40.544000,e0:e5:cf:15:17:48,0,-54
2024-04-30T15:18:40.558000,65:5d:18:d5:0a:ee,1,-54
2024-04-30T15:18:40.603000,e0:e5:cf:15:17:48,0,-53
2024-04-30T15:18:40.662000,e0:e5:cf:15:17:48,0,-54
2024-04-30T15:18:40.717000,e0:e5:cf:15:17:48,0,-58
2024-04-30T15:18:40.767000,e0:e5:cf:15:17:48,0,-54
2024-04-30T15:18:40.827000,e0:e5:cf:15:17:48,0,-53
2024-04-30T15:18:40.848000,65:5d:18:d5:0a:ee,1,-66
2024-04-30T15:18:40.887000,e0:e5:cf:15:17:48,0,-53
2024-04-30T15:18:40.937000,e0:e5:cf:15:17:48,0,-54
2024-04-30T15:18:41.047000,e0:e5:cf:15:17:48,0,-58
2024-04-30T15:18:41.102000,e0:e5:cf:15:17:48,0,-59
2024-04-30T15:18:41.138000,65:5d:18:d5:0a:ee,1,-56
2024-04-30T15:18:41.155000,e0:e5:cf:15:17:48,0,-53
2024-04-30T15:18:41.213000,e0:e5:cf:15:17:48,0,-54
2024-04-30T15:18:41.269000,e0:e5:cf:15:17:48,0,-55
2024-04-30T15:18:41.323000,e0:e5:cf:15:17:48,0,-55
2024-04-30T15:18:41.383000,e0:e5:cf:15:17:48,0,-53
2024-04-30T15:18:41.424000,65:5d:18:d5:0a:ee,1,-54
2024-04-30T15:18:41.553000,e0:e5:cf:15:17:48,0,-57
2024-04-30T15:18:41.609000,e0:e5:cf:15:17:48,0,-54
2024-04-30T15:18:41.666000,e0:e5:cf:15:17:48,0,-52
2024-04-30T15:18:41.716000,e0:e5:cf:15:17:48,0,-56
2024-04-30T15:18:41.825000,e0:e5:cf:15:17:48,0,-56
2024-04-30T15:18:41.882000,e0:e5:cf:15:17:48,0,-55
2024-04-30T15:18:41.932000,e0:e5:cf:15:17:48,0,-54
2024-04-30T15:18:41.982000,e0:e5:cf:15:17:48,0,-53
2024-04-30T15:18:42.002000,65:5d:18:d5:0a:ee,1,-55
2024-04-30T15:18:42.036000,e0:e5:cf:15:17:48,0,-59
2024-04-30T15:18:42.087000,e0:e5:cf:15:17:48,0,-54
2024-04-30T15:18:42.147000,e0:e5:cf:15:17:48,0,-53
2024-04-30T15:18:42.204000,e0:e5:cf:15:17:48,0,-52
2024-04-30T15:18:42.259000,e0:e5:cf:15:17:48,0,-55
2024-04-30T15:18:42.279000,65:5d:18:d5:0a:ee,1,-56
2024-04-30T15:18:42.369000,e0:e5:cf:15:17:48,0,-59
2024-04-30T15:18:42.429000,e0:e5:cf:15:17:48,0,-58
2024-04-30T15:18:42.483000,e0:e5:cf:15:17:48,0,-56
2024-04-30T15:18:42.534000,e0:e5:cf:15:17:48,0,-54
2024-04-30T15:18:42.558000,65:5d:18:d5:0a:ee,1,-66
2024-04-30T15:18:42.591000,e0:e5:cf:15:17:48,0,-53
2024-04-30T15:18:42.649000,e0:e5:cf:15:17:48,0,-54
2024-04-30T15:18:42.709000,e0:e5:cf:15:17:48,0,-56
2024-04-30T15:18:42.766000,e0:e5:cf:15:17:48,0,-54
2024-04-30T15:18:42.825000,e0:e5:cf:15:17:48,0,-55
2024-04-30T15:18:42.842000,65:5d:18:d5:0a:ee,1,-57
2024-04-30T15:18:42.884000,e0:e5:cf:15:17:48,0,-54
2024-04-30T15:18:42.937000,e0:e5:cf:15:17:48,0,-59
2024-04-30T15:18:42.992000,e0:e5:cf:15:17:48,0,-57
2024-04-30T15:18:43.046000,e0:e5:cf:15:17:48,0,-53
2024-04-30T15:18:43.096000,e0:e5:cf:15:17:48,0,-55
2024-04-30T15:18:43.129000,65:5d:18:d5:0a:ee,1,-66
2024-04-30T15:18:43.147000,e0:e5:cf:15:17:48,0,-59
2024-04-30T15:18:43.202000,e0:e5:cf:15:17:48,0,-55
2024-04-30T15:18:43.252000,e0:e5:cf:15:17:48,0,-54
2024-04-30T15:18:43.304000,e0:e5:cf:15:17:48,0,-54
2024-04-30T15:18:43.357000,e0:e5:cf:15:17:48,0,-59
2024-04-30T15:18:43.412000,e0:e5:cf:15:17:48,0,-57
2024-04-30T15:18:43.469000,e0:e5:cf:15:17:48,0,-54
2024-04-30T15:18:43.526000,e0:e5:cf:15:17:48,0,-53
2024-04-30T15:18:43.585000,e0:e5:cf:15:17:48,0,-52
2024-04-30T15:18:43.636000,e0:e5:cf:15:17:48,0,-55
2024-04-30T15:18:43.703000,65:5d:18:d5:0a:ee,1,-54
2024-04-30T15:18:43.751000,e0:e5:cf:15:17:48,0,-58
2024-04-30T15:18:43.796000,e0:e5:cf:15:17:48,0,-54
2024-04-30T15:18:43.850000,e0:e5:cf:15:17:48,0,-55
2024-04-30T15:18:43.902000,e0:e5:cf:15:17:48,0,-53
2024-04-30T15:18:43.957000,e0:e5:cf:15:17:48,0,-58
2024-04-30T15:18:43.995000,65:5d:18:d5:0a:ee,1,-66
2024-04-30T15:18:44.017000,e0:e5:cf:15:17:48,0,-58
2024-04-30T15:18:44.066000,e0:e5:cf:15:17:48,0,-53
2024-04-30T15:18:44.119000,e0:e5:cf:15:17:48,0,-55
2024-04-30T15:18:44.174000,e0:e5:cf:15:17:48,0,-56
2024-04-30T15:18:44.230000,e0:e5:cf:15:17:48,0,-58
2024-04-30T15:18:44.276000,65:5d:18:d5:0a:ee,1,-55
2024-04-30T15:18:44.281000,e0:e5:cf:15:17:48,0,-53
2024-04-30T15:18:44.337000,e0:e5:cf:15:17:48,0,-54
2024-04-30T15:18:44.387000,e0:e5:cf:15:17:48,0,-55
2024-04-30T15:18:44.447000,e0:e5:cf:15:17:48,0,-55
2024-04-30T15:18:44.499000,e0:e5:cf:15:17:48,0,-58
2024-04-30T15:18:44.549000,e0:e5:cf:15:17:48,0,-54
2024-04-30T15:18:44.559000,65:5d:18:d5:0a:ee,1,-56
2024-04-30T15:18:44.606000,e0:e5:cf:15:17:48,0,-53
2024-04-30T15:18:44.657000,e0:e5:cf:15:17:48,0,-54
2024-04-30T15:18:44.709000,e0:e5:cf:15:17:48,0,-59
2024-04-30T15:18:44.767000,e0:e5:cf:15:17:48,0,-58
2024-04-30T15:18:44.819000,e0:e5:cf:15:17:48,0,-53
2024-04-30T15:18:44.847000,65:5d:18:d5:0a:ee,1,-54
2024-04-30T15:18:44.873000,e0:e5:cf:15:17:48,0,-53
2024-04-30T15:18:44.929000,e0:e5:cf:15:17:48,0,-55
2024-04-30T15:18:44.982000,e0:e5:cf:15:17:48,0,-53
2024-04-30T15:18:45.037000,e0:e5:cf:15:17:48,0,-59
2024-04-30T15:18:45.093000,e0:e5:cf:15:17:48,0,-57
2024-04-30T15:18:45.152000,e0:e5:cf:15:17:48,0,-57
2024-04-30T15:18:45.206000,e0:e5:cf:15:17:48,0,-53
2024-04-30T15:18:45.264000,e0:e5:cf:15:17:48,0,-52
2024-04-30T15:18:45.314000,e0:e5:cf:15:17:48,0,-55
2024-04-30T15:18:45.366000,e0:e5:cf:15:17:48,0,-58
2024-04-30T15:18:45.421000,e0:e5:cf:15:17:48,0,-55
2024-04-30T15:18:45.435000,65:5d:18:d5:0a:ee,1,-56
2024-04-30T15:18:45.479000,e0:e5:cf:15:17:48,0,-54
2024-04-30T15:18:45.532000,e0:e5:cf:15:17:48,0,-53
2024-04-30T15:18:45.586000,e0:e5:cf:15:17:48,0,-56
2024-04-30T15:18:45.644000,e0:e5:cf:15:17:48,0,-54
2024-04-30T15:18:45.703000,e0:e5:cf:15:17:48,0,-55
2024-04-30T15:18:45.758000,e0:e5:cf:15:17:48,0,-58
2024-04-30T15:18:45.816000,e0:e5:cf:15:17:48,0,-59
2024-04-30T15:18:45.876000,e0:e5:cf:15:17:48,0,-59
2024-04-30T15:18:45.931000,e0:e5:cf:15:17:48,0,-56
2024-04-30T15:18:45.982000,e0:e5:cf:15:17:48,0,-52
2024-04-30T15:18:45.996000,65:5d:18:d5:0a:ee,1,-56
2024-04-30T15:18:46.042000,e0:e5:cf:15:17:48,0,-52
2024-04-30T15:18:46.102000,e0:e5:cf:15:17:48,0,-52
2024-04-30T15:18:46.156000,e0:e5:cf:15:17:48,0,-55
2024-04-30T15:18:46.215000,e0:e5:cf:15:17:48,0,-56
2024-04-30T15:18:46.267000,e0:e5:cf:15:17:48,0,-58
2024-04-30T15:18:46.285000,65:5d:18:d5:0a:ee,1,-55
2024-04-30T15:18:46.318000,e0:e5:cf:15:17:48,0,-54
2024-04-30T15:18:46.369000,e0:e5:cf:15:17:48,0,-55
2024-04-30T15:18:46.427000,e0:e5:cf:15:17:48,0,-56
2024-04-30T15:18:46.482000,e0:e5:cf:15:17:48,0,-53
2024-04-30T15:18:46.542000,e0:e5:cf:15:17:48,0,-55
2024-04-30T15:18:46.568000,65:5d:18:d5:0a:ee,1,-56
2024-04-30T15:18:46.596000,e0:e5:cf:15:17:48,0,-58
2024-04-30T15:18:46.654000,e0:e5:cf:15:17:48,0,-57
2024-04-30T15:18:46.709000,e0:e5:cf:15:17:48,0,-54
2024-04-30T15:18:46.767000,e0:e5:cf:15:17:48,0,-54
2024-04-30T15:18:46.817000,e0:e5:cf:15:17:48,0,-54
2024-04-30T15:18:46.850000,65:5d:18:d5:0a:ee,1,-66
2024-04-30T15:18:46.870000,e0:e5:cf:15:17:48,0,-59
2024-04-30T15:18:46.922000,e0:e5:cf:15:17:48,0,-55
2024-04-30T15:18:46.975000,e0:e5:cf:15:17:48,0,-54
2024-04-30T15:18:47.032000,e0:e5:cf:15:17:48,0,-53
2024-04-30T15:18:47.140000,65:5d:18:d5:0a:ee,1,-55
2024-04-30T15:18:47.147000,e0:e5:cf:15:17:48,0,-55
2024-04-30T15:18:47.311000,e0:e5:cf:15:17:48,0,-56
2024-04-30T15:18:47.366000,e0:e5:cf:15:17:48,0,-53
2024-04-30T15:18:47.427000,65:5d:18:d5:0a:ee,1,-55
2024-04-30T15:18:47.479000,e0:e5:cf:15:17:48,0,-55
2024-04-30T15:18:47.537000,e0:e5:cf:15:17:48,0,-55
2024-04-30T15:18:47.645000,e0:e5:cf:15:17:48,0,-58
2024-04-30T15:18:47.702000,e0:e5:cf:15:17:48,0,-56
2024-04-30T15:18:47.716000,65:5d:18:d5:0a:ee,1,-66
2024-04-30T15:18:47.755000,e0:e5:cf:15:17:48,0,-54
2024-04-30T15:18:47.807000,e0:e5:cf:15:17:48,0,-56
2024-04-30T15:18:47.978000,e0:e5:cf:15:17:48,0,-59
2024-04-30T15:18:48.007000,65:5d:18:d5:0a:ee,1,-55
2024-04-30T15:18:48.035000,e0:e5:cf:15:17:48,0,-58
2024-04-30T15:18:48.090000,e0:e5:cf:15:17:48,0,-55
2024-04-30T15:18:48.146000,e0:e5:cf:15:17:48,0,-54
2024-04-30T15:18:48.200000,e0:e5:cf:15:17:48,0,-54
2024-04-30T15:18:48.256000,e0:e5:cf:15:17:48,0,-56
2024-04-30T15:18:48.296000,65:5d:18:d5:0a:ee,1,-55
2024-04-30T15:18:48.314000,e0:e5:cf:15:17:48,0,-55
2024-04-30T15:18:48.369000,e0:e5:cf:15:17:48,0,-60
2024-04-30T15:18:48.419000,e0:e5:cf:15:17:48,0,-54
2024-04-30T15:18:48.527000,e0:e5:cf:15:17:48,0,-55
2024-04-30T15:18:48.585000,e0:e5:cf:15:17:48,0,-54
2024-04-30T15:18:48.643000,e0:e5:cf:15:17:48,0,-54
2024-04-30T15:18:48.702000,e0:e5:cf:15:17:48,0,-53
2024-04-30T15:18:48.758000,e0:e5:cf:15:17:48,0,-59
2024-04-30T15:18:48.817000,e0:e5:cf:15:17:48,0,-59
2024-04-30T15:18:48.862000,65:5d:18:d5:0a:ee,1,-55
2024-04-30T15:18:48.875000,e0:e5:cf:15:17:48,0,-57
2024-04-30T15:18:48.933000,e0:e5:cf:15:17:48,0,-57
2024-04-30T15:18:48.989000,e0:e5:cf:15:17:48,0,-55
2024-04-30T15:18:49.039000,e0:e5:cf:15:17:48,0,-54
2024-04-30T15:18:49.093000,e0:e5:cf:15:17:48,0,-56
2024-04-30T15:18:49.266000,e0:e5:cf:15:17:48,0,-58
2024-04-30T15:18:49.372000,e0:e5:cf:15:17:48,0,-54
2024-04-30T15:18:49.422000,e0:e5:cf:15:17:48,0,-54
2024-04-30T15:18:49.438000,65:5d:18:d5:0a:ee,1,-55
2024-04-30T15:18:49.536000,e0:e5:cf:15:17:48,0,-60
2024-04-30T15:18:49.593000,e0:e5:cf:15:17:48,0,-57
2024-04-30T15:18:49.705000,e0:e5:cf:15:17:48,0,-52
2024-04-30T15:18:49.726000,65:5d:18:d5:0a:ee,1,-66
2024-04-30T15:18:49.817000,e0:e5:cf:15:17:48,0,-55
2024-04-30T15:18:49.872000,e0:e5:cf:15:17:48,0,-57
2024-04-30T15:18:49.933000,e0:e5:cf:15:17:48,0,-56
2024-04-30T15:18:49.990000,e0:e5:cf:15:17:48,0,-59
2024-04-30T15:18:50.019000,65:5d:18:d5:0a:ee,1,-55
2024-04-30T15:18:50.046000,e0:e5:cf:15:17:48,0,-59
2024-04-30T15:18:50.097000,e0:e5:cf:15:17:48,0,-54
2024-04-30T15:18:50.157000,e0:e5:cf:15:17:48,0,-54
2024-04-30T15:18:50.213000,e0:e5:cf:15:17:48,0,-54
2024-04-30T15:18:50.267000,e0:e5:cf:15:17:48,0,-56
2024-04-30T15:18:50.298000,65:5d:18:d5:0a:ee,1,-65
2024-04-30T15:18:50.320000,e0:e5:cf:15:17:48,0,-58
2024-04-30T15:18:50.369000,e0:e5:cf:15:17:48,0,-55
2024-04-30T15:18:50.426000,e0:e5:cf:15:17:48,0,-54
2024-04-30T15:18:50.485000,e0:e5:cf:15:17:48,0,-54
2024-04-30T15:18:50.536000,e0:e5:cf:15:17:48,0,-55
2024-04-30T15:18:50.587000,65:5d:18:d5:0a:ee,1,-57
2024-04-30T15:18:50.595000,e0:e5:cf:15:17:48,0,-57
2024-04-30T15:18:50.655000,e0:e5:cf:15:17:48,0,-56
2024-04-30T15:18:50.708000,e0:e5:cf:15:17:48,0,-59
2024-04-30T15:18:50.763000,e0:e5:cf:15:17:48,0,-56
2024-04-30T15:18:50.818000,e0:e5:cf:15:17:48,0,-54
2024-04-30T15:18:50.869000,e0:e5:cf:15:17:48,0,-55
2024-04-30T15:18:50.878000,65:5d:18:d5:0a:ee,1,-55
2024-04-30T15:18:50.920000,e0:e5:cf:15:17:48,0,-58
2024-04-30T15:18:50.972000,e0:e5:cf:15:17:48,0,-56
2024-04-30T15:18:51.089000,e0:e5:cf:15:17:48,0,-54
2024-04-30T15:18:51.199000,e0:e5:cf:15:17:48,0,-55
2024-04-30T15:18:51.255000,e0:e5:cf:15:17:48,0,-56
2024-04-30T15:18:51.308000,e0:e5:cf:15:17:48,0,-58
2024-04-30T15:18:51.366000,e0:e5:cf:15:17:48,0,-58
2024-04-30T15:18:51.452000,65:5d:18:d5:0a:ee,1,-57
2024-04-30T15:18:51.478000,e0:e5:cf:15:17:48,0,-54
2024-04-30T15:18:51.528000,e0:e5:cf:15:17:48,0,-55
2024-04-30T15:18:51.633000,e0:e5:cf:15:17:48,0,-57
2024-04-30T15:18:51.689000,e0:e5:cf:15:17:48,0,-54
2024-04-30T15:18:51.746000,e0:e5:cf:15:17:48,0,-54
2024-04-30T15:18:51.803000,e0:e5:cf:15:17:48,0,-52
2024-04-30T15:18:51.856000,e0:e5:cf:15:17:48,0,-55
2024-04-30T15:18:51.965000,e0:e5:cf:15:17:48,0,-55
2024-04-30T15:18:52.019000,e0:e5:cf:15:17:48,0,-54
2024-04-30T15:18:52.030000,65:5d:18:d5:0a:ee,1,-56
2024-04-30T15:18:52.073000,e0:e5:cf:15:17:48,0,-54
2024-04-30T15:18:52.130000,e0:e5:cf:15:17:48,0,-55
2024-04-30T15:18:52.184000,e0:e5:cf:15:17:48,0,-54
2024-04-30T15:18:52.243000,e0:e5:cf:15:17:48,0,-54
2024-04-30T15:18:52.295000,e0:e5:cf:15:17:48,0,-57
2024-04-30T15:18:52.305000,65:5d:18:d5:0a:ee,1,-65
2024-04-30T15:18:52.350000,e0:e5:cf:15:17:48,0,-54
2024-04-30T15:18:52.408000,e0:e5:cf:15:17:48,0,-54
2024-04-30T15:18:52.467000,e0:e5:cf:15:17:48,0,-54
2024-04-30T15:18:52.525000,e0:e5:cf:15:17:48,0,-54
2024-04-30T15:18:52.588000,65:5d:18:d5:0a:ee,1,-54
2024-04-30T15:18:52.633000,e0:e5:cf:15:17:48,0,-56
2024-04-30T15:18:52.685000,e0:e5:cf:15:17:48,0,-56
2024-04-30T15:18:52.738000,e0:e5:cf:15:17:48,0,-54
2024-04-30T15:18:52.790000,e0:e5:cf:15:17:48,0,-55
2024-04-30T15:18:52.850000,e0:e5:cf:15:17:48,0,-56
2024-04-30T15:18:52.878000,65:5d:18:d5:0a:ee,1,-64
2024-04-30T15:18:52.953000,e0:e5:cf:15:17:48,0,-57
2024-04-30T15:18:53.012000,e0:e5:cf:15:17:48,0,-57
2024-04-30T15:18:53.124000,e0:e5:cf:15:17:48,0,-53
2024-04-30T15:18:53.169000,65:5d:18:d5:0a:ee,1,-56
2024-04-30T15:18:53.175000,e0:e5:cf:15:17:48,0,-57
2024-04-30T15:18:53.228000,e0:e5:cf:15:17:48,0,-58
2024-04-30T15:18:53.286000,e0:e5:cf:15:17:48,0,-58
2024-04-30T15:18:53.336000,e0:e5:cf:15:17:48,0,-55
2024-04-30T15:18:53.389000,e0:e5:cf:15:17:48,0,-56
2024-04-30T15:18:53.453000,65:5d:18:d5:0a:ee,1,-54
2024-04-30T15:18:53.494000,e0:e5:cf:15:17:48,0,-57
2024-04-30T15:18:53.547000,e0:e5:cf:15:17:48,0,-55
2024-04-30T15:18:53.600000,e0:e5:cf:15:17:48,0,-56
2024-04-30T15:18:53.656000,e0:e5:cf:15:17:48,0,-54
2024-04-30T15:18:53.709000,e0:e5:cf:15:17:48,0,-59
2024-04-30T15:18:53.742000,65:5d:18:d5:0a:ee,1,-64
2024-04-30T15:18:53.766000,e0:e5:cf:15:17:48,0,-58
2024-04-30T15:18:53.924000,e0:e5:cf:15:17:48,0,-55
2024-04-30T15:18:54.027000,65:5d:18:d5:0a:ee,1,-55
2024-04-30T15:18:54.094000,e0:e5:cf:15:17:48,0,-56
2024-04-30T15:18:54.149000,e0:e5:cf:15:17:48,0,-55
2024-04-30T15:18:54.204000,e0:e5:cf:15:17:48,0,-52
2024-04-30T15:18:54.264000,e0:e5:cf:15:17:48,0,-52
2024-04-30T15:18:54.316000,65:5d:18:d5:0a:ee,1,-65
2024-04-30T15:18:54.322000,e0:e5:cf:15:17:48,0,-55
2024-04-30T15:18:54.424000,e0:e5:cf:15:17:48,0,-55
2024-04-30T15:18:54.478000,e0:e5:cf:15:17:48,0,-54
2024-04-30T15:18:54.534000,e0:e5:cf:15:17:48,0,-54
2024-04-30T15:18:54.590000,e0:e5:cf:15:17:48,0,-55
2024-04-30T15:18:54.607000,65:5d:18:d5:0a:ee,1,-55
2024-04-30T15:18:54.649000,e0:e5:cf:15:17:48,0,-56
2024-04-30T15:18:54.700000,e0:e5:cf:15:17:48,0,-58
2024-04-30T15:18:54.755000,e0:e5:cf:15:17:48,0,-58
2024-04-30T15:18:54.806000,e0:e5:cf:15:17:48,0,-54
2024-04-30T15:18:54.864000,e0:e5:cf:15:17:48,0,-52
2024-04-30T15:18:54.888000,65:5d:18:d5:0a:ee,1,-66
2024-04-30T15:18:54.922000,e0:e5:cf:15:17:48,0,-52
2024-04-30T15:18:54.974000,e0:e5:cf:15:17:48,0,-57
2024-04-30T15:18:55.083000,e0:e5:cf:15:17:48,0,-56
2024-04-30T15:18:55.137000,e0:e5:cf:15:17:48,0,-54
2024-04-30T15:18:55.177000,65:5d:18:d5:0a:ee,1,-56
2024-04-30T15:18:55.197000,e0:e5:cf:15:17:48,0,-54
2024-04-30T15:18:55.252000,e0:e5:cf:15:17:48,0,-54
2024-04-30T15:18:55.303000,e0:e5:cf:15:17:48,0,-54
2024-04-30T15:18:55.359000,e0:e5:cf:15:17:48,0,-58
2024-04-30T15:18:55.410000,e0:e5:cf:15:17:48,0,-54
2024-04-30T15:18:55.462000,65:5d:18:d5:0a:ee,1,-54
2024-04-30T15:18:55.469000,e0:e5:cf:15:17:48,0,-54
2024-04-30T15:18:55.523000,e0:e5:cf:15:17:48,0,-52
2024-04-30T15:18:55.752000,65:5d:18:d5:0a:ee,1,-65
2024-04-30T15:18:55.799000,e0:e5:cf:15:17:48,0,-54
2024-04-30T15:18:55.858000,e0:e5:cf:15:17:48,0,-55
2024-04-30T15:18:55.918000,e0:e5:cf:15:17:48,0,-54
2024-04-30T15:18:55.970000,e0:e5:cf:15:17:48,0,-55
2024-04-30T15:18:56.024000,e0:e5:cf:15:17:48,0,-53
2024-04-30T15:18:56.038000,65:5d:18:d5:0a:ee,1,-54
2024-04-30T15:18:56.075000,e0:e5:cf:15:17:48,0,-60
2024-04-30T15:18:56.183000,e0:e5:cf:15:17:48,0,-53
2024-04-30T15:18:56.243000,e0:e5:cf:15:17:48,0,-53
2024-04-30T15:18:56.292000,e0:e5:cf:15:17:48,0,-56
2024-04-30T15:18:56.347000,e0:e5:cf:15:17:48,0,-58
2024-04-30T15:18:56.404000,e0:e5:cf:15:17:48,0,-56
2024-04-30T15:18:56.460000,e0:e5:cf:15:17:48,0,-54
2024-04-30T15:18:56.509000,e0:e5:cf:15:17:48,0,-56
2024-04-30T15:18:56.609000,65:5d:18:d5:0a:ee,1,-55
2024-04-30T15:18:56.616000,e0:e5:cf:15:17:48,0,-60
2024-04-30T15:18:56.665000,e0:e5:cf:15:17:48,0,-54
2024-04-30T15:18:56.724000,e0:e5:cf:15:17:48,0,-53
2024-04-30T15:18:56.773000,e0:e5:cf:15:17:48,0,-55
2024-04-30T15:18:56.833000,e0:e5:cf:15:17:48,0,-57
2024-04-30T15:18:56.888000,e0:e5:cf:15:17:48,0,-59
2024-04-30T15:18:56.937000,e0:e5:cf:15:17:48,0,-55
2024-04-30T15:18:56.994000,e0:e5:cf:15:17:48,0,-55
2024-04-30T15:18:57.047000,e0:e5:cf:15:17:48,0,-56
2024-04-30T15:18:57.106000,e0:e5:cf:15:17:48,0,-55
2024-04-30T15:18:57.163000,e0:e5:cf:15:17:48,0,-53
2024-04-30T15:18:57.176000,65:5d:18:d5:0a:ee,1,-55
2024-04-30T15:18:57.214000,e0:e5:cf:15:17:48,0,-58
2024-04-30T15:18:57.380000,e0:e5:cf:15:17:48,0,-54
2024-04-30T15:18:57.434000,e0:e5:cf:15:17:48,0,-56
2024-04-30T15:18:57.485000,e0:e5:cf:15:17:48,0,-59
2024-04-30T15:18:57.544000,e0:e5:cf:15:17:48,0,-56
2024-04-30T15:18:57.595000,e0:e5:cf:15:17:48,0,-55
2024-04-30T15:18:57.647000,e0:e5:cf:15:17:48,0,-55
2024-04-30T15:18:57.705000,e0:e5:cf:15:17:48,0,-54
2024-04-30T15:18:57.747000,65:5d:18:d5:0a:ee,1,-54
2024-04-30T15:18:57.757000,e0:e5:cf:15:17:48,0,-59
2024-04-30T15:18:57.815000,e0:e5:cf:15:17:48,0,-59
2024-04-30T15:18:57.865000,e0:e5:cf:15:17:48,0,-54
2024-04-30T15:18:57.915000,e0:e5:cf:15:17:48,0,-54
2024-04-30T15:18:58.087000,e0:e5:cf:15:17:48,0,-59
2024-04-30T15:18:58.145000,e0:e5:cf:15:17:48,0,-59
2024-04-30T15:18:58.200000,e0:e5:cf:15:17:48,0,-54
2024-04-30T15:18:58.252000,e0:e5:cf:15:17:48,0,-54
2024-04-30T15:18:58.312000,e0:e5:cf:15:17:48,0,-54
2024-04-30T15:18:58.327000,65:5d:18:d5:0a:ee,1,-56
2024-04-30T15:18:58.370000,e0:e5:cf:15:17:48,0,-54
2024-04-30T15:18:58.474000,e0:e5:cf:15:17:48,0,-57
2024-04-30T15:18:58.526000,e0:e5:cf:15:17:48,0,-54
2024-04-30T15:18:58.584000,e0:e5:cf:15:17:48,0,-52
2024-04-30T15:18:58.606000,65:5d:18:d5:0a:ee,1,-64
2024-04-30T15:18:58.643000,e0:e5:cf:15:17:48,0,-52
2024-04-30T15:18:58.693000,e0:e5:cf:15:17:48,0,-55
2024-04-30T15:18:58.810000,e0:e5:cf:15:17:48,0,-59
2024-04-30T15:18:58.862000,e0:e5:cf:15:17:48,0,-57
2024-04-30T15:18:58.892000,65:5d:18:d5:0a:ee,1,-56
2024-04-30T15:18:58.915000,e0:e5:cf:15:17:48,0,-54
2024-04-30T15:18:58.969000,e0:e5:cf:15:17:48,0,-56
2024-04-30T15:18:59.024000,e0:e5:cf:15:17:48,0,-54
2024-04-30T15:18:59.139000,e0:e5:cf:15:17:48,0,-59
2024-04-30T15:18:59.198000,e0:e5:cf:15:17:48,0,-59
2024-04-30T15:18:59.250000,e0:e5:cf:15:17:48,0,-55
2024-04-30T15:18:59.304000,e0:e5:cf:15:17:48,0,-53
2024-04-30T15:18:59.364000,e0:e5:cf:15:17:48,0,-52
2024-04-30T15:18:59.415000,e0:e5:cf:15:17:48,0,-55
2024-04-30T15:18:59.460000,65:5d:18:d5:0a:ee,1,-54
2024-04-30T15:18:59.473000,e0:e5:cf:15:17:48,0,-56
2024-04-30T15:18:59.584000,e0:e5:cf:15:17:48,0,-56
2024-04-30T15:18:59.639000,e0:e5:cf:15:17:48,0,-54
2024-04-30T15:18:59.694000,e0:e5:cf:15:17:48,0,-54
2024-04-30T15:18:59.750000,e0:e5:cf:15:17:48,0,-55
2024-04-30T15:18:59.916000,e0:e5:cf:15:17:48,0,-60
2024-04-30T15:19:00.024000,65:5d:18:d5:0a:ee,1,-54
2024-04-30T15:19:00.082000,e0:e5:cf:15:17:48,0,-52
2024-04-30T15:19:00.140000,e0:e5:cf:15:17:48,0,-55
2024-04-30T15:19:00.192000,e0:e5:cf:15:17:48,0,-55
2024-04-30T15:19:00.248000,e0:e5:cf:15:17:48,0,-60
2024-04-30T15:19:00.303000,e0:e5:cf:15:17:48,0,-56
2024-04-30T15:19:00.319000,65:5d:18:d5:0a:ee,1,-56
2024-04-30T15:19:00.360000,e0:e5:cf:15:17:48,0,-54
2024-04-30T15:19:00.410000,e0:e5:cf:15:17:48,0,-55
2024-04-30T15:19:00.469000,e0:e5:cf:15:17:48,0,-56
2024-04-30T15:19:00.640000,e0:e5:cf:15:17:48,0,-59
2024-04-30T15:19:00.700000,e0:e5:cf:15:17:48,0,-58
2024-04-30T15:19:00.758000,e0:e5:cf:15:17:48,0,-59
2024-04-30T15:19:00.815000,e0:e5:cf:15:17:48,0,-59
2024-04-30T15:19:00.865000,e0:e5:cf:15:17:48,0,-52
2024-04-30T15:19:00.878000,65:5d:18:d5:0a:ee,1,-56
2024-04-30T15:19:00.924000,e0:e5:cf:15:17:48,0,-52
2024-04-30T15:19:00.979000,e0:e5:cf:15:17:48,0,-55
2024-04-30T15:19:01.032000,e0:e5:cf:15:17:48,0,-55
2024-04-30T15:19:01.092000,e0:e5:cf:15:17:48,0,-56
2024-04-30T15:19:01.148000,e0:e5:cf:15:17:48,0,-59
2024-04-30T15:19:01.163000,65:5d:18:d5:0a:ee,1,-64
2024-04-30T15:19:01.203000,e0:e5:cf:15:17:48,0,-56
2024-04-30T15:19:01.320000,e0:e5:cf:15:17:48,0,-54
2024-04-30T15:19:01.380000,e0:e5:cf:15:17:48,0,-54
2024-04-30T15:19:01.439000,e0:e5:cf:15:17:48,0,-54
2024-04-30T15:19:01.455000,65:5d:18:d5:0a:ee,1,-56
2024-04-30T15:19:01.494000,e0:e5:cf:15:17:48,0,-54
2024-04-30T15:19:01.607000,e0:e5:cf:15:17:48,0,-55
2024-04-30T15:19:01.665000,e0:e5:cf:15:17:48,0,-54
2024-04-30T15:19:01.717000,e0:e5:cf:15:17:48,0,-59
2024-04-30T15:19:01.732000,65:5d:18:d5:0a:ee,1,-64
2024-04-30T15:19:01.769000,e0:e5:cf:15:17:48,0,-55
2024-04-30T15:19:01.820000,e0:e5:cf:15:17:48,0,-54
2024-04-30T15:19:01.878000,e0:e5:cf:15:17:48,0,-54
2024-04-30T15:19:01.934000,e0:e5:cf:15:17:48,0,-56
2024-04-30T15:19:02.012000,65:5d:18:d5:0a:ee,1,-56
2024-04-30T15:19:02.043000,e0:e5:cf:15:17:48,0,-56
2024-04-30T15:19:02.099000,e0:e5:cf:15:17:48,0,-54
2024-04-30T15:19:02.150000,e0:e5:cf:15:17:48,0,-55
2024-04-30T15:19:02.208000,e0:e5:cf:15:17:48,0,-55
2024-04-30T15:19:02.263000,e0:e5:cf:15:17:48,0,-54
2024-04-30T15:19:02.293000,65:5d:18:d5:0a:ee,1,-64
2024-04-30T15:19:02.315000,e0:e5:cf:15:17:48,0,-57
2024-04-30T15:19:02.375000,e0:e5:cf:15:17:48,0,-58
2024-04-30T15:19:02.434000,e0:e5:cf:15:17:48,0,-57
2024-04-30T15:19:02.494000,e0:e5:cf:15:17:48,0,-58
2024-04-30T15:19:02.550000,e0:e5:cf:15:17:48,0,-54
2024-04-30T15:19:02.582000,65:5d:18:d5:0a:ee,1,-56
2024-04-30T15:19:02.599000,e0:e5:cf:15:17:48,0,-56
2024-04-30T15:19:02.707000,e0:e5:cf:15:17:48,0,-60
2024-04-30T15:19:02.757000,e0:e5:cf:15:17:48,0,-54
2024-04-30T15:19:02.806000,e0:e5:cf:15:17:48,0,-55
2024-04-30T15:19:02.862000,65:5d:18:d5:0a:ee,1,-64
2024-04-30T15:19:02.914000,e0:e5:cf:15:17:48,0,-58
2024-04-30T15:19:02.964000,e0:e5:cf:15:17:48,0,-52
2024-04-30T15:19:03.023000,e0:e5:cf:15:17:48,0,-52
2024-04-30T15:19:03.077000,e0:e5:cf:15:17:48,0,-54
2024-04-30T15:19:03.150000,65:5d:18:d5:0a:ee,1,-54
2024-04-30T15:19:03.184000,e0:e5:cf:15:17:48,0,-56
2024-04-30T15:19:03.235000,e0:e5:cf:15:17:48,0,-54
2024-04-30T15:19:03.295000,e0:e5:cf:15:17:48,0,-54
2024-04-30T15:19:03.354000,e0:e5:cf:15:17:48,0,-54
2024-04-30T15:19:03.410000,e0:e5:cf:15:17:48,0,-55
2024-04-30T15:19:03.438000,65:5d:18:d5:0a:ee,1,-64
2024-04-30T15:19:03.463000,e0:e5:cf:15:17:48,0,-55
2024-04-30T15:19:03.574000,e0:e5:cf:15:17:48,0,-58
2024-04-30T15:19:03.625000,e0:e5:cf:15:17:48,0,-52
2024-04-30T15:19:03.676000,e0:e5:cf:15:17:48,0,-56
2024-04-30T15:19:03.727000,65:5d:18:d5:0a:ee,1,-56
2024-04-30T15:19:03.789000,e0:e5:cf:15:17:48,0,-60
2024-04-30T15:19:03.848000,e0:e5:cf:15:17:48,0,-59
2024-04-30T15:19:03.900000,e0:e5:cf:15:17:48,0,-54
2024-04-30T15:19:03.954000,e0:e5:cf:15:17:48,0,-54
2024-04-30T15:19:04.007000,65:5d:18:d5:0a:ee,1,-64
2024-04-30T15:19:04.014000,e0:e5:cf:15:17:48,0,-54
2024-04-30T15:19:04.073000,e0:e5:cf:15:17:48,0,-54
2024-04-30T15:19:04.127000,e0:e5:cf:15:17:48,0,-56
2024-04-30T15:19:04.234000,e0:e5:cf:15:17:48,0,-57
2024-04-30T15:19:04.285000,e0:e5:cf:15:17:48,0,-52
2024-04-30T15:19:04.295000,65:5d:18:d5:0a:ee,1,-56
2024-04-30T15:19:04.342000,e0:e5:cf:15:17:48,0,-52
2024-04-30T15:19:04.392000,e0:e5:cf:15:17:48,0,-56
2024-04-30T15:19:04.450000,e0:e5:cf:15:17:48,0,-59
2024-04-30T15:19:04.505000,e0:e5:cf:15:17:48,0,-56
2024-04-30T15:19:04.563000,e0:e5:cf:15:17:48,0,-56
2024-04-30T15:19:04.573000,65:5d:18:d5:0a:ee,1,-64
2024-04-30T15:19:04.619000,e0:e5:cf:15:17:48,0,-54
2024-04-30T15:19:04.675000,e0:e5:cf:15:17:48,0,-54
2024-04-30T15:19:04.734000,e0:e5:cf:15:17:48,0,-54
2024-04-30T15:19:04.784000,e0:e5:cf:15:17:48,0,-53
2024-04-30T15:19:04.837000,e0:e5:cf:15:17:48,0,-60
2024-04-30T15:19:04.856000,65:5d:18:d5:0a:ee,1,-55
2024-04-30T15:19:04.894000,e0:e5:cf:15:17:48,0,-57
2024-04-30T15:19:04.944000,e0:e5:cf:15:17:48,0,-53
2024-04-30T15:19:04.995000,e0:e5:cf:15:17:48,0,-55
2024-04-30T15:19:05.049000,e0:e5:cf:15:17:48,0,-61
2024-04-30T15:19:05.107000,e0:e5:cf:15:17:48,0,-57
2024-04-30T15:19:05.142000,65:5d:18:d5:0a:ee,1,-62
2024-04-30T15:19:05.163000,e0:e5:cf:15:17:48,0,-53
2024-04-30T15:19:05.217000,e0:e5:cf:15:17:48,0,-56
2024-04-30T15:19:05.277000,e0:e5:cf:15:17:48,0,-56
2024-04-30T15:19:05.334000,e0:e5:cf:15:17:48,0,-56
2024-04-30T15:19:05.390000,e0:e5:cf:15:17:48,0,-57
2024-04-30T15:19:05.425000,65:5d:18:d5:0a:ee,1,-57
2024-04-30T15:19:05.450000,e0:e5:cf:15:17:48,0,-57
2024-04-30T15:19:05.499000,e0:e5:cf:15:17:48,0,-56
2024-04-30T15:19:05.555000,e0:e5:cf:15:17:48,0,-53
2024-04-30T15:19:05.609000,e0:e5:cf:15:17:48,0,-55
2024-04-30T15:19:05.666000,e0:e5:cf:15:17:48,0,-53
2024-04-30T15:19:05.715000,65:5d:18:d5:0a:ee,1,-66
2024-04-30T15:19:05.719000,e0:e5:cf:15:17:48,0,-56
2024-04-30T15:19:05.825000,e0:e5:cf:15:17:48,0,-54
2024-04-30T15:19:05.883000,e0:e5:cf:15:17:48,0,-53
2024-04-30T15:19:05.934000,e0:e5:cf:15:17:48,0,-54
2024-04-30T15:19:05.985000,e0:e5:cf:15:17:48,0,-51
2024-04-30T15:19:05.997000,65:5d:18:d5:0a:ee,1,-54
2024-04-30T15:19:06.100000,e0:e5:cf:15:17:48,0,-55
2024-04-30T15:19:06.159000,e0:e5:cf:15:17:48,0,-55
2024-04-30T15:19:06.215000,e0:e5:cf:15:17:48,0,-52
2024-04-30T15:19:06.267000,e0:e5:cf:15:17:48,0,-58
2024-04-30T15:19:06.286000,65:5d:18:d5:0a:ee,1,-66
2024-04-30T15:19:06.325000,e0:e5:cf:15:17:48,0,-56
2024-04-30T15:19:06.383000,e0:e5:cf:15:17:48,0,-54
2024-04-30T15:19:06.442000,e0:e5:cf:15:17:48,0,-55
2024-04-30T15:19:06.499000,e0:e5:cf:15:17:48,0,-54
2024-04-30T15:19:06.555000,e0:e5:cf:15:17:48,0,-54
2024-04-30T15:19:06.574000,65:5d:18:d5:0a:ee,1,-56
2024-04-30T15:19:06.608000,e0:e5:cf:15:17:48,0,-53
2024-04-30T15:19:06.660000,e0:e5:cf:15:17:48,0,-56
2024-04-30T15:19:06.718000,e0:e5:cf:15:17:48,0,-57
2024-04-30T15:19:06.774000,e0:e5:cf:15:17:48,0,-59
2024-04-30T15:19:06.826000,e0:e5:cf:15:17:48,0,-52
2024-04-30T15:19:06.860000,65:5d:18:d5:0a:ee,1,-66
2024-04-30T15:19:06.883000,e0:e5:cf:15:17:48,0,-53
2024-04-30T15:19:06.940000,e0:e5:cf:15:17:48,0,-54
2024-04-30T15:19:06.990000,e0:e5:cf:15:17:48,0,-59
2024-04-30T15:19:07.046000,e0:e5:cf:15:17:48,0,-55
2024-04-30T15:19:07.097000,e0:e5:cf:15:17:48,0,-52
2024-04-30T15:19:07.153000,e0:e5:cf:15:17:48,0,-52
2024-04-30T15:19:07.212000,e0:e5:cf:15:17:48,0,-54
2024-04-30T15:19:07.269000,e0:e5:cf:15:17:48,0,-53
2024-04-30T15:19:07.321000,e0:e5:cf:15:17:48,0,-60
2024-04-30T15:19:07.375000,e0:e5:cf:15:17:48,0,-59
2024-04-30T15:19:07.429000,e0:e5:cf:15:17:48,0,-54
2024-04-30T15:19:07.438000,65:5d:18:d5:0a:ee,1,-53
2024-04-30T15:19:07.484000,e0:e5:cf:15:17:48,0,-51
2024-04-30T15:19:07.601000,e0:e5:cf:15:17:48,0,-52
2024-04-30T15:19:07.659000,e0:e5:cf:15:17:48,0,-51
2024-04-30T15:19:07.716000,e0:e5:cf:15:17:48,0,-51
2024-04-30T15:19:07.774000,e0:e5:cf:15:17:48,0,-52
2024-04-30T15:19:07.826000,e0:e5:cf:15:17:48,0,-56
2024-04-30T15:19:07.878000,e0:e5:cf:15:17:48,0,-53
2024-04-30T15:19:07.931000,e0:e5:cf:15:17:48,0,-51
2024-04-30T15:19:07.984000,e0:e5:cf:15:17:48,0,-52
2024-04-30T15:19:08.006000,65:5d:18:d5:0a:ee,1,-54
2024-04-30T15:19:08.039000,e0:e5:cf:15:17:48,0,-56
2024-04-30T15:19:08.098000,e0:e5:cf:15:17:48,0,-55
2024-04-30T15:19:08.148000,e0:e5:cf:15:17:48,0,-52
2024-04-30T15:19:08.205000,e0:e5:cf:15:17:48,0,-51
2024-04-30T15:19:08.293000,65:5d:18:d5:0a:ee,1,-68
2024-04-30T15:19:08.317000,e0:e5:cf:15:17:48,0,-53
2024-04-30T15:19:08.374000,e0:e5:cf:15:17:48,0,-53
2024-04-30T15:19:08.430000,e0:e5:cf:15:17:48,0,-56
2024-04-30T15:19:08.488000,e0:e5:cf:15:17:48,0,-56
2024-04-30T15:19:08.546000,e0:e5:cf:15:17:48,0,-55
2024-04-30T15:19:08.577000,65:5d:18:d5:0a:ee,1,-55
2024-04-30T15:19:08.604000,e0:e5:cf:15:17:48,0,-59
2024-04-30T15:19:08.656000,e0:e5:cf:15:17:48,0,-55
2024-04-30T15:19:08.766000,e0:e5:cf:15:17:48,0,-46
2024-04-30T15:19:08.817000,e0:e5:cf:15:17:48,0,-64
2024-04-30T15:19:08.868000,e0:e5:cf:15:17:48,0,-56
2024-04-30T15:19:08.979000,e0:e5:cf:15:17:48,0,-52
2024-04-30T15:19:09.089000,e0:e5:cf:15:17:48,0,-63
2024-04-30T15:19:09.139000,e0:e5:cf:15:17:48,0,-58
2024-04-30T15:19:09.152000,65:5d:18:d5:0a:ee,1,-56
2024-04-30T15:19:09.191000,e0:e5:cf:15:17:48,0,-47
2024-04-30T15:19:09.251000,e0:e5:cf:15:17:48,0,-47
2024-04-30T15:19:09.310000,e0:e5:cf:15:17:48,0,-46
2024-04-30T15:19:09.361000,e0:e5:cf:15:17:48,0,-60
2024-04-30T15:19:09.413000,e0:e5:cf:15:17:48,0,-60
2024-04-30T15:19:09.437000,65:5d:18:d5:0a:ee,1,-56
2024-04-30T15:19:09.468000,e0:e5:cf:15:17:48,0,-59
2024-04-30T15:19:09.574000,e0:e5:cf:15:17:48,0,-47
2024-04-30T15:19:09.623000,e0:e5:cf:15:17:48,0,-57
2024-04-30T15:19:09.679000,e0:e5:cf:15:17:48,0,-60
2024-04-30T15:19:09.723000,65:5d:18:d5:0a:ee,1,-55
2024-04-30T15:19:09.735000,e0:e5:cf:15:17:48,0,-61
2024-04-30T15:19:09.789000,e0:e5:cf:15:17:48,0,-48
2024-04-30T15:19:09.839000,e0:e5:cf:15:17:48,0,-64
2024-04-30T15:19:09.897000,e0:e5:cf:15:17:48,0,-65
2024-04-30T15:19:09.956000,e0:e5:cf:15:17:48,0,-61
2024-04-30T15:19:10.007000,e0:e5:cf:15:17:48,0,-62
2024-04-30T15:19:10.066000,e0:e5:cf:15:17:48,0,-58
2024-04-30T15:19:10.118000,e0:e5:cf:15:17:48,0,-50
2024-04-30T15:19:10.177000,e0:e5:cf:15:17:48,0,-50
2024-04-30T15:19:10.237000,e0:e5:cf:15:17:48,0,-51
2024-04-30T15:19:10.292000,65:5d:18:d5:0a:ee,1,-57
2024-04-30T15:19:10.346000,e0:e5:cf:15:17:48,0,-57
2024-04-30T15:19:10.401000,e0:e5:cf:15:17:48,0,-59
2024-04-30T15:19:10.565000,e0:e5:cf:15:17:48,0,-48
2024-04-30T15:19:10.578000,65:5d:18:d5:0a:ee,1,-59
2024-04-30T15:19:10.614000,e0:e5:cf:15:17:48,0,-60
2024-04-30T15:19:10.664000,e0:e5:cf:15:17:48,0,-58
2024-04-30T15:19:10.777000,e0:e5:cf:15:17:48,0,-52
2024-04-30T15:19:10.830000,e0:e5:cf:15:17:48,0,-64
2024-04-30T15:19:10.865000,65:5d:18:d5:0a:ee,1,-56
2024-04-30T15:19:10.884000,e0:e5:cf:15:17:48,0,-57
2024-04-30T15:19:10.944000,e0:e5:cf:15:17:48,0,-55
2024-04-30T15:19:10.998000,e0:e5:cf:15:17:48,0,-62
2024-04-30T15:19:11.054000,e0:e5:cf:15:17:48,0,-59
2024-04-30T15:19:11.111000,e0:e5:cf:15:17:48,0,-52
2024-04-30T15:19:11.153000,65:5d:18:d5:0a:ee,1,-56
2024-04-30T15:19:11.168000,e0:e5:cf:15:17:48,0,-51
2024-04-30T15:19:11.223000,e0:e5:cf:15:17:48,0,-51
2024-04-30T15:19:11.276000,e0:e5:cf:15:17:48,0,-62
2024-04-30T15:19:11.333000,e0:e5:cf:15:17:48,0,-62
2024-04-30T15:19:11.383000,e0:e5:cf:15:17:48,0,-57
2024-04-30T15:19:11.436000,e0:e5:cf:15:17:48,0,-48
2024-04-30T15:19:11.445000,65:5d:18:d5:0a:ee,1,-55
2024-04-30T15:19:11.486000,e0:e5:cf:15:17:48,0,-56
2024-04-30T15:19:11.544000,e0:e5:cf:15:17:48,0,-57
2024-04-30T15:19:11.603000,e0:e5:cf:15:17:48,0,-56
2024-04-30T15:19:11.654000,e0:e5:cf:15:17:48,0,-59
2024-04-30T15:19:11.707000,e0:e5:cf:15:17:48,0,-51
2024-04-30T15:19:11.725000,65:5d:18:d5:0a:ee,1,-55
2024-04-30T15:19:11.759000,e0:e5:cf:15:17:48,0,-63
2024-04-30T15:19:11.808000,e0:e5:cf:15:17:48,0,-60
2024-04-30T15:19:11.859000,e0:e5:cf:15:17:48,0,-52
2024-04-30T15:19:11.909000,e0:e5:cf:15:17:48,0,-63
2024-04-30T15:19:11.961000,e0:e5:cf:15:17:48,0,-61
2024-04-30T15:19:12.008000,65:5d:18:d5:0a:ee,1,-56
2024-04-30T15:19:12.015000,e0:e5:cf:15:17:48,0,-58
2024-04-30T15:19:12.073000,e0:e5:cf:15:17:48,0,-60
2024-04-30T15:19:12.243000,e0:e5:cf:15:17:48,0,-51
2024-04-30T15:19:12.296000,65:5d:18:d5:0a:ee,1,-55
2024-04-30T15:19:12.303000,e0:e5:cf:15:17:48,0,-51
2024-04-30T15:19:12.417000,e0:e5:cf:15:17:48,0,-63
2024-04-30T15:19:12.470000,e0:e5:cf:15:17:48,0,-60
2024-04-30T15:19:12.528000,e0:e5:cf:15:17:48,0,-58
2024-04-30T15:19:12.584000,e0:e5:cf:15:17:48,0,-57
2024-04-30T15:19:12.639000,e0:e5:cf:15:17:48,0,-51
2024-04-30T15:19:12.696000,e0:e5:cf:15:17:48,0,-51
2024-04-30T15:19:12.749000,e0:e5:cf:15:17:48,0,-62
2024-04-30T15:19:12.807000,e0:e5:cf:15:17:48,0,-62
2024-04-30T15:19:12.857000,e0:e5:cf:15:17:48,0,-59
2024-04-30T15:19:12.875000,65:5d:18:d5:0a:ee,1,-56
2024-04-30T15:19:12.913000,e0:e5:cf:15:17:48,0,-60
2024-04-30T15:19:12.973000,e0:e5:cf:15:17:48,0,-59
2024-04-30T15:19:13.085000,e0:e5:cf:15:17:48,0,-51
2024-04-30T15:19:13.145000,e0:e5:cf:15:17:48,0,-51
2024-04-30T15:19:13.162000,65:5d:18:d5:0a:ee,1,-57
2024-04-30T15:19:13.201000,e0:e5:cf:15:17:48,0,-63
2024-04-30T15:19:13.251000,e0:e5:cf:15:17:48,0,-59
2024-04-30T15:19:13.309000,e0:e5:cf:15:17:48,0,-58
2024-04-30T15:19:13.368000,e0:e5:cf:15:17:48,0,-59
2024-04-30T15:19:13.421000,e0:e5:cf:15:17:48,0,-52
2024-04-30T15:19:13.450000,65:5d:18:d5:0a:ee,1,-57
2024-04-30T15:19:13.479000,e0:e5:cf:15:17:48,0,-52
2024-04-30T15:19:13.531000,e0:e5:cf:15:17:48,0,-60
2024-04-30T15:19:13.585000,e0:e5:cf:15:17:48,0,-55
2024-04-30T15:19:13.639000,e0:e5:cf:15:17:48,0,-62
2024-04-30T15:19:13.694000,e0:e5:cf:15:17:48,0,-60
2024-04-30T15:19:13.731000,65:5d:18:d5:0a:ee,1,-56
2024-04-30T15:19:13.735000,65:5d:18:d5:0a:ee,1,-56
2024-04-30T15:19:13.749000,e0:e5:cf:15:17:48,0,-52
2024-04-30T15:19:13.799000,e0:e5:cf:15:17:48,0,-58
2024-04-30T15:19:13.848000,e0:e5:cf:15:17:48,0,-62
2024-04-30T15:19:13.904000,e0:e5:cf:15:17:48,0,-58
2024-04-30T15:19:14.013000,e0:e5:cf:15:17:48,0,-52
2024-04-30T15:19:14.022000,65:5d:18:d5:0a:ee,1,-59
2024-04-30T15:19:14.065000,e0:e5:cf:15:17:48,0,-53
2024-04-30T15:19:14.119000,e0:e5:cf:15:17:48,0,-62
2024-04-30T15:19:14.177000,e0:e5:cf:15:17:48,0,-63
2024-04-30T15:19:14.236000,e0:e5:cf:15:17:48,0,-60
2024-04-30T15:19:14.310000,65:5d:18:d5:0a:ee,1,-57
2024-04-30T15:19:14.348000,e0:e5:cf:15:17:48,0,-51
2024-04-30T15:19:14.406000,e0:e5:cf:15:17:48,0,-50
2024-04-30T15:19:14.459000,e0:e5:cf:15:17:48,0,-58
2024-04-30T15:19:14.518000,e0:e5:cf:15:17:48,0,-58
2024-04-30T15:19:14.568000,e0:e5:cf:15:17:48,0,-61
2024-04-30T15:19:14.592000,65:5d:18:d5:0a:ee,1,-56
2024-04-30T15:19:14.626000,e0:e5:cf:15:17:48,0,-58
2024-04-30T15:19:14.678000,e0:e5:cf:15:17:48,0,-51
2024-04-30T15:19:14.736000,e0:e5:cf:15:17:48,0,-50
2024-04-30T15:19:14.793000,e0:e5:cf:15:17:48,0,-51
2024-04-30T15:19:14.881000,65:5d:18:d5:0a:ee,1,-57
2024-04-30T15:19:14.885000,65:5d:18:d5:0a:ee,1,-60
2024-04-30T15:19:14.908000,e0:e5:cf:15:17:48,0,-55
2024-04-30T15:19:14.964000,e0:e5:cf:15:17:48,0,-53
2024-04-30T15:19:15.017000,e0:e5:cf:15:17:48,0,-62
2024-04-30T15:19:15.172000,65:5d:18:d5:0a:ee,1,-56
2024-04-30T15:19:15.181000,e0:e5:cf:15:17:48,0,-56
2024-04-30T15:19:15.236000,e0:e5:cf:15:17:48,0,-58
2024-04-30T15:19:15.289000,e0:e5:cf:15:17:48,0,-63
2024-04-30T15:19:15.343000,e0:e5:cf:15:17:48,0,-57
2024-04-30T15:19:15.453000,e0:e5:cf:15:17:48,0,-51
2024-04-30T15:19:15.463000,65:5d:18:d5:0a:ee,1,-62
2024-04-30T15:19:15.513000,e0:e5:cf:15:17:48,0,-51
2024-04-30T15:19:15.568000,e0:e5:cf:15:17:48,0,-59
2024-04-30T15:19:15.619000,e0:e5:cf:15:17:48,0,-63
2024-04-30T15:19:15.730000,e0:e5:cf:15:17:48,0,-51
2024-04-30T15:19:15.743000,65:5d:18:d5:0a:ee,1,-55
2024-04-30T15:19:15.780000,e0:e5:cf:15:17:48,0,-59
2024-04-30T15:19:15.833000,e0:e5:cf:15:17:48,0,-58
2024-04-30T15:19:15.887000,e0:e5:cf:15:17:48,0,-57
2024-04-30T15:19:15.938000,e0:e5:cf:15:17:48,0,-48
2024-04-30T15:19:13.450000,65:5d:18:d5:0a:ee,1,-57
