2024-04-10T15:20:54.302000,e0:e5:cf:15:17:48,0,-54
2024-04-10T15:20:54.613000,e0:e5:cf:15:17:48,0,-54
2024-04-10T15:20:54.622000,e0:e5:cf:15:17:48,0,-54
2024-04-10T15:20:54.631000,67:99:33:69:80:31,1,-53
2024-04-10T15:20:54.635000,e0:e5:cf:15:17:48,0,-53
2024-04-10T15:20:54.645000,e0:e5:cf:15:17:48,0,-53
2024-04-10T15:20:54.653000,e0:e5:cf:15:17:48,0,-49
2024-04-10T15:20:54.662000,e0:e5:cf:15:17:48,0,-48
2024-04-10T15:20:54.693000,e0:e5:cf:15:17:48,0,-60
2024-04-10T15:20:54.703000,67:99:33:69:80:31,1,-60
2024-04-10T15:20:54.750000,e0:e5:cf:15:17:48,0,-59
2024-04-10T15:20:54.807000,e0:e5:cf:15:17:48,0,-57
2024-04-10T15:20:54.866000,e0:e5:cf:15:17:48,0,-56
2024-04-10T15:20:54.916000,e0:e5:cf:15:17:48,0,-55
2024-04-10T15:20:54.971000,e0:e5:cf:15:17:48,0,-49
2024-04-10T15:20:54.994000,67:99:33:69:80:31,1,-55
2024-04-10T15:20:55.023000,e0:e5:cf:15:17:48,0,-58
2024-04-10T15:20:55.077000,e0:e5:cf:15:17:48,0,-58
2024-04-10T15:20:55.128000,e0:e5:cf:15:17:48,0,-56
2024-04-10T15:20:55.177000,e0:e5:cf:15:17:48,0,-48
2024-04-10T15:20:55.281000,67:99:33:69:80:31,1,-53
2024-04-10T15:20:55.291000,e0:e5:cf:15:17:48,0,-58
2024-04-10T15:20:55.350000,e0:e5:cf:15:17:48,0,-59
2024-04-10T15:20:55.403000,e0:e5:cf:15:17:48,0,-55
2024-04-10T15:20:55.460000,e0:e5:cf:15:17:48,0,-54
2024-04-10T15:20:55.520000,e0:e5:cf:15:17:48,0,-54
2024-04-10T15:20:55.565000,67:99:33:69:80:31,1,-61
2024-04-10T15:20:55.576000,e0:e5:cf:15:17:48,0,-55
2024-04-10T15:20:55.633000,e0:e5:cf:15:17:48,0,-50
2024-04-10T15:20:55.689000,e0:e5:cf:15:17:48,0,-50
2024-04-10T15:20:55.745000,e0:e5:cf:15:17:48,0,-48
2024-04-10T15:20:55.804000,e0:e5:cf:15:17:48,0,-59
2024-04-10T15:20:55.851000,67:99:33:69:80:31,1,-54
2024-04-10T15:20:55.855000,e0:e5:cf:15:17:48,0,-59
2024-04-10T15:20:55.910000,e0:e5:cf:15:17:48,0,-56
2024-04-10T15:20:55.966000,e0:e5:cf:15:17:48,0,-56
2024-04-10T15:20:56.016000,e0:e5:cf:15:17:48,0,-48
2024-04-10T15:20:56.075000,e0:e5:cf:15:17:48,0,-50
2024-04-10T15:20:56.134000,e0:e5:cf:15:17:48,0,-60
2024-04-10T15:20:56.144000,67:99:33:69:80:31,1,-61
2024-04-10T15:20:56.188000,e0:e5:cf:15:17:48,0,-61
2024-04-10T15:20:56.242000,e0:e5:cf:15:17:48,0,-56
2024-04-10T15:20:56.302000,e0:e5:cf:15:17:48,0,-57
2024-04-10T15:20:56.360000,e0:e5:cf:15:17:48,0,-57
2024-04-10T15:20:56.419000,e0:e5:cf:15:17:48,0,-56
2024-04-10T15:20:56.429000,67:99:33:69:80:31,1,-53
2024-04-10T15:20:56.475000,e0:e5:cf:15:17:48,0,-56
2024-04-10T15:20:56.533000,e0:e5:cf:15:17:48,0,-47
2024-04-10T15:20:56.589000,e0:e5:cf:15:17:48,0,-47
2024-04-10T15:20:56.648000,e0:e5:cf:15:17:48,0,-48
2024-04-10T15:20:56.701000,e0:e5:cf:15:17:48,0,-61
2024-04-10T15:20:56.755000,e0:e5:cf:15:17:48,0,-60
2024-04-10T15:20:56.810000,e0:e5:cf:15:17:48,0,-56
2024-04-10T15:20:56.867000,e0:e5:cf:15:17:48,0,-56
2024-04-10T15:20:56.923000,e0:e5:cf:15:17:48,0,-48
2024-04-10T15:20:56.983000,e0:e5:cf:15:17:48,0,-48
2024-04-10T15:20:56.992000,67:99:33:69:80:31,1,-53
2024-04-10T15:20:57.150000,e0:e5:cf:15:17:48,0,-61
2024-04-10T15:20:57.207000,e0:e5:cf:15:17:48,0,-61
2024-04-10T15:20:57.260000,e0:e5:cf:15:17:48,0,-56
2024-04-10T15:20:57.279000,67:99:33:69:80:31,1,-59
2024-04-10T15:20:57.315000,e0:e5:cf:15:17:48,0,-56
2024-04-10T15:20:57.374000,e0:e5:cf:15:17:48,0,-49
2024-04-10T15:20:57.429000,e0:e5:cf:15:17:48,0,-48
2024-04-10T15:20:57.488000,e0:e5:cf:15:17:48,0,-47
2024-04-10T15:20:57.540000,e0:e5:cf:15:17:48,0,-61
2024-04-10T15:20:57.564000,67:99:33:69:80:31,1,-53
2024-04-10T15:20:57.598000,e0:e5:cf:15:17:48,0,-61
2024-04-10T15:20:57.652000,e0:e5:cf:15:17:48,0,-56
2024-04-10T15:20:57.703000,e0:e5:cf:15:17:48,0,-47
2024-04-10T15:20:57.758000,e0:e5:cf:15:17:48,0,-50
2024-04-10T15:20:57.812000,e0:e5:cf:15:17:48,0,-61
2024-04-10T15:20:57.850000,67:99:33:69:80:31,1,-60
2024-04-10T15:20:57.863000,e0:e5:cf:15:17:48,0,-56
2024-04-10T15:20:57.917000,e0:e5:cf:15:17:48,0,-56
2024-04-10T15:20:57.970000,e0:e5:cf:15:17:48,0,-47
2024-04-10T15:20:58.028000,e0:e5:cf:15:17:48,0,-50
2024-04-10T15:20:58.080000,e0:e5:cf:15:17:48,0,-61
2024-04-10T15:20:58.134000,67:99:33:69:80:31,1,-54
2024-04-10T15:20:58.138000,e0:e5:cf:15:17:48,0,-61
2024-04-10T15:20:58.185000,e0:e5:cf:15:17:48,0,-56
2024-04-10T15:20:58.245000,e0:e5:cf:15:17:48,0,-56
2024-04-10T15:20:58.300000,e0:e5:cf:15:17:48,0,-49
2024-04-10T15:20:58.352000,e0:e5:cf:15:17:48,0,-61
2024-04-10T15:20:58.402000,e0:e5:cf:15:17:48,0,-56
2024-04-10T15:20:58.417000,67:99:33:69:80:31,1,-62
2024-04-10T15:20:58.460000,e0:e5:cf:15:17:48,0,-56
2024-04-10T15:20:58.518000,e0:e5:cf:15:17:48,0,-56
2024-04-10T15:20:58.577000,e0:e5:cf:15:17:48,0,-56
2024-04-10T15:20:58.629000,e0:e5:cf:15:17:48,0,-47
2024-04-10T15:20:58.689000,e0:e5:cf:15:17:48,0,-47
2024-04-10T15:20:58.707000,67:99:33:69:80:31,1,-55
2024-04-10T15:20:58.745000,e0:e5:cf:15:17:48,0,-48
2024-04-10T15:20:58.799000,e0:e5:cf:15:17:48,0,-61
2024-04-10T15:20:58.857000,e0:e5:cf:15:17:48,0,-61
2024-04-10T15:20:58.908000,e0:e5:cf:15:17:48,0,-56
2024-04-10T15:20:58.968000,e0:e5:cf:15:17:48,0,-56
2024-04-10T15:20:58.996000,67:99:33:69:80:31,1,-54
2024-04-10T15:20:59.020000,e0:e5:cf:15:17:48,0,-48
2024-04-10T15:20:59.127000,e0:e5:cf:15:17:48,0,-62
2024-04-10T15:20:59.181000,e0:e5:cf:15:17:48,0,-55
2024-04-10T15:20:59.239000,e0:e5:cf:15:17:48,0,-55
2024-04-10T15:20:59.280000,67:99:33:69:80:31,1,-54
2024-04-10T15:20:59.299000,e0:e5:cf:15:17:48,0,-55
2024-04-10T15:20:59.352000,e0:e5:cf:15:17:48,0,-48
2024-04-10T15:20:59.410000,e0:e5:cf:15:17:48,0,-47
2024-04-10T15:20:59.462000,e0:e5:cf:15:17:48,0,-62
2024-04-10T15:20:59.513000,e0:e5:cf:15:17:48,0,-55
2024-04-10T15:20:59.570000,67:99:33:69:80:31,1,-54
2024-04-10T15:20:59.630000,e0:e5:cf:15:17:48,0,-55
2024-04-10T15:20:59.681000,e0:e5:cf:15:17:48,0,-48
2024-04-10T15:20:59.735000,e0:e5:cf:15:17:48,0,-47
2024-04-10T15:20:59.850000,e0:e5:cf:15:17:48,0,-61
2024-04-10T15:20:59.867000,67:99:33:69:80:31,1,-59
2024-04-10T15:20:59.910000,e0:e5:cf:15:17:48,0,-61
2024-04-10T15:20:59.960000,e0:e5:cf:15:17:48,0,-55
2024-04-10T15:21:00.019000,e0:e5:cf:15:17:48,0,-55
2024-04-10T15:21:00.071000,e0:e5:cf:15:17:48,0,-47
2024-04-10T15:21:00.125000,e0:e5:cf:15:17:48,0,-50
2024-04-10T15:21:00.152000,67:99:33:69:80:31,1,-54
2024-04-10T15:21:00.180000,e0:e5:cf:15:17:48,0,-62
2024-04-10T15:21:00.234000,e0:e5:cf:15:17:48,0,-55
2024-04-10T15:21:00.292000,e0:e5:cf:15:17:48,0,-55
2024-04-10T15:21:00.351000,e0:e5:cf:15:17:48,0,-55
2024-04-10T15:21:00.404000,e0:e5:cf:15:17:48,0,-47
2024-04-10T15:21:00.430000,67:99:33:69:80:31,1,-60
2024-04-10T15:21:00.507000,e0:e5:cf:15:17:48,0,-62
2024-04-10T15:21:00.564000,e0:e5:cf:15:17:48,0,-55
2024-04-10T15:21:00.616000,e0:e5:cf:15:17:48,0,-55
2024-04-10T15:21:00.673000,e0:e5:cf:15:17:48,0,-47
2024-04-10T15:21:00.712000,67:99:33:69:80:31,1,-54
2024-04-10T15:21:00.730000,e0:e5:cf:15:17:48,0,-47
2024-04-10T15:21:00.789000,e0:e5:cf:15:17:48,0,-48
2024-04-10T15:21:00.842000,e0:e5:cf:15:17:48,0,-61
2024-04-10T15:21:00.896000,e0:e5:cf:15:17:48,0,-61
2024-04-10T15:21:00.954000,e0:e5:cf:15:17:48,0,-55
2024-04-10T15:21:00.997000,67:99:33:69:80:31,1,-62
2024-04-10T15:21:01.012000,e0:e5:cf:15:17:48,0,-55
2024-04-10T15:21:01.069000,e0:e5:cf:15:17:48,0,-56
2024-04-10T15:21:01.119000,e0:e5:cf:15:17:48,0,-48
2024-04-10T15:21:01.178000,e0:e5:cf:15:17:48,0,-50
2024-04-10T15:21:01.230000,e0:e5:cf:15:17:48,0,-61
2024-04-10T15:21:01.282000,e0:e5:cf:15:17:48,0,-55
2024-04-10T15:21:01.331000,e0:e5:cf:15:17:48,0,-47
2024-04-10T15:21:01.383000,e0:e5:cf:15:17:48,0,-60
2024-04-10T15:21:01.439000,e0:e5:cf:15:17:48,0,-59
2024-04-10T15:21:01.489000,e0:e5:cf:15:17:48,0,-55
2024-04-10T15:21:01.544000,e0:e5:cf:15:17:48,0,-50
2024-04-10T15:21:01.570000,67:99:33:69:80:31,1,-60
2024-04-10T15:21:01.595000,e0:e5:cf:15:17:48,0,-48
2024-04-10T15:21:01.649000,e0:e5:cf:15:17:48,0,-62
2024-04-10T15:21:01.709000,e0:e5:cf:15:17:48,0,-61
2024-04-10T15:21:01.760000,e0:e5:cf:15:17:48,0,-54
2024-04-10T15:21:01.814000,e0:e5:cf:15:17:48,0,-49
2024-04-10T15:21:01.856000,67:99:33:69:80:31,1,-53
2024-04-10T15:21:01.873000,e0:e5:cf:15:17:48,0,-50
2024-04-10T15:21:01.932000,e0:e5:cf:15:17:48,0,-50
2024-04-10T15:21:01.984000,e0:e5:cf:15:17:48,0,-64
2024-04-10T15:21:02.043000,e0:e5:cf:15:17:48,0,-63
2024-04-10T15:21:02.092000,e0:e5:cf:15:17:48,0,-53
2024-04-10T15:21:02.146000,67:99:33:69:80:31,1,-53
2024-04-10T15:21:02.153000,e0:e5:cf:15:17:48,0,-54
2024-04-10T15:21:02.202000,e0:e5:cf:15:17:48,0,-50
2024-04-10T15:21:02.260000,e0:e5:cf:15:17:48,0,-50
2024-04-10T15:21:02.312000,e0:e5:cf:15:17:48,0,-63
2024-04-10T15:21:02.366000,e0:e5:cf:15:17:48,0,-61
2024-04-10T15:21:02.419000,e0:e5:cf:15:17:48,0,-54
2024-04-10T15:21:02.470000,e0:e5:cf:15:17:48,0,-50
2024-04-10T15:21:02.522000,e0:e5:cf:15:17:48,0,-60
2024-04-10T15:21:02.577000,e0:e5:cf:15:17:48,0,-62
2024-04-10T15:21:02.634000,e0:e5:cf:15:17:48,0,-54
2024-04-10T15:21:02.687000,e0:e5:cf:15:17:48,0,-54
2024-04-10T15:21:02.714000,67:99:33:69:80:31,1,-66
2024-04-10T15:21:02.747000,e0:e5:cf:15:17:48,0,-54
2024-04-10T15:21:02.797000,e0:e5:cf:15:17:48,0,-50
2024-04-10T15:21:02.911000,e0:e5:cf:15:17:48,0,-64
2024-04-10T15:21:02.962000,e0:e5:cf:15:17:48,0,-54
2024-04-10T15:21:02.999000,67:99:33:69:80:31,1,-56
2024-04-10T15:21:03.019000,e0:e5:cf:15:17:48,0,-54
2024-04-10T15:21:03.079000,e0:e5:cf:15:17:48,0,-54
2024-04-10T15:21:03.129000,e0:e5:cf:15:17:48,0,-50
2024-04-10T15:21:03.182000,e0:e5:cf:15:17:48,0,-63
2024-04-10T15:21:03.234000,e0:e5:cf:15:17:48,0,-54
2024-04-10T15:21:03.286000,67:99:33:69:80:31,1,-55
2024-04-10T15:21:03.294000,e0:e5:cf:15:17:48,0,-54
2024-04-10T15:21:03.353000,e0:e5:cf:15:17:48,0,-54
2024-04-10T15:21:03.409000,e0:e5:cf:15:17:48,0,-55
2024-04-10T15:21:03.467000,e0:e5:cf:15:17:48,0,-55
2024-04-10T15:21:03.526000,e0:e5:cf:15:17:48,0,-55
2024-04-10T15:21:03.577000,e0:e5:cf:15:17:48,0,-50
2024-04-10T15:21:03.631000,e0:e5:cf:15:17:48,0,-61
2024-04-10T15:21:03.687000,e0:e5:cf:15:17:48,0,-60
2024-04-10T15:21:03.737000,e0:e5:cf:15:17:48,0,-55
2024-04-10T15:21:03.792000,e0:e5:cf:15:17:48,0,-48
2024-04-10T15:21:03.851000,e0:e5:cf:15:17:48,0,-47
2024-04-10T15:21:03.861000,67:99:33:69:80:31,1,-53
2024-04-10T15:21:03.903000,e0:e5:cf:15:17:48,0,-60
2024-04-10T15:21:03.955000,e0:e5:cf:15:17:48,0,-60
2024-04-10T15:21:04.015000,e0:e5:cf:15:17:48,0,-61
2024-04-10T15:21:04.072000,e0:e5:cf:15:17:48,0,-55
2024-04-10T15:21:04.132000,e0:e5:cf:15:17:48,0,-55
2024-04-10T15:21:04.185000,e0:e5:cf:15:17:48,0,-55
2024-04-10T15:21:04.242000,e0:e5:cf:15:17:48,0,-47
2024-04-10T15:21:04.297000,e0:e5:cf:15:17:48,0,-48
2024-04-10T15:21:04.355000,e0:e5:cf:15:17:48,0,-50
2024-04-10T15:21:04.407000,e0:e5:cf:15:17:48,0,-61
2024-04-10T15:21:04.426000,67:99:33:69:80:31,1,-54
2024-04-10T15:21:04.467000,e0:e5:cf:15:17:48,0,-61
2024-04-10T15:21:04.522000,e0:e5:cf:15:17:48,0,-55
2024-04-10T15:21:04.582000,e0:e5:cf:15:17:48,0,-54
2024-04-10T15:21:04.634000,e0:e5:cf:15:17:48,0,-47
2024-04-10T15:21:04.689000,e0:e5:cf:15:17:48,0,-47
2024-04-10T15:21:04.744000,e0:e5:cf:15:17:48,0,-60
2024-04-10T15:21:04.795000,e0:e5:cf:15:17:48,0,-60
2024-04-10T15:21:04.850000,e0:e5:cf:15:17:48,0,-55
2024-04-10T15:21:04.900000,e0:e5:cf:15:17:48,0,-48
2024-04-10T15:21:04.999000,67:99:33:69:80:31,1,-53
2024-04-10T15:21:05.010000,e0:e5:cf:15:17:48,0,-58
2024-04-10T15:21:05.064000,e0:e5:cf:15:17:48,0,-55
2024-04-10T15:21:05.124000,e0:e5:cf:15:17:48,0,-55
2024-04-10T15:21:05.176000,e0:e5:cf:15:17:48,0,-54
2024-04-10T15:21:05.236000,e0:e5:cf:15:17:48,0,-54
2024-04-10T15:21:05.291000,e0:e5:cf:15:17:48,0,-50
2024-04-10T15:21:05.396000,e0:e5:cf:15:17:48,0,-59
2024-04-10T15:21:05.450000,e0:e5:cf:15:17:48,0,-56
2024-04-10T15:21:05.502000,e0:e5:cf:15:17:48,0,-48
2024-04-10T15:21:05.560000,e0:e5:cf:15:17:48,0,-51
2024-04-10T15:21:05.573000,67:99:33:69:80:31,1,-53
2024-04-10T15:21:05.614000,e0:e5:cf:15:17:48,0,-59
2024-04-10T15:21:05.669000,e0:e5:cf:15:17:48,0,-59
2024-04-10T15:21:05.717000,e0:e5:cf:15:17:48,0,-54
2024-04-10T15:21:05.770000,e0:e5:cf:15:17:48,0,-50
2024-04-10T15:21:05.830000,e0:e5:cf:15:17:48,0,-48
2024-04-10T15:21:05.863000,67:99:33:69:80:31,1,-61
2024-04-10T15:21:05.884000,e0:e5:cf:15:17:48,0,-59
2024-04-10T15:21:05.939000,e0:e5:cf:15:17:48,0,-57
2024-04-10T15:21:05.993000,e0:e5:cf:15:17:48,0,-55
2024-04-10T15:21:06.047000,e0:e5:cf:15:17:48,0,-55
2024-04-10T15:21:06.101000,e0:e5:cf:15:17:48,0,-49
2024-04-10T15:21:06.148000,67:99:33:69:80:31,1,-56
2024-04-10T15:21:06.159000,e0:e5:cf:15:17:48,0,-48
2024-04-10T15:21:06.214000,e0:e5:cf:15:17:48,0,-59
2024-04-10T15:21:06.271000,e0:e5:cf:15:17:48,0,-59
2024-04-10T15:21:06.323000,e0:e5:cf:15:17:48,0,-54
2024-04-10T15:21:06.379000,e0:e5:cf:15:17:48,0,-54
2024-04-10T15:21:06.429000,67:99:33:69:80:31,1,-61
2024-04-10T15:21:06.433000,e0:e5:cf:15:17:48,0,-48
2024-04-10T15:21:06.487000,e0:e5:cf:15:17:48,0,-48
2024-04-10T15:21:06.540000,e0:e5:cf:15:17:48,0,-59
2024-04-10T15:21:06.589000,e0:e5:cf:15:17:48,0,-55
2024-04-10T15:21:06.643000,e0:e5:cf:15:17:48,0,-48
2024-04-10T15:21:06.695000,e0:e5:cf:15:17:48,0,-48
2024-04-10T15:21:06.720000,67:99:33:69:80:31,1,-56
2024-04-10T15:21:06.750000,e0:e5:cf:15:17:48,0,-58
2024-04-10T15:21:06.809000,e0:e5:cf:15:17:48,0,-59
2024-04-10T15:21:06.861000,e0:e5:cf:15:17:48,0,-54
2024-04-10T15:21:06.921000,e0:e5:cf:15:17:48,0,-54
2024-04-10T15:21:06.979000,e0:e5:cf:15:17:48,0,-54
2024-04-10T15:21:07.010000,67:99:33:69:80:31,1,-53
2024-04-10T15:21:07.032000,e0:e5:cf:15:17:48,0,-50
2024-04-10T15:21:07.089000,e0:e5:cf:15:17:48,0,-47
2024-04-10T15:21:07.148000,e0:e5:cf:15:17:48,0,-51
2024-04-10T15:21:07.257000,e0:e5:cf:15:17:48,0,-59
2024-04-10T15:21:07.296000,67:99:33:69:80:31,1,-60
2024-04-10T15:21:07.317000,e0:e5:cf:15:17:48,0,-59
2024-04-10T15:21:07.369000,e0:e5:cf:15:17:48,0,-55
2024-04-10T15:21:07.428000,e0:e5:cf:15:17:48,0,-54
2024-04-10T15:21:07.484000,e0:e5:cf:15:17:48,0,-48
2024-04-10T15:21:07.539000,e0:e5:cf:15:17:48,0,-50
2024-04-10T15:21:07.581000,67:99:33:69:80:31,1,-53
2024-04-10T15:21:07.591000,e0:e5:cf:15:17:48,0,-59
2024-04-10T15:21:07.644000,e0:e5:cf:15:17:48,0,-54
2024-04-10T15:21:07.704000,e0:e5:cf:15:17:48,0,-54
2024-04-10T15:21:07.761000,e0:e5:cf:15:17:48,0,-54
2024-04-10T15:21:07.816000,e0:e5:cf:15:17:48,0,-54
2024-04-10T15:21:07.866000,67:99:33:69:80:31,1,-61
2024-04-10T15:21:07.923000,e0:e5:cf:15:17:48,0,-59
2024-04-10T15:21:07.974000,e0:e5:cf:15:17:48,0,-54
2024-04-10T15:21:08.028000,e0:e5:cf:15:17:48,0,-54
2024-04-10T15:21:08.086000,e0:e5:cf:15:17:48,0,-54
2024-04-10T15:21:08.139000,e0:e5:cf:15:17:48,0,-50
2024-04-10T15:21:08.159000,67:99:33:69:80:31,1,-55
2024-04-10T15:21:08.254000,e0:e5:cf:15:17:48,0,-59
2024-04-10T15:21:08.311000,e0:e5:cf:15:17:48,0,-58
2024-04-10T15:21:08.370000,e0:e5:cf:15:17:48,0,-59
2024-04-10T15:21:08.429000,e0:e5:cf:15:17:48,0,-59
2024-04-10T15:21:08.444000,67:99:33:69:80:31,1,-60
2024-04-10T15:21:08.486000,e0:e5:cf:15:17:48,0,-59
2024-04-10T15:21:08.542000,e0:e5:cf:15:17:48,0,-54
2024-04-10T15:21:08.594000,e0:e5:cf:15:17:48,0,-49
2024-04-10T15:21:08.651000,e0:e5:cf:15:17:48,0,-47
2024-04-10T15:21:08.703000,e0:e5:cf:15:17:48,0,-58
2024-04-10T15:21:08.734000,67:99:33:69:80:31,1,-55
2024-04-10T15:21:08.761000,e0:e5:cf:15:17:48,0,-62
2024-04-10T15:21:08.820000,e0:e5:cf:15:17:48,0,-59
2024-04-10T15:21:08.870000,e0:e5:cf:15:17:48,0,-55
2024-04-10T15:21:08.919000,e0:e5:cf:15:17:48,0,-51
2024-04-10T15:21:08.972000,e0:e5:cf:15:17:48,0,-58
2024-04-10T15:21:09.020000,67:99:33:69:80:31,1,-54
2024-04-10T15:21:09.026000,e0:e5:cf:15:17:48,0,-54
2024-04-10T15:21:09.081000,e0:e5:cf:15:17:48,0,-54
2024-04-10T15:21:09.133000,e0:e5:cf:15:17:48,0,-50
2024-04-10T15:21:09.187000,e0:e5:cf:15:17:48,0,-48
2024-04-10T15:21:09.246000,e0:e5:cf:15:17:48,0,-48
2024-04-10T15:21:09.304000,e0:e5:cf:15:17:48,0,-59
2024-04-10T15:21:09.362000,e0:e5:cf:15:17:48,0,-58
2024-04-10T15:21:09.411000,e0:e5:cf:15:17:48,0,-54
2024-04-10T15:21:09.463000,e0:e5:cf:15:17:48,0,-48
2024-04-10T15:21:09.523000,e0:e5:cf:15:17:48,0,-48
2024-04-10T15:21:09.583000,e0:e5:cf:15:17:48,0,-49
2024-04-10T15:21:09.597000,67:99:33:69:80:31,1,-55
2024-04-10T15:21:09.642000,e0:e5:cf:15:17:48,0,-48
2024-04-10T15:21:09.701000,e0:e5:cf:15:17:48,0,-48
2024-04-10T15:21:09.754000,e0:e5:cf:15:17:48,0,-58
2024-04-10T15:21:09.808000,e0:e5:cf:15:17:48,0,-59
2024-04-10T15:21:09.866000,e0:e5:cf:15:17:48,0,-59
2024-04-10T15:21:09.884000,67:99:33:69:80:31,1,-61
2024-04-10T15:21:09.921000,e0:e5:cf:15:17:48,0,-54
2024-04-10T15:21:09.979000,e0:e5:cf:15:17:48,0,-54
2024-04-10T15:21:10.038000,e0:e5:cf:15:17:48,0,-54
2024-04-10T15:21:10.096000,e0:e5:cf:15:17:48,0,-48
2024-04-10T15:21:10.170000,67:99:33:69:80:31,1,-55
2024-04-10T15:21:10.201000,e0:e5:cf:15:17:48,0,-59
2024-04-10T15:21:10.251000,e0:e5:cf:15:17:48,0,-55
2024-04-10T15:21:10.309000,e0:e5:cf:15:17:48,0,-54
2024-04-10T15:21:10.362000,e0:e5:cf:15:17:48,0,-48
2024-04-10T15:21:10.419000,e0:e5:cf:15:17:48,0,-50
2024-04-10T15:21:10.458000,67:99:33:69:80:31,1,-54
2024-04-10T15:21:10.471000,e0:e5:cf:15:17:48,0,-59
2024-04-10T15:21:10.523000,e0:e5:cf:15:17:48,0,-54
2024-04-10T15:21:10.583000,e0:e5:cf:15:17:48,0,-54
2024-04-10T15:21:10.632000,e0:e5:cf:15:17:48,0,-50
2024-04-10T15:21:10.690000,e0:e5:cf:15:17:48,0,-48
2024-04-10T15:21:10.792000,e0:e5:cf:15:17:48,0,-55
2024-04-10T15:21:10.849000,e0:e5:cf:15:17:48,0,-54
2024-04-10T15:21:10.906000,e0:e5:cf:15:17:48,0,-54
2024-04-10T15:21:10.959000,e0:e5:cf:15:17:48,0,-51
2024-04-10T15:21:11.029000,67:99:33:69:80:31,1,-54
2024-04-10T15:21:11.069000,e0:e5:cf:15:17:48,0,-59
2024-04-10T15:21:11.121000,e0:e5:cf:15:17:48,0,-54
2024-04-10T15:21:11.171000,e0:e5:cf:15:17:48,0,-50
2024-04-10T15:21:11.283000,e0:e5:cf:15:17:48,0,-58
2024-04-10T15:21:11.342000,e0:e5:cf:15:17:48,0,-59
2024-04-10T15:21:11.395000,e0:e5:cf:15:17:48,0,-55
2024-04-10T15:21:11.450000,e0:e5:cf:15:17:48,0,-54
2024-04-10T15:21:11.507000,e0:e5:cf:15:17:48,0,-54
2024-04-10T15:21:11.560000,e0:e5:cf:15:17:48,0,-50
2024-04-10T15:21:11.600000,67:99:33:69:80:31,1,-54
2024-04-10T15:21:11.620000,e0:e5:cf:15:17:48,0,-48
2024-04-10T15:21:11.673000,e0:e5:cf:15:17:48,0,-59
2024-04-10T15:21:11.725000,e0:e5:cf:15:17:48,0,-54
2024-04-10T15:21:11.784000,e0:e5:cf:15:17:48,0,-55
2024-04-10T15:21:11.834000,e0:e5:cf:15:17:48,0,-50
2024-04-10T15:21:11.894000,e0:e5:cf:15:17:48,0,-48
2024-04-10T15:21:11.948000,e0:e5:cf:15:17:48,0,-48
2024-04-10T15:21:12.059000,e0:e5:cf:15:17:48,0,-59
2024-04-10T15:21:12.113000,e0:e5:cf:15:17:48,0,-55
2024-04-10T15:21:12.164000,67:99:33:69:80:31,1,-60
2024-04-10T15:21:12.172000,e0:e5:cf:15:17:48,0,-54
2024-04-10T15:21:12.223000,e0:e5:cf:15:17:48,0,-48
2024-04-10T15:21:12.277000,e0:e5:cf:15:17:48,0,-50
2024-04-10T15:21:12.329000,e0:e5:cf:15:17:48,0,-59
2024-04-10T15:21:12.381000,e0:e5:cf:15:17:48,0,-54
2024-04-10T15:21:12.437000,e0:e5:cf:15:17:48,0,-54
2024-04-10T15:21:12.453000,67:99:33:69:80:31,1,-55
2024-04-10T15:21:12.489000,e0:e5:cf:15:17:48,0,-48
2024-04-10T15:21:12.547000,e0:e5:cf:15:17:48,0,-50
2024-04-10T15:21:12.601000,e0:e5:cf:15:17:48,0,-58
2024-04-10T15:21:12.658000,e0:e5:cf:15:17:48,0,-59
2024-04-10T15:21:12.718000,e0:e5:cf:15:17:48,0,-59
2024-04-10T15:21:12.734000,67:99:33:69:80:31,1,-61
2024-04-10T15:21:12.776000,e0:e5:cf:15:17:48,0,-59
2024-04-10T15:21:12.835000,e0:e5:cf:15:17:48,0,-54
2024-04-10T15:21:12.893000,e0:e5:cf:15:17:48,0,-54
2024-04-10T15:21:12.943000,e0:e5:cf:15:17:48,0,-48
2024-04-10T15:21:12.999000,e0:e5:cf:15:17:48,0,-51
2024-04-10T15:21:13.051000,e0:e5:cf:15:17:48,0,-59
2024-04-10T15:21:13.108000,e0:e5:cf:15:17:48,0,-59
2024-04-10T15:21:13.168000,e0:e5:cf:15:17:48,0,-59
2024-04-10T15:21:13.218000,e0:e5:cf:15:17:48,0,-54
2024-04-10T15:21:13.271000,e0:e5:cf:15:17:48,0,-48
2024-04-10T15:21:13.316000,67:99:33:69:80:31,1,-55
2024-04-10T15:21:13.330000,e0:e5:cf:15:17:48,0,-49
2024-04-10T15:21:13.390000,e0:e5:cf:15:17:48,0,-48
2024-04-10T15:21:13.562000,e0:e5:cf:15:17:48,0,-58
2024-04-10T15:21:13.600000,67:99:33:69:80:31,1,-60
2024-04-10T15:21:13.621000,e0:e5:cf:15:17:48,0,-59
2024-04-10T15:21:13.678000,e0:e5:cf:15:17:48,0,-58
2024-04-10T15:21:13.731000,e0:e5:cf:15:17:48,0,-54
2024-04-10T15:21:13.783000,e0:e5:cf:15:17:48,0,-48
2024-04-10T15:21:13.840000,e0:e5:cf:15:17:48,0,-50
2024-04-10T15:21:13.883000,67:99:33:69:80:31,1,-54
2024-04-10T15:21:13.953000,e0:e5:cf:15:17:48,0,-58
2024-04-10T15:21:14.010000,e0:e5:cf:15:17:48,0,-59
2024-04-10T15:21:14.070000,e0:e5:cf:15:17:48,0,-59
2024-04-10T15:21:14.126000,e0:e5:cf:15:17:48,0,-58
2024-04-10T15:21:14.184000,e0:e5:cf:15:17:48,0,-54
2024-04-10T15:21:14.240000,e0:e5:cf:15:17:48,0,-54
2024-04-10T15:21:14.293000,e0:e5:cf:15:17:48,0,-48
2024-04-10T15:21:14.345000,e0:e5:cf:15:17:48,0,-59
2024-04-10T15:21:14.402000,e0:e5:cf:15:17:48,0,-59
2024-04-10T15:21:14.451000,67:99:33:69:80:31,1,-54
2024-04-10T15:21:14.457000,e0:e5:cf:15:17:48,0,-60
2024-04-10T15:21:14.508000,e0:e5:cf:15:17:48,0,-54
2024-04-10T15:21:14.559000,e0:e5:cf:15:17:48,0,-50
2024-04-10T15:21:14.618000,e0:e5:cf:15:17:48,0,-49
2024-04-10T15:21:14.672000,e0:e5:cf:15:17:48,0,-59
2024-04-10T15:21:14.727000,e0:e5:cf:15:17:48,0,-60
2024-04-10T15:21:14.740000,67:99:33:69:80:31,1,-61
2024-04-10T15:21:14.787000,e0:e5:cf:15:17:48,0,-58
2024-04-10T15:21:14.842000,e0:e5:cf:15:17:48,0,-54
2024-04-10T15:21:14.892000,e0:e5:cf:15:17:48,0,-48
2024-04-10T15:21:14.949000,e0:e5:cf:15:17:48,0,-50
2024-04-10T15:21:15.033000,67:99:33:69:80:31,1,-55
2024-04-10T15:21:15.063000,e0:e5:cf:15:17:48,0,-59
2024-04-10T15:21:15.113000,e0:e5:cf:15:17:48,0,-55
2024-04-10T15:21:15.167000,e0:e5:cf:15:17:48,0,-55
2024-04-10T15:21:15.223000,e0:e5:cf:15:17:48,0,-51
2024-04-10T15:21:15.283000,e0:e5:cf:15:17:48,0,-50
2024-04-10T15:21:15.319000,67:99:33:69:80:31,1,-54
2024-04-10T15:21:15.337000,e0:e5:cf:15:17:48,0,-48
2024-04-10T15:21:15.395000,e0:e5:cf:15:17:48,0,-58
2024-04-10T15:21:15.452000,e0:e5:cf:15:17:48,0,-59
2024-04-10T15:21:15.507000,e0:e5:cf:15:17:48,0,-59
2024-04-10T15:21:15.555000,e0:e5:cf:15:17:48,0,-51
2024-04-10T15:21:15.607000,e0:e5:cf:15:17:48,0,-47
2024-04-10T15:21:15.718000,e0:e5:cf:15:17:48,0,-59
2024-04-10T15:21:15.774000,e0:e5:cf:15:17:48,0,-55
2024-04-10T15:21:15.833000,e0:e5:cf:15:17:48,0,-55
2024-04-10T15:21:15.887000,e0:e5:cf:15:17:48,0,-54
2024-04-10T15:21:15.900000,67:99:33:69:80:31,1,-54
2024-04-10T15:21:15.947000,e0:e5:cf:15:17:48,0,-54
2024-04-10T15:21:15.998000,e0:e5:cf:15:17:48,0,-48
2024-04-10T15:21:16.173000,e0:e5:cf:15:17:48,0,-59
2024-04-10T15:21:16.188000,67:99:33:69:80:31,1,-57
2024-04-10T15:21:16.222000,e0:e5:cf:15:17:48,0,-54
2024-04-10T15:21:16.278000,e0:e5:cf:15:17:48,0,-53
2024-04-10T15:21:16.333000,e0:e5:cf:15:17:48,0,-48
2024-04-10T15:21:16.387000,e0:e5:cf:15:17:48,0,-47
2024-04-10T15:21:16.447000,e0:e5:cf:15:17:48,0,-48
2024-04-10T15:21:16.470000,67:99:33:69:80:31,1,-52
2024-04-10T15:21:16.503000,e0:e5:cf:15:17:48,0,-59
2024-04-10T15:21:16.562000,e0:e5:cf:15:17:48,0,-59
2024-04-10T15:21:16.612000,e0:e5:cf:15:17:48,0,-53
2024-04-10T15:21:16.667000,e0:e5:cf:15:17:48,0,-53
2024-04-10T15:21:16.723000,e0:e5:cf:15:17:48,0,-51
2024-04-10T15:21:16.760000,67:99:33:69:80:31,1,-56
2024-04-10T15:21:16.779000,e0:e5:cf:15:17:48,0,-50
2024-04-10T15:21:16.889000,e0:e5:cf:15:17:48,0,-59
2024-04-10T15:21:16.948000,e0:e5:cf:15:17:48,0,-58
2024-04-10T15:21:17.007000,e0:e5:cf:15:17:48,0,-60
2024-04-10T15:21:17.060000,e0:e5:cf:15:17:48,0,-53
2024-04-10T15:21:17.114000,e0:e5:cf:15:17:48,0,-49
2024-04-10T15:21:17.218000,e0:e5:cf:15:17:48,0,-59
2024-04-10T15:21:17.268000,e0:e5:cf:15:17:48,0,-53
2024-04-10T15:21:17.328000,e0:e5:cf:15:17:48,0,-53
2024-04-10T15:21:17.346000,67:99:33:69:80:31,1,-54
2024-04-10T15:21:17.388000,e0:e5:cf:15:17:48,0,-53
2024-04-10T15:21:17.440000,e0:e5:cf:15:17:48,0,-51
2024-04-10T15:21:17.498000,e0:e5:cf:15:17:48,0,-50
2024-04-10T15:21:17.552000,e0:e5:cf:15:17:48,0,-59
2024-04-10T15:21:17.603000,e0:e5:cf:15:17:48,0,-53
2024-04-10T15:21:17.623000,67:99:33:69:80:31,1,-58
2024-04-10T15:21:17.658000,e0:e5:cf:15:17:48,0,-54
2024-04-10T15:21:17.713000,e0:e5:cf:15:17:48,0,-51
2024-04-10T15:21:17.821000,e0:e5:cf:15:17:48,0,-60
2024-04-10T15:21:17.873000,e0:e5:cf:15:17:48,0,-53
2024-04-10T15:21:17.909000,67:99:33:69:80:31,1,-55
2024-04-10T15:21:17.922000,e0:e5:cf:15:17:48,0,-51
2024-04-10T15:21:17.977000,e0:e5:cf:15:17:48,0,-48
2024-04-10T15:21:18.033000,e0:e5:cf:15:17:48,0,-59
2024-04-10T15:21:18.083000,e0:e5:cf:15:17:48,0,-53
2024-04-10T15:21:18.140000,e0:e5:cf:15:17:48,0,-53
2024-04-10T15:21:18.197000,e0:e5:cf:15:17:48,0,-53
2024-04-10T15:21:18.213000,67:99:33:69:80:31,1,-56
2024-04-10T15:21:18.252000,e0:e5:cf:15:17:48,0,-50
2024-04-10T15:21:18.360000,e0:e5:cf:15:17:48,0,-60
2024-04-10T15:21:18.413000,e0:e5:cf:15:17:48,0,-53
2024-04-10T15:21:18.468000,e0:e5:cf:15:17:48,0,-53
2024-04-10T15:21:18.485000,67:99:33:69:80:31,1,-53
2024-04-10T15:21:18.518000,e0:e5:cf:15:17:48,0,-49
2024-04-10T15:21:18.573000,e0:e5:cf:15:17:48,0,-59
2024-04-10T15:21:18.628000,e0:e5:cf:15:17:48,0,-60
2024-04-10T15:21:18.681000,e0:e5:cf:15:17:48,0,-53
2024-04-10T15:21:18.737000,e0:e5:cf:15:17:48,0,-53
2024-04-10T15:21:18.773000,67:99:33:69:80:31,1,-56
2024-04-10T15:21:18.790000,e0:e5:cf:15:17:48,0,-50
2024-04-10T15:21:18.850000,e0:e5:cf:15:17:48,0,-49
2024-04-10T15:21:18.907000,e0:e5:cf:15:17:48,0,-51
2024-04-10T15:21:19.025000,e0:e5:cf:15:17:48,0,-59
2024-04-10T15:21:19.059000,67:99:33:69:80:31,1,-58
2024-04-10T15:21:19.077000,e0:e5:cf:15:17:48,0,-60
2024-04-10T15:21:19.137000,e0:e5:cf:15:17:48,0,-59
2024-04-10T15:21:19.188000,e0:e5:cf:15:17:48,0,-53
2024-04-10T15:21:19.240000,e0:e5:cf:15:17:48,0,-51
2024-04-10T15:21:19.299000,e0:e5:cf:15:17:48,0,-51
2024-04-10T15:21:19.351000,e0:e5:cf:15:17:48,0,-59
2024-04-10T15:21:19.367000,67:99:33:69:80:31,1,-53
2024-04-10T15:21:19.407000,e0:e5:cf:15:17:48,0,-59
2024-04-10T15:21:19.458000,e0:e5:cf:15:17:48,0,-54
2024-04-10T15:21:19.518000,e0:e5:cf:15:17:48,0,-53
2024-04-10T15:21:19.577000,e0:e5:cf:15:17:48,0,-54
2024-04-10T15:21:19.627000,e0:e5:cf:15:17:48,0,-49
2024-04-10T15:21:19.642000,67:99:33:69:80:31,1,-55
2024-04-10T15:21:19.802000,e0:e5:cf:15:17:48,0,-59
2024-04-10T15:21:19.851000,e0:e5:cf:15:17:48,0,-53
2024-04-10T15:21:19.902000,e0:e5:cf:15:17:48,0,-51
2024-04-10T15:21:19.927000,67:99:33:69:80:31,1,-58
2024-04-10T15:21:19.954000,e0:e5:cf:15:17:48,0,-59
2024-04-10T15:21:20.012000,e0:e5:cf:15:17:48,0,-59
2024-04-10T15:21:20.072000,e0:e5:cf:15:17:48,0,-59
2024-04-10T15:21:20.128000,e0:e5:cf:15:17:48,0,-59
2024-04-10T15:21:20.178000,e0:e5:cf:15:17:48,0,-53
2024-04-10T15:21:20.218000,67:99:33:69:80:31,1,-55
2024-04-10T15:21:20.232000,e0:e5:cf:15:17:48,0,-48
2024-04-10T15:21:20.343000,e0:e5:cf:15:17:48,0,-59
2024-04-10T15:21:20.394000,e0:e5:cf:15:17:48,0,-53
2024-04-10T15:21:20.447000,e0:e5:cf:15:17:48,0,-53
2024-04-10T15:21:20.499000,e0:e5:cf:15:17:48,0,-50
2024-04-10T15:21:20.517000,67:99:33:69:80:31,1,-58
2024-04-10T15:21:20.610000,e0:e5:cf:15:17:48,0,-59
2024-04-10T15:21:21.083000,67:99:33:69:80:31,1,-56
2024-04-10T15:21:21.370000,67:99:33:69:80:31,1,-58
2024-04-10T15:21:21.653000,67:99:33:69:80:31,1,-56
2024-04-10T15:21:22.217000,67:99:33:69:80:31,1,-56
2024-04-10T15:21:22.502000,67:99:33:69:80:31,1,-54
2024-04-10T15:21:22.782000,67:99:33:69:80:31,1,-59
2024-04-10T15:21:23.364000,67:99:33:69:80:31,1,-56
2024-04-10T15:21:23.652000,67:99:33:69:80:31,1,-57
2024-04-10T15:21:23.937000,67:99:33:69:80:31,1,-53
2024-04-10T15:21:24.224000,67:99:33:69:80:31,1,-56
2024-04-10T15:21:24.231000,67:99:33:69:80:31,1,-64
2024-04-10T15:21:24.512000,67:99:33:69:80:31,1,-52
2024-04-10T15:21:24.800000,67:99:33:69:80:31,1,-62
2024-04-10T15:21:25.377000,67:99:33:69:80:31,1,-52
2024-04-10T15:21:25.664000,67:99:33:69:80:31,1,-57
2024-04-10T15:21:25.953000,67:99:33:69:80:31,1,-51
2024-04-10T15:21:26.234000,67:99:33:69:80:31,1,-58
2024-04-10T15:21:26.671000,e0:e5:cf:15:17:48,0,-60
2024-04-10T15:21:26.731000,e0:e5:cf:15:17:48,0,-57
2024-04-10T15:21:26.787000,e0:e5:cf:15:17:48,0,-58
2024-04-10T15:21:26.814000,67:99:33:69:80:31,1,-55
2024-04-10T15:21:26.842000,e0:e5:cf:15:17:48,0,-53
2024-04-10T15:21:26.892000,e0:e5:cf:15:17:48,0,-48
2024-04-10T15:21:26.945000,e0:e5:cf:15:17:48,0,-59
2024-04-10T15:21:27.047000,e0:e5:cf:15:17:48,0,-53
2024-04-10T15:21:27.097000,e0:e5:cf:15:17:48,0,-47
2024-04-10T15:21:27.117000,67:99:33:69:80:31,1,-60
2024-04-10T15:21:27.152000,e0:e5:cf:15:17:48,0,-57
2024-04-10T15:21:27.202000,e0:e5:cf:15:17:48,0,-53
2024-04-10T15:21:27.253000,e0:e5:cf:15:17:48,0,-50
2024-04-10T15:21:27.307000,e0:e5:cf:15:17:48,0,-48
2024-04-10T15:21:27.362000,e0:e5:cf:15:17:48,0,-56
2024-04-10T15:21:27.389000,67:99:33:69:80:31,1,-55
2024-04-10T15:21:27.524000,e0:e5:cf:15:17:48,0,-52
2024-04-10T15:21:27.577000,e0:e5:cf:15:17:48,0,-50
2024-04-10T15:21:27.630000,e0:e5:cf:15:17:48,0,-57
2024-04-10T15:21:27.670000,67:99:33:69:80:31,1,-61
2024-04-10T15:21:27.688000,e0:e5:cf:15:17:48,0,-54
2024-04-10T15:21:27.732000,e0:e5:cf:15:17:48,0,-51
2024-04-10T15:21:27.785000,e0:e5:cf:15:17:48,0,-57
2024-04-10T15:21:27.890000,e0:e5:cf:15:17:48,0,-54
2024-04-10T15:21:27.948000,e0:e5:cf:15:17:48,0,-55
2024-04-10T15:21:27.967000,67:99:33:69:80:31,1,-58
2024-04-10T15:21:27.998000,e0:e5:cf:15:17:48,0,-51
2024-04-10T15:21:28.054000,e0:e5:cf:15:17:48,0,-59
2024-04-10T15:21:28.111000,e0:e5:cf:15:17:48,0,-59
2024-04-10T15:21:28.170000,e0:e5:cf:15:17:48,0,-59
2024-04-10T15:21:28.228000,e0:e5:cf:15:17:48,0,-59
2024-04-10T15:21:28.278000,e0:e5:cf:15:17:48,0,-54
2024-04-10T15:21:28.327000,e0:e5:cf:15:17:48,0,-50
2024-04-10T15:21:28.383000,e0:e5:cf:15:17:48,0,-59
2024-04-10T15:21:28.438000,e0:e5:cf:15:17:48,0,-58
2024-04-10T15:21:28.488000,e0:e5:cf:15:17:48,0,-55
2024-04-10T15:21:28.523000,67:99:33:69:80:31,1,-58
2024-04-10T15:21:28.540000,e0:e5:cf:15:17:48,0,-51
2024-04-10T15:21:28.591000,e0:e5:cf:15:17:48,0,-59
2024-04-10T15:21:28.642000,e0:e5:cf:15:17:48,0,-54
2024-04-10T15:21:28.702000,e0:e5:cf:15:17:48,0,-54
2024-04-10T15:21:28.754000,e0:e5:cf:15:17:48,0,-52
2024-04-10T15:21:28.810000,67:99:33:69:80:31,1,-62
2024-04-10T15:21:28.857000,e0:e5:cf:15:17:48,0,-59
2024-04-10T15:21:28.917000,e0:e5:cf:15:17:48,0,-58
2024-04-10T15:21:28.977000,e0:e5:cf:15:17:48,0,-59
2024-04-10T15:21:29.037000,e0:e5:cf:15:17:48,0,-60
2024-04-10T15:21:29.095000,e0:e5:cf:15:17:48,0,-54
2024-04-10T15:21:29.104000,67:99:33:69:80:31,1,-56
2024-04-10T15:21:29.203000,e0:e5:cf:15:17:48,0,-52
2024-04-10T15:21:29.258000,e0:e5:cf:15:17:48,0,-52
2024-04-10T15:21:29.315000,e0:e5:cf:15:17:48,0,-59
2024-04-10T15:21:29.373000,e0:e5:cf:15:17:48,0,-60
2024-04-10T15:21:29.388000,67:99:33:69:80:31,1,-58
2024-04-10T15:21:29.431000,e0:e5:cf:15:17:48,0,-59
2024-04-10T15:21:29.480000,e0:e5:cf:15:17:48,0,-54
2024-04-10T15:21:29.529000,e0:e5:cf:15:17:48,0,-51
2024-04-10T15:21:29.641000,e0:e5:cf:15:17:48,0,-59
2024-04-10T15:21:29.677000,67:99:33:69:80:31,1,-62
2024-04-10T15:21:29.701000,e0:e5:cf:15:17:48,0,-59
2024-04-10T15:21:29.758000,e0:e5:cf:15:17:48,0,-58
2024-04-10T15:21:29.814000,e0:e5:cf:15:17:48,0,-54
2024-04-10T15:21:29.873000,e0:e5:cf:15:17:48,0,-54
2024-04-10T15:21:29.930000,e0:e5:cf:15:17:48,0,-54
2024-04-10T15:21:29.960000,67:99:33:69:80:31,1,-58
2024-04-10T15:21:29.981000,e0:e5:cf:15:17:48,0,-52
2024-04-10T15:21:30.034000,e0:e5:cf:15:17:48,0,-59
2024-04-10T15:21:30.093000,e0:e5:cf:15:17:48,0,-59
2024-04-10T15:21:30.153000,e0:e5:cf:15:17:48,0,-59
2024-04-10T15:21:30.204000,e0:e5:cf:15:17:48,0,-54
2024-04-10T15:21:30.248000,67:99:33:69:80:31,1,-62
2024-04-10T15:21:30.262000,e0:e5:cf:15:17:48,0,-54
2024-04-10T15:21:30.321000,e0:e5:cf:15:17:48,0,-54
2024-04-10T15:21:30.380000,e0:e5:cf:15:17:48,0,-54
2024-04-10T15:21:30.439000,e0:e5:cf:15:17:48,0,-54
2024-04-10T15:21:30.494000,e0:e5:cf:15:17:48,0,-52
2024-04-10T15:21:30.533000,67:99:33:69:80:31,1,-58
2024-04-10T15:21:30.660000,e0:e5:cf:15:17:48,0,-58
2024-04-10T15:21:30.711000,e0:e5:cf:15:17:48,0,-54
2024-04-10T15:21:30.767000,e0:e5:cf:15:17:48,0,-55
2024-04-10T15:21:30.817000,e0:e5:cf:15:17:48,0,-51
2024-04-10T15:21:30.827000,67:99:33:69:80:31,1,-62
2024-04-10T15:21:30.873000,e0:e5:cf:15:17:48,0,-59
2024-04-10T15:21:30.924000,e0:e5:cf:15:17:48,0,-54
2024-04-10T15:21:30.981000,e0:e5:cf:15:17:48,0,-54
2024-04-10T15:21:31.035000,e0:e5:cf:15:17:48,0,-52
2024-04-10T15:21:31.092000,e0:e5:cf:15:17:48,0,-52
2024-04-10T15:21:31.113000,67:99:33:69:80:31,1,-55
2024-04-10T15:21:31.150000,e0:e5:cf:15:17:48,0,-51
2024-04-10T15:21:31.263000,e0:e5:cf:15:17:48,0,-59
2024-04-10T15:21:31.312000,e0:e5:cf:15:17:48,0,-54
2024-04-10T15:21:31.367000,e0:e5:cf:15:17:48,0,-55
2024-04-10T15:21:31.398000,67:99:33:69:80:31,1,-58
2024-04-10T15:21:31.418000,e0:e5:cf:15:17:48,0,-52
2024-04-10T15:21:31.470000,e0:e5:cf:15:17:48,0,-59
2024-04-10T15:21:31.522000,e0:e5:cf:15:17:48,0,-54
2024-04-10T15:21:31.579000,e0:e5:cf:15:17:48,0,-54
2024-04-10T15:21:31.633000,e0:e5:cf:15:17:48,0,-52
2024-04-10T15:21:31.684000,67:99:33:69:80:31,1,-55
2024-04-10T15:21:31.692000,e0:e5:cf:15:17:48,0,-52
2024-04-10T15:21:31.747000,e0:e5:cf:15:17:48,0,-52
2024-04-10T15:21:31.800000,e0:e5:cf:15:17:48,0,-58
2024-04-10T15:21:31.854000,e0:e5:cf:15:17:48,0,-54
2024-04-10T15:21:31.914000,e0:e5:cf:15:17:48,0,-54
2024-04-10T15:21:31.970000,e0:e5:cf:15:17:48,0,-55
2024-04-10T15:21:31.978000,67:99:33:69:80:31,1,-58
2024-04-10T15:21:32.029000,e0:e5:cf:15:17:48,0,-55
2024-04-10T15:21:32.081000,e0:e5:cf:15:17:48,0,-52
2024-04-10T15:21:32.134000,e0:e5:cf:15:17:48,0,-59
2024-04-10T15:21:32.193000,e0:e5:cf:15:17:48,0,-59
2024-04-10T15:21:32.251000,e0:e5:cf:15:17:48,0,-59
2024-04-10T15:21:32.264000,67:99:33:69:80:31,1,-62
2024-04-10T15:21:32.304000,e0:e5:cf:15:17:48,0,-54
2024-04-10T15:21:32.364000,e0:e5:cf:15:17:48,0,-54
2024-04-10T15:21:32.415000,e0:e5:cf:15:17:48,0,-52
2024-04-10T15:21:32.470000,e0:e5:cf:15:17:48,0,-51
2024-04-10T15:21:32.521000,e0:e5:cf:15:17:48,0,-58
2024-04-10T15:21:32.554000,67:99:33:69:80:31,1,-55
2024-04-10T15:21:32.581000,e0:e5:cf:15:17:48,0,-58
2024-04-10T15:21:32.634000,e0:e5:cf:15:17:48,0,-54
2024-04-10T15:21:32.692000,e0:e5:cf:15:17:48,0,-54
2024-04-10T15:21:32.751000,e0:e5:cf:15:17:48,0,-55
2024-04-10T15:21:32.808000,e0:e5:cf:15:17:48,0,-54
2024-04-10T15:21:32.833000,67:99:33:69:80:31,1,-62
2024-04-10T15:21:32.862000,e0:e5:cf:15:17:48,0,-52
2024-04-10T15:21:32.973000,e0:e5:cf:15:17:48,0,-59
2024-04-10T15:21:33.033000,e0:e5:cf:15:17:48,0,-59
2024-04-10T15:21:33.085000,e0:e5:cf:15:17:48,0,-54
2024-04-10T15:21:33.118000,67:99:33:69:80:31,1,-55
2024-04-10T15:21:33.137000,e0:e5:cf:15:17:48,0,-54
2024-04-10T15:21:33.190000,e0:e5:cf:15:17:48,0,-52
2024-04-10T15:21:33.247000,e0:e5:cf:15:17:48,0,-52
2024-04-10T15:21:33.300000,e0:e5:cf:15:17:48,0,-57
2024-04-10T15:21:33.354000,e0:e5:cf:15:17:48,0,-54
2024-04-10T15:21:33.408000,67:99:33:69:80:31,1,-58
2024-04-10T15:21:33.464000,e0:e5:cf:15:17:48,0,-52
2024-04-10T15:21:33.518000,e0:e5:cf:15:17:48,0,-52
2024-04-10T15:21:33.574000,e0:e5:cf:15:17:48,0,-59
2024-04-10T15:21:33.628000,e0:e5:cf:15:17:48,0,-59
2024-04-10T15:21:33.679000,e0:e5:cf:15:17:48,0,-54
2024-04-10T15:21:33.729000,e0:e5:cf:15:17:48,0,-52
2024-04-10T15:21:33.781000,e0:e5:cf:15:17:48,0,-57
2024-04-10T15:21:33.834000,e0:e5:cf:15:17:48,0,-54
2024-04-10T15:21:33.988000,67:99:33:69:80:31,1,-55
2024-04-10T15:21:33.994000,e0:e5:cf:15:17:48,0,-59
2024-04-10T15:21:34.044000,e0:e5:cf:15:17:48,0,-54
2024-04-10T15:21:34.103000,e0:e5:cf:15:17:48,0,-54
2024-04-10T15:21:34.159000,e0:e5:cf:15:17:48,0,-54
2024-04-10T15:21:34.273000,67:99:33:69:80:31,1,-63
2024-04-10T15:21:34.277000,e0:e5:cf:15:17:48,0,-53
2024-04-10T15:21:34.384000,e0:e5:cf:15:17:48,0,-58
2024-04-10T15:21:34.443000,e0:e5:cf:15:17:48,0,-58
2024-04-10T15:21:34.501000,e0:e5:cf:15:17:48,0,-58
2024-04-10T15:21:34.561000,e0:e5:cf:15:17:48,0,-58
2024-04-10T15:21:34.570000,67:99:33:69:80:31,1,-55
2024-04-10T15:21:34.611000,e0:e5:cf:15:17:48,0,-55
2024-04-10T15:21:34.669000,e0:e5:cf:15:17:48,0,-54
2024-04-10T15:21:34.721000,e0:e5:cf:15:17:48,0,-51
2024-04-10T15:21:34.780000,e0:e5:cf:15:17:48,0,-52
2024-04-10T15:21:34.835000,e0:e5:cf:15:17:48,0,-58
2024-04-10T15:21:34.854000,67:99:33:69:80:31,1,-58
2024-04-10T15:21:34.892000,e0:e5:cf:15:17:48,0,-58
2024-04-10T15:21:34.944000,e0:e5:cf:15:17:48,0,-54
2024-04-10T15:21:34.995000,e0:e5:cf:15:17:48,0,-52
2024-04-10T15:21:35.053000,e0:e5:cf:15:17:48,0,-52
2024-04-10T15:21:35.110000,e0:e5:cf:15:17:48,0,-51
2024-04-10T15:21:35.136000,67:99:33:69:80:31,1,-63
2024-04-10T15:21:35.165000,e0:e5:cf:15:17:48,0,-58
2024-04-10T15:21:35.224000,e0:e5:cf:15:17:48,0,-58
2024-04-10T15:21:35.278000,e0:e5:cf:15:17:48,0,-58
2024-04-10T15:21:35.338000,e0:e5:cf:15:17:48,0,-58
2024-04-10T15:21:35.390000,e0:e5:cf:15:17:48,0,-54
2024-04-10T15:21:35.425000,67:99:33:69:80:31,1,-58
2024-04-10T15:21:35.429000,67:99:33:69:80:31,1,-55
2024-04-10T15:21:35.448000,e0:e5:cf:15:17:48,0,-54
2024-04-10T15:21:35.500000,e0:e5:cf:15:17:48,0,-52
2024-04-10T15:21:35.557000,e0:e5:cf:15:17:48,0,-52
2024-04-10T15:21:35.613000,e0:e5:cf:15:17:48,0,-58
2024-04-10T15:21:35.673000,e0:e5:cf:15:17:48,0,-59
2024-04-10T15:21:35.709000,67:99:33:69:80:31,1,-62
2024-04-10T15:21:35.724000,e0:e5:cf:15:17:48,0,-54
2024-04-10T15:21:35.780000,e0:e5:cf:15:17:48,0,-53
2024-04-10T15:21:35.893000,e0:e5:cf:15:17:48,0,-51
2024-04-10T15:21:35.948000,e0:e5:cf:15:17:48,0,-52
2024-04-10T15:21:35.999000,67:99:33:69:80:31,1,-55
2024-04-10T15:21:36.064000,e0:e5:cf:15:17:48,0,-58
2024-04-10T15:21:36.114000,e0:e5:cf:15:17:48,0,-54
2024-04-10T15:21:36.171000,e0:e5:cf:15:17:48,0,-55
2024-04-10T15:21:36.222000,e0:e5:cf:15:17:48,0,-51
2024-04-10T15:21:36.274000,e0:e5:cf:15:17:48,0,-58
2024-04-10T15:21:36.283000,67:99:33:69:80:31,1,-63
2024-04-10T15:21:36.330000,e0:e5:cf:15:17:48,0,-59
2024-04-10T15:21:36.390000,e0:e5:cf:15:17:48,0,-58
2024-04-10T15:21:36.443000,e0:e5:cf:15:17:48,0,-54
2024-04-10T15:21:36.497000,e0:e5:cf:15:17:48,0,-54
2024-04-10T15:21:36.553000,e0:e5:cf:15:17:48,0,-51
2024-04-10T15:21:36.565000,67:99:33:69:80:31,1,-58
2024-04-10T15:21:36.569000,67:99:33:69:80:31,1,-55
2024-04-10T15:21:36.605000,e0:e5:cf:15:17:48,0,-58
2024-04-10T15:21:36.660000,e0:e5:cf:15:17:48,0,-59
2024-04-10T15:21:36.720000,e0:e5:cf:15:17:48,0,-58
2024-04-10T15:21:36.771000,e0:e5:cf:15:17:48,0,-54
2024-04-10T15:21:36.821000,e0:e5:cf:15:17:48,0,-52
2024-04-10T15:21:36.850000,67:99:33:69:80:31,1,-63
2024-04-10T15:21:36.931000,e0:e5:cf:15:17:48,0,-59
2024-04-10T15:21:36.983000,e0:e5:cf:15:17:48,0,-54
2024-04-10T15:21:37.043000,e0:e5:cf:15:17:48,0,-54
2024-04-10T15:21:37.099000,e0:e5:cf:15:17:48,0,-54
2024-04-10T15:21:37.141000,67:99:33:69:80:31,1,-55
2024-04-10T15:21:37.151000,e0:e5:cf:15:17:48,0,-52
2024-04-10T15:21:37.211000,e0:e5:cf:15:17:48,0,-52
2024-04-10T15:21:37.265000,e0:e5:cf:15:17:48,0,-58
2024-04-10T15:21:37.319000,e0:e5:cf:15:17:48,0,-59
2024-04-10T15:21:37.368000,e0:e5:cf:15:17:48,0,-54
2024-04-10T15:21:37.424000,67:99:33:69:80:31,1,-61
2024-04-10T15:21:37.480000,e0:e5:cf:15:17:48,0,-52
2024-04-10T15:21:37.531000,e0:e5:cf:15:17:48,0,-59
2024-04-10T15:21:37.585000,e0:e5:cf:15:17:48,0,-54
2024-04-10T15:21:37.640000,e0:e5:cf:15:17:48,0,-54
2024-04-10T15:21:37.700000,e0:e5:cf:15:17:48,0,-54
2024-04-10T15:21:37.714000,67:99:33:69:80:31,1,-56
2024-04-10T15:21:37.757000,e0:e5:cf:15:17:48,0,-54
2024-04-10T15:21:37.807000,e0:e5:cf:15:17:48,0,-52
2024-04-10T15:21:37.860000,e0:e5:cf:15:17:48,0,-59
2024-04-10T15:21:37.919000,e0:e5:cf:15:17:48,0,-59
2024-04-10T15:21:37.974000,e0:e5:cf:15:17:48,0,-55
2024-04-10T15:21:38.000000,67:99:33:69:80:31,1,-58
2024-04-10T15:21:38.030000,e0:e5:cf:15:17:48,0,-54
2024-04-10T15:21:38.145000,e0:e5:cf:15:17:48,0,-52
2024-04-10T15:21:38.199000,e0:e5:cf:15:17:48,0,-53
2024-04-10T15:21:38.283000,67:99:33:69:80:31,1,-55
2024-04-10T15:21:38.372000,e0:e5:cf:15:17:48,0,-60
2024-04-10T15:21:38.421000,e0:e5:cf:15:17:48,0,-54
2024-04-10T15:21:38.479000,e0:e5:cf:15:17:48,0,-54
2024-04-10T15:21:38.532000,e0:e5:cf:15:17:48,0,-52
2024-04-10T15:21:38.569000,67:99:33:69:80:31,1,-58
2024-04-10T15:21:38.590000,e0:e5:cf:15:17:48,0,-52
2024-04-10T15:21:38.648000,e0:e5:cf:15:17:48,0,-53
2024-04-10T15:21:38.703000,e0:e5:cf:15:17:48,0,-59
2024-04-10T15:21:38.757000,e0:e5:cf:15:17:48,0,-59
2024-04-10T15:21:38.814000,e0:e5:cf:15:17:48,0,-55
2024-04-10T15:21:38.855000,67:99:33:69:80:31,1,-55
2024-04-10T15:21:38.865000,e0:e5:cf:15:17:48,0,-51
2024-04-10T15:21:38.971000,e0:e5:cf:15:17:48,0,-59
2024-04-10T15:21:39.024000,e0:e5:cf:15:17:48,0,-54
2024-04-10T15:21:39.081000,e0:e5:cf:15:17:48,0,-54
2024-04-10T15:21:39.137000,e0:e5:cf:15:17:48,0,-55
2024-04-10T15:21:39.170000,67:99:33:69:80:31,1,-57
2024-04-10T15:21:39.193000,e0:e5:cf:15:17:48,0,-52
2024-04-10T15:21:39.250000,e0:e5:cf:15:17:48,0,-53
2024-04-10T15:21:39.359000,e0:e5:cf:15:17:48,0,-61
2024-04-10T15:21:39.414000,e0:e5:cf:15:17:48,0,-55
2024-04-10T15:21:39.474000,e0:e5:cf:15:17:48,0,-55
2024-04-10T15:21:39.581000,e0:e5:cf:15:17:48,0,-53
2024-04-10T15:21:39.639000,e0:e5:cf:15:17:48,0,-52
2024-04-10T15:21:39.690000,e0:e5:cf:15:17:48,0,-60
2024-04-10T15:21:39.714000,67:99:33:69:80:31,1,-57
2024-04-10T15:21:39.744000,e0:e5:cf:15:17:48,0,-54
2024-04-10T15:21:39.799000,e0:e5:cf:15:17:48,0,-54
2024-04-10T15:21:39.857000,e0:e5:cf:15:17:48,0,-55
2024-04-10T15:21:39.912000,e0:e5:cf:15:17:48,0,-53
2024-04-10T15:21:39.969000,e0:e5:cf:15:17:48,0,-52
2024-04-10T15:21:40.003000,67:99:33:69:80:31,1,-61
2024-04-10T15:21:40.140000,e0:e5:cf:15:17:48,0,-60
2024-04-10T15:21:40.197000,e0:e5:cf:15:17:48,0,-59
2024-04-10T15:21:40.254000,e0:e5:cf:15:17:48,0,-54
2024-04-10T15:21:40.294000,67:99:33:69:80:31,1,-56
2024-04-10T15:21:40.310000,e0:e5:cf:15:17:48,0,-54
2024-04-10T15:21:40.369000,e0:e5:cf:15:17:48,0,-54
2024-04-10T15:21:40.427000,e0:e5:cf:15:17:48,0,-54
2024-04-10T15:21:40.485000,e0:e5:cf:15:17:48,0,-51
2024-04-10T15:21:40.580000,67:99:33:69:80:31,1,-58
2024-04-10T15:21:40.591000,e0:e5:cf:15:17:48,0,-59
2024-04-10T15:21:40.650000,e0:e5:cf:15:17:48,0,-59
2024-04-10T15:21:40.708000,e0:e5:cf:15:17:48,0,-60
2024-04-10T15:21:40.762000,e0:e5:cf:15:17:48,0,-54
2024-04-10T15:21:40.811000,e0:e5:cf:15:17:48,0,-52
2024-04-10T15:21:40.919000,e0:e5:cf:15:17:48,0,-63
2024-04-10T15:21:40.974000,e0:e5:cf:15:17:48,0,-54
2024-04-10T15:21:41.025000,e0:e5:cf:15:17:48,0,-52
2024-04-10T15:21:41.080000,e0:e5:cf:15:17:48,0,-52
2024-04-10T15:21:41.140000,e0:e5:cf:15:17:48,0,-52
2024-04-10T15:21:41.158000,67:99:33:69:80:31,1,-58
2024-04-10T15:21:41.250000,e0:e5:cf:15:17:48,0,-63
2024-04-10T15:21:41.305000,e0:e5:cf:15:17:48,0,-53
2024-04-10T15:21:41.355000,e0:e5:cf:15:17:48,0,-52
2024-04-10T15:21:41.410000,e0:e5:cf:15:17:48,0,-51
2024-04-10T15:21:41.434000,67:99:33:69:80:31,1,-55
2024-04-10T15:21:41.469000,e0:e5:cf:15:17:48,0,-51
2024-04-10T15:21:41.528000,e0:e5:cf:15:17:48,0,-51
2024-04-10T15:21:41.699000,e0:e5:cf:15:17:48,0,-60
2024-04-10T15:21:41.720000,67:99:33:69:80:31,1,-59
2024-04-10T15:21:41.755000,e0:e5:cf:15:17:48,0,-54
2024-04-10T15:21:41.814000,e0:e5:cf:15:17:48,0,-54
2024-04-10T15:21:41.870000,e0:e5:cf:15:17:48,0,-54
2024-04-10T15:21:41.925000,e0:e5:cf:15:17:48,0,-52
2024-04-10T15:21:41.979000,e0:e5:cf:15:17:48,0,-51
2024-04-10T15:21:42.008000,67:99:33:69:80:31,1,-59
2024-04-10T15:21:42.033000,e0:e5:cf:15:17:48,0,-60
2024-04-10T15:21:42.091000,e0:e5:cf:15:17:48,0,-59
2024-04-10T15:21:42.149000,e0:e5:cf:15:17:48,0,-58
2024-04-10T15:21:42.199000,e0:e5:cf:15:17:48,0,-54
2024-04-10T15:21:42.250000,e0:e5:cf:15:17:48,0,-51
2024-04-10T15:21:42.295000,67:99:33:69:80:31,1,-59
2024-04-10T15:21:42.305000,e0:e5:cf:15:17:48,0,-58
2024-04-10T15:21:42.365000,e0:e5:cf:15:17:48,0,-58
2024-04-10T15:21:42.419000,e0:e5:cf:15:17:48,0,-59
2024-04-10T15:21:42.475000,e0:e5:cf:15:17:48,0,-54
2024-04-10T15:21:42.525000,e0:e5:cf:15:17:48,0,-51
2024-04-10T15:21:42.580000,67:99:33:69:80:31,1,-61
2024-04-10T15:21:42.584000,e0:e5:cf:15:17:48,0,-52
2024-04-10T15:21:42.644000,e0:e5:cf:15:17:48,0,-51
2024-04-10T15:21:42.703000,e0:e5:cf:15:17:48,0,-52
2024-04-10T15:21:42.755000,e0:e5:cf:15:17:48,0,-60
2024-04-10T15:21:42.814000,e0:e5:cf:15:17:48,0,-59
2024-04-10T15:21:42.863000,e0:e5:cf:15:17:48,0,-53
2024-04-10T15:21:42.872000,67:99:33:69:80:31,1,-57
2024-04-10T15:21:42.974000,e0:e5:cf:15:17:48,0,-51
2024-04-10T15:21:43.027000,e0:e5:cf:15:17:48,0,-51
2024-04-10T15:21:43.080000,e0:e5:cf:15:17:48,0,-61
2024-04-10T15:21:43.132000,e0:e5:cf:15:17:48,0,-53
2024-04-10T15:21:43.189000,e0:e5:cf:15:17:48,0,-54
2024-04-10T15:21:43.242000,e0:e5:cf:15:17:48,0,-52
2024-04-10T15:21:43.299000,e0:e5:cf:15:17:48,0,-51
2024-04-10T15:21:43.354000,e0:e5:cf:15:17:48,0,-59
2024-04-10T15:21:43.411000,e0:e5:cf:15:17:48,0,-58
2024-04-10T15:21:43.431000,67:99:33:69:80:31,1,-58
2024-04-10T15:21:43.464000,e0:e5:cf:15:17:48,0,-53
2024-04-10T15:21:43.515000,e0:e5:cf:15:17:48,0,-53
2024-04-10T15:21:43.575000,e0:e5:cf:15:17:48,0,-52
2024-04-10T15:21:43.634000,e0:e5:cf:15:17:48,0,-52
2024-04-10T15:21:43.690000,e0:e5:cf:15:17:48,0,-51
2024-04-10T15:21:43.745000,e0:e5:cf:15:17:48,0,-60
2024-04-10T15:21:43.800000,e0:e5:cf:15:17:48,0,-61
2024-04-10T15:21:43.849000,e0:e5:cf:15:17:48,0,-53
2024-04-10T15:21:43.900000,e0:e5:cf:15:17:48,0,-50
2024-04-10T15:21:43.954000,e0:e5:cf:15:17:48,0,-59
2024-04-10T15:21:44.003000,67:99:33:69:80:31,1,-59
2024-04-10T15:21:44.011000,e0:e5:cf:15:17:48,0,-59
2024-04-10T15:21:44.064000,e0:e5:cf:15:17:48,0,-53
2024-04-10T15:21:44.124000,e0:e5:cf:15:17:48,0,-53
2024-04-10T15:21:44.174000,e0:e5:cf:15:17:48,0,-51
2024-04-10T15:21:44.229000,e0:e5:cf:15:17:48,0,-48
2024-04-10T15:21:44.283000,e0:e5:cf:15:17:48,0,-60
2024-04-10T15:21:44.335000,e0:e5:cf:15:17:48,0,-53
2024-04-10T15:21:44.385000,e0:e5:cf:15:17:48,0,-51
2024-04-10T15:21:44.442000,e0:e5:cf:15:17:48,0,-49
2024-04-10T15:21:44.502000,e0:e5:cf:15:17:48,0,-51
2024-04-10T15:21:44.561000,e0:e5:cf:15:17:48,0,-48
2024-04-10T15:21:44.577000,67:99:33:69:80:31,1,-61
2024-04-10T15:21:44.613000,e0:e5:cf:15:17:48,0,-59
2024-04-10T15:21:44.662000,e0:e5:cf:15:17:48,0,-54
2024-04-10T15:21:44.723000,e0:e5:cf:15:17:48,0,-54
2024-04-10T15:21:44.772000,e0:e5:cf:15:17:48,0,-49
2024-04-10T15:21:44.828000,e0:e5:cf:15:17:48,0,-51
2024-04-10T15:21:44.853000,67:99:33:69:80:31,1,-54
2024-04-10T15:21:44.884000,e0:e5:cf:15:17:48,0,-60
2024-04-10T15:21:44.940000,e0:e5:cf:15:17:48,0,-60
2024-04-10T15:21:44.999000,e0:e5:cf:15:17:48,0,-60
2024-04-10T15:21:45.054000,e0:e5:cf:15:17:48,0,-54
2024-04-10T15:21:45.143000,67:99:33:69:80:31,1,-59
2024-04-10T15:21:45.220000,e0:e5:cf:15:17:48,0,-49
2024-04-10T15:21:45.279000,e0:e5:cf:15:17:48,0,-50
2024-04-10T15:21:45.331000,e0:e5:cf:15:17:48,0,-58
2024-04-10T15:21:45.380000,e0:e5:cf:15:17:48,0,-54
2024-04-10T15:21:45.428000,67:99:33:69:80:31,1,-62
2024-04-10T15:21:45.440000,e0:e5:cf:15:17:48,0,-54
2024-04-10T15:21:45.490000,e0:e5:cf:15:17:48,0,-48
2024-04-10T15:21:45.544000,e0:e5:cf:15:17:48,0,-59
2024-04-10T15:21:45.603000,e0:e5:cf:15:17:48,0,-61
2024-04-10T15:21:45.659000,e0:e5:cf:15:17:48,0,-60
2024-04-10T15:21:45.716000,e0:e5:cf:15:17:48,0,-52
2024-04-10T15:21:45.775000,e0:e5:cf:15:17:48,0,-53
2024-04-10T15:21:45.831000,e0:e5:cf:15:17:48,0,-53
2024-04-10T15:21:45.888000,e0:e5:cf:15:17:48,0,-53
2024-04-10T15:21:45.941000,e0:e5:cf:15:17:48,0,-48
2024-04-10T15:21:45.994000,e0:e5:cf:15:17:48,0,-58
2024-04-10T15:21:46.011000,67:99:33:69:80:31,1,-61
2024-04-10T15:21:46.054000,e0:e5:cf:15:17:48,0,-58
2024-04-10T15:21:46.108000,e0:e5:cf:15:17:48,0,-58
2024-04-10T15:21:46.161000,e0:e5:cf:15:17:48,0,-54
2024-04-10T15:21:46.212000,e0:e5:cf:15:17:48,0,-51
2024-04-10T15:21:46.270000,e0:e5:cf:15:17:48,0,-51
2024-04-10T15:21:46.292000,67:99:33:69:80:31,1,-55
2024-04-10T15:21:46.329000,e0:e5:cf:15:17:48,0,-52
2024-04-10T15:21:46.388000,e0:e5:cf:15:17:48,0,-52
2024-04-10T15:21:46.445000,e0:e5:cf:15:17:48,0,-59
2024-04-10T15:21:46.504000,e0:e5:cf:15:17:48,0,-59
2024-04-10T15:21:46.563000,e0:e5:cf:15:17:48,0,-60
2024-04-10T15:21:46.580000,67:99:33:69:80:31,1,-61
2024-04-10T15:21:46.619000,e0:e5:cf:15:17:48,0,-59
2024-04-10T15:21:46.670000,e0:e5:cf:15:17:48,0,-53
2024-04-10T15:21:46.724000,e0:e5:cf:15:17:48,0,-51
2024-04-10T15:21:46.833000,e0:e5:cf:15:17:48,0,-58
2024-04-10T15:21:46.863000,67:99:33:69:80:31,1,-53
2024-04-10T15:21:46.885000,e0:e5:cf:15:17:48,0,-53
2024-04-10T15:21:46.940000,e0:e5:cf:15:17:48,0,-53
2024-04-10T15:21:46.999000,e0:e5:cf:15:17:48,0,-54
2024-04-10T15:21:47.049000,e0:e5:cf:15:17:48,0,-52
2024-04-10T15:21:47.101000,e0:e5:cf:15:17:48,0,-60
2024-04-10T15:21:47.150000,e0:e5:cf:15:17:48,0,-53
2024-04-10T15:21:47.202000,e0:e5:cf:15:17:48,0,-51
2024-04-10T15:21:47.315000,e0:e5:cf:15:17:48,0,-60
2024-04-10T15:21:47.365000,e0:e5:cf:15:17:48,0,-53
2024-04-10T15:21:47.415000,e0:e5:cf:15:17:48,0,-52
2024-04-10T15:21:47.474000,e0:e5:cf:15:17:48,0,-49
2024-04-10T15:21:47.529000,e0:e5:cf:15:17:48,0,-52
2024-04-10T15:21:47.641000,e0:e5:cf:15:17:48,0,-59
2024-04-10T15:21:47.701000,e0:e5:cf:15:17:48,0,-59
2024-04-10T15:21:47.729000,67:99:33:69:80:31,1,-54
2024-04-10T15:21:47.758000,e0:e5:cf:15:17:48,0,-59
2024-04-10T15:21:47.810000,e0:e5:cf:15:17:48,0,-53
2024-04-10T15:21:47.870000,e0:e5:cf:15:17:48,0,-53
2024-04-10T15:21:47.920000,e0:e5:cf:15:17:48,0,-52
2024-04-10T15:21:47.971000,e0:e5:cf:15:17:48,0,-60
2024-04-10T15:21:48.018000,67:99:33:69:80:31,1,-57
2024-04-10T15:21:48.031000,e0:e5:cf:15:17:48,0,-59
2024-04-10T15:21:48.084000,e0:e5:cf:15:17:48,0,-54
2024-04-10T15:21:48.144000,e0:e5:cf:15:17:48,0,-54
2024-04-10T15:21:48.201000,e0:e5:cf:15:17:48,0,-53
2024-04-10T15:21:48.255000,e0:e5:cf:15:17:48,0,-51
2024-04-10T15:21:48.302000,67:99:33:69:80:31,1,-53
2024-04-10T15:21:48.307000,e0:e5:cf:15:17:48,0,-52
2024-04-10T15:21:48.421000,e0:e5:cf:15:17:48,0,-59
2024-04-10T15:21:48.473000,e0:e5:cf:15:17:48,0,-53
2024-04-10T15:21:48.531000,e0:e5:cf:15:17:48,0,-53
2024-04-10T15:21:48.583000,e0:e5:cf:15:17:48,0,-51
2024-04-10T15:21:48.593000,67:99:33:69:80:31,1,-57
2024-04-10T15:21:48.640000,e0:e5:cf:15:17:48,0,-52
2024-04-10T15:21:48.700000,e0:e5:cf:15:17:48,0,-53
2024-04-10T15:21:48.753000,e0:e5:cf:15:17:48,0,-58
2024-04-10T15:21:48.804000,e0:e5:cf:15:17:48,0,-54
2024-04-10T15:21:48.853000,e0:e5:cf:15:17:48,0,-52
2024-04-10T15:21:48.880000,67:99:33:69:80:31,1,-62
2024-04-10T15:21:48.906000,e0:e5:cf:15:17:48,0,-61
2024-04-10T15:21:48.963000,e0:e5:cf:15:17:48,0,-60
2024-04-10T15:21:49.023000,e0:e5:cf:15:17:48,0,-60
2024-04-10T15:21:49.078000,e0:e5:cf:15:17:48,0,-59
2024-04-10T15:21:49.129000,e0:e5:cf:15:17:48,0,-54
2024-04-10T15:21:49.170000,67:99:33:69:80:31,1,-53
2024-04-10T15:21:49.185000,e0:e5:cf:15:17:48,0,-51
2024-04-10T15:21:49.240000,e0:e5:cf:15:17:48,0,-52
2024-04-10T15:21:49.300000,e0:e5:cf:15:17:48,0,-52
2024-04-10T15:21:49.413000,e0:e5:cf:15:17:48,0,-59
2024-04-10T15:21:49.458000,67:99:33:69:80:31,1,-58
2024-04-10T15:21:49.471000,e0:e5:cf:15:17:48,0,-59
2024-04-10T15:21:49.526000,e0:e5:cf:15:17:48,0,-55
2024-04-10T15:21:49.584000,e0:e5:cf:15:17:48,0,-55
2024-04-10T15:21:49.634000,e0:e5:cf:15:17:48,0,-52
2024-04-10T15:21:49.692000,e0:e5:cf:15:17:48,0,-51
2024-04-10T15:21:49.744000,e0:e5:cf:15:17:48,0,-60
2024-04-10T15:21:49.796000,e0:e5:cf:15:17:48,0,-54
2024-04-10T15:21:49.849000,e0:e5:cf:15:17:48,0,-54
2024-04-10T15:21:49.903000,e0:e5:cf:15:17:48,0,-52
2024-04-10T15:21:49.963000,e0:e5:cf:15:17:48,0,-51
2024-04-10T15:21:50.030000,67:99:33:69:80:31,1,-58
2024-04-10T15:21:50.074000,e0:e5:cf:15:17:48,0,-58
2024-04-10T15:21:50.131000,e0:e5:cf:15:17:48,0,-60
2024-04-10T15:21:50.185000,e0:e5:cf:15:17:48,0,-54
2024-04-10T15:21:50.238000,e0:e5:cf:15:17:48,0,-53
2024-04-10T15:21:50.289000,e0:e5:cf:15:17:48,0,-48
2024-04-10T15:21:50.320000,67:99:33:69:80:31,1,-60
2024-04-10T15:21:50.343000,e0:e5:cf:15:17:48,0,-60
2024-04-10T15:21:50.400000,e0:e5:cf:15:17:48,0,-58
2024-04-10T15:21:50.453000,e0:e5:cf:15:17:48,0,-53
2024-04-10T15:21:50.510000,e0:e5:cf:15:17:48,0,-53
2024-04-10T15:21:50.569000,e0:e5:cf:15:17:48,0,-54
2024-04-10T15:21:50.602000,67:99:33:69:80:31,1,-57
2024-04-10T15:21:50.624000,e0:e5:cf:15:17:48,0,-48
2024-04-10T15:21:50.681000,e0:e5:cf:15:17:48,0,-51
2024-04-10T15:21:50.735000,e0:e5:cf:15:17:48,0,-59
2024-04-10T15:21:50.795000,e0:e5:cf:15:17:48,0,-59
2024-04-10T15:21:50.848000,e0:e5:cf:15:17:48,0,-59
2024-04-10T15:21:50.898000,e0:e5:cf:15:17:48,0,-54
2024-04-10T15:21:50.951000,e0:e5:cf:15:17:48,0,-51
2024-04-10T15:21:51.065000,e0:e5:cf:15:17:48,0,-61
2024-04-10T15:21:51.119000,e0:e5:cf:15:17:48,0,-60
2024-04-10T15:21:51.170000,e0:e5:cf:15:17:48,0,-54
2024-04-10T15:21:51.179000,67:99:33:69:80:31,1,-54
2024-04-10T15:21:51.220000,e0:e5:cf:15:17:48,0,-51
2024-04-10T15:21:51.381000,e0:e5:cf:15:17:48,0,-53
2024-04-10T15:21:51.432000,e0:e5:cf:15:17:48,0,-51
2024-04-10T15:21:51.463000,67:99:33:69:80:31,1,-59
2024-04-10T15:21:51.483000,e0:e5:cf:15:17:48,0,-60
2024-04-10T15:21:51.539000,e0:e5:cf:15:17:48,0,-58
2024-04-10T15:21:51.596000,e0:e5:cf:15:17:48,0,-54
2024-04-10T15:21:51.651000,e0:e5:cf:15:17:48,0,-53
2024-04-10T15:21:51.702000,e0:e5:cf:15:17:48,0,-51
2024-04-10T15:21:51.811000,e0:e5:cf:15:17:48,0,-59
2024-04-10T15:21:51.863000,e0:e5:cf:15:17:48,0,-54
2024-04-10T15:21:51.923000,e0:e5:cf:15:17:48,0,-53
2024-04-10T15:21:51.972000,e0:e5:cf:15:17:48,0,-51
2024-04-10T15:21:52.031000,e0:e5:cf:15:17:48,0,-51
2024-04-10T15:21:52.045000,67:99:33:69:80:31,1,-58
2024-04-10T15:21:52.088000,e0:e5:cf:15:17:48,0,-48
2024-04-10T15:21:52.139000,e0:e5:cf:15:17:48,0,-59
2024-04-10T15:21:52.190000,e0:e5:cf:15:17:48,0,-54
2024-04-10T15:21:52.299000,e0:e5:cf:15:17:48,0,-51
2024-04-10T15:21:52.469000,e0:e5:cf:15:17:48,0,-59
2024-04-10T15:21:52.529000,e0:e5:cf:15:17:48,0,-60
2024-04-10T15:21:52.588000,e0:e5:cf:15:17:48,0,-60
2024-04-10T15:21:52.608000,67:99:33:69:80:31,1,-57
2024-04-10T15:21:52.638000,e0:e5:cf:15:17:48,0,-54
2024-04-10T15:21:52.688000,e0:e5:cf:15:17:48,0,-48
2024-04-10T15:21:52.796000,e0:e5:cf:15:17:48,0,-53
2024-04-10T15:21:52.854000,e0:e5:cf:15:17:48,0,-53
2024-04-10T15:21:52.964000,e0:e5:cf:15:17:48,0,-51
2024-04-10T15:21:53.074000,e0:e5:cf:15:17:48,0,-59
2024-04-10T15:21:53.133000,e0:e5:cf:15:17:48,0,-59
2024-04-10T15:21:53.188000,67:99:33:69:80:31,1,-53
2024-04-10T15:21:53.296000,e0:e5:cf:15:17:48,0,-51
2024-04-10T15:21:53.348000,e0:e5:cf:15:17:48,0,-48
2024-04-10T15:21:53.402000,e0:e5:cf:15:17:48,0,-59
2024-04-10T15:21:53.454000,e0:e5:cf:15:17:48,0,-54
2024-04-10T15:21:53.470000,67:99:33:69:80:31,1,-59
2024-04-10T15:21:53.503000,e0:e5:cf:15:17:48,0,-51
2024-04-10T15:21:53.563000,e0:e5:cf:15:17:48,0,-52
2024-04-10T15:21:53.614000,e0:e5:cf:15:17:48,0,-59
2024-04-10T15:21:50.624000,e0:e5:cf:15:17:48,0,-48
